source,scraped_at,source_url,premises_name,street_address,suburb,state,postcode,full_address,registered_until,registration_status,premises_conditions,licensee_name,licensed_until,licensee_status,licensee_conditions
vpa_public_register,2026-07-29T13:34:38.613Z,https://pharmacy.vic.gov.au/register-search/,Amcal Melbourne,"Ground Floor Retail, 92 - 94 Elizabeth Street",Melbourne,VIC,3000,"Ground Floor Retail, 92 - 94 Elizabeth Street, Melbourne VIC 3000",30/06/2027,Active,Standard registration conditions,Pharmacy O2471 Pty Ltd,30/06/2027,Active,Standard licence condition
vpa_public_register,2026-07-29T13:34:38.613Z,https://pharmacy.vic.gov.au/register-search/,Chemist Warehouse Elizabeth Street Victoria Market,"Ground Floor, 568 - 574 Elizabeth Street",MELBOURNE,VIC,3000,"Ground Floor, 568 - 574 Elizabeth Street, MELBOURNE VIC 3000",30/06/2027,Active,Standard registration conditions,Anthony Bassaly,30/06/2027,Active,Standard licence condition
vpa_public_register,2026-07-29T13:34:38.613Z,https://pharmacy.vic.gov.au/register-search/,Chemist Warehouse Elizabeth Street Victoria Market,"Ground Floor, 568 - 574 Elizabeth Street",MELBOURNE,VIC,3000,"Ground Floor, 568 - 574 Elizabeth Street, MELBOURNE VIC 3000",30/06/2027,Active,Standard registration conditions,Shirley Tsui,30/06/2027,Active,Standard licence condition
vpa_public_register,2026-07-29T13:34:38.613Z,https://pharmacy.vic.gov.au/register-search/,Chemist Warehouse Elizabeth Street Victoria Market,"Ground Floor, 568 - 574 Elizabeth Street",MELBOURNE,VIC,3000,"Ground Floor, 568 - 574 Elizabeth Street, MELBOURNE VIC 3000",30/06/2027,Active,Standard registration conditions,Thi Nguyen,30/06/2027,Active,Standard licence condition
vpa_public_register,2026-07-29T13:34:38.613Z,https://pharmacy.vic.gov.au/register-search/,Chemist Warehouse Manchester Unity Building Melbourne,"Lot 100, Lower Ground Floor, Manchester Unity Building",MELBOURNE,VIC,3000,"Lot 100, Lower Ground Floor, Manchester Unity Building, MELBOURNE VIC 3000",30/06/2027,Active,Standard registration conditions,Claudio Avendano,30/06/2027,Active,Standard licence condition
vpa_public_register,2026-07-29T13:34:38.613Z,https://pharmacy.vic.gov.au/register-search/,Chemist Warehouse Melbourne,"Shop L2, London Stores, 345 Bourke Street",MELBOURNE,VIC,3000,"Shop L2, London Stores, 345 Bourke Street, MELBOURNE VIC 3000",30/06/2027,Active,Standard registration conditions,Claudio Avendano,30/06/2027,Active,Standard licence condition
vpa_public_register,2026-07-29T13:34:38.613Z,https://pharmacy.vic.gov.au/register-search/,Chemist Warehouse Melbourne - Bourke & King Street,"Part Ground Floor, 601 Bourke Street",MELBOURNE,VIC,3000,"Part Ground Floor, 601 Bourke Street, MELBOURNE VIC 3000",30/06/2027,Active,Standard registration conditions,Nancy Jian,30/06/2027,Active,Standard licence condition
vpa_public_register,2026-07-29T13:34:38.613Z,https://pharmacy.vic.gov.au/register-search/,Chemist Warehouse Melbourne - Bourke & King Street,"Part Ground Floor, 601 Bourke Street",MELBOURNE,VIC,3000,"Part Ground Floor, 601 Bourke Street, MELBOURNE VIC 3000",30/06/2027,Active,Standard registration conditions,Theodore Apostolopoulos,30/06/2027,Active,Standard licence condition
vpa_public_register,2026-07-29T13:34:38.613Z,https://pharmacy.vic.gov.au/register-search/,Chemist Warehouse Melbourne - Flinders Street,"Part of Level 1, Tenancy 2, 276 Flinders Street",MELBOURNE,VIC,3000,"Part of Level 1, Tenancy 2, 276 Flinders Street, MELBOURNE VIC 3000",30/06/2027,Active,Standard registration conditions,EAST YARRA FRIENDLY SOCIETY PTY LTD,30/06/2027,Active,Standard licence condition
vpa_public_register,2026-07-29T13:34:38.613Z,https://pharmacy.vic.gov.au/register-search/,Chemist Warehouse Melbourne - Flinders Street,"Part of Level 1, Tenancy 2, 276 Flinders Street",MELBOURNE,VIC,3000,"Part of Level 1, Tenancy 2, 276 Flinders Street, MELBOURNE VIC 3000",30/06/2027,Active,Standard registration conditions,Wui Lee,30/06/2027,Active,Standard licence condition
vpa_public_register,2026-07-29T13:34:38.613Z,https://pharmacy.vic.gov.au/register-search/,Chemist Warehouse Melbourne - William Street,"Ground Floor, 326 William Street",MELBOURNE,VIC,3000,"Ground Floor, 326 William Street, MELBOURNE VIC 3000",30/06/2027,Active,Standard registration conditions,Shirley Tsui,30/06/2027,Active,Standard licence condition
vpa_public_register,2026-07-29T13:34:38.613Z,https://pharmacy.vic.gov.au/register-search/,Chemist Warehouse Melbourne - William Street,"Ground Floor, 326 William Street",MELBOURNE,VIC,3000,"Ground Floor, 326 William Street, MELBOURNE VIC 3000",30/06/2027,Active,Standard registration conditions,Thi Nguyen,30/06/2027,Active,Standard licence condition
vpa_public_register,2026-07-29T13:34:38.613Z,https://pharmacy.vic.gov.au/register-search/,Chemist Warehouse Melbourne Central,"LG50 Melbourne Central Shopping Centre, 300 Lonsdale Street",MELBOURNE,VIC,3000,"LG50 Melbourne Central Shopping Centre, 300 Lonsdale Street, MELBOURNE VIC 3000",30/06/2027,Active,Standard registration conditions,Anthony Bassaly,30/06/2027,Active,Standard licence condition
vpa_public_register,2026-07-29T13:34:38.613Z,https://pharmacy.vic.gov.au/register-search/,Chemist Warehouse Melbourne Central,"LG50 Melbourne Central Shopping Centre, 300 Lonsdale Street",MELBOURNE,VIC,3000,"LG50 Melbourne Central Shopping Centre, 300 Lonsdale Street, MELBOURNE VIC 3000",30/06/2027,Active,Standard registration conditions,Shirley Tsui,30/06/2027,Active,Standard licence condition
vpa_public_register,2026-07-29T13:34:38.613Z,https://pharmacy.vic.gov.au/register-search/,Chemist Warehouse Melbourne Central,"LG50 Melbourne Central Shopping Centre, 300 Lonsdale Street",MELBOURNE,VIC,3000,"LG50 Melbourne Central Shopping Centre, 300 Lonsdale Street, MELBOURNE VIC 3000",30/06/2027,Active,Standard registration conditions,Thi Nguyen,30/06/2027,Active,Standard licence condition
vpa_public_register,2026-07-29T13:34:38.613Z,https://pharmacy.vic.gov.au/register-search/,Chemist Warehouse Midtown Plaza,"Shop 206, Midtown Plaza, 246 Bourke Street",MELBOURNE,VIC,3000,"Shop 206, Midtown Plaza, 246 Bourke Street, MELBOURNE VIC 3000",30/06/2027,Active,Standard registration conditions,Claudio Avendano,30/06/2027,Active,Standard licence condition
vpa_public_register,2026-07-29T13:34:38.613Z,https://pharmacy.vic.gov.au/register-search/,Chemist Warehouse Paramount Centre Melbourne,"Shop 7, 108 Bourke Street, Paramount Centre",Melbourne,VIC,3000,"Shop 7, 108 Bourke Street, Paramount Centre, Melbourne VIC 3000",30/06/2027,Active,Standard registration conditions,Anthony Bassaly,30/06/2027,Active,Standard licence condition
vpa_public_register,2026-07-29T13:34:38.613Z,https://pharmacy.vic.gov.au/register-search/,Collins Place Pharmacy,"Shop 48, Collins Place, 45 Collins Street",Melbourne,VIC,3000,"Shop 48, Collins Place, 45 Collins Street, Melbourne VIC 3000",30/06/2027,Active,Standard registration conditions,Jayesh Lodhia,30/06/2027,Active,Standard licence condition
vpa_public_register,2026-07-29T13:34:38.613Z,https://pharmacy.vic.gov.au/register-search/,CREELMAN'S PHARMACY,"Shop 20, 222 Bourke Street",Melbourne,VIC,3000,"Shop 20, 222 Bourke Street, Melbourne VIC 3000",30/06/2027,Active,Standard registration conditions,Maria Asmanis,30/06/2027,Active,Standard licence condition
vpa_public_register,2026-07-29T13:34:38.613Z,https://pharmacy.vic.gov.au/register-search/,CREELMAN'S PHARMACY,"Shop 20, 222 Bourke Street",Melbourne,VIC,3000,"Shop 20, 222 Bourke Street, Melbourne VIC 3000",30/06/2027,Active,Standard registration conditions,Paris Asmanis,30/06/2027,Active,Standard licence condition
vpa_public_register,2026-07-29T13:34:38.613Z,https://pharmacy.vic.gov.au/register-search/,Direct Chemist Outlet Flinders Street,"Tenancy 11, Flinders Street Station, Concourse 207 - 361 Flinders Street",MELBOURNE,VIC,3000,"Tenancy 11, Flinders Street Station, Concourse 207 - 361 Flinders Street, MELBOURNE VIC 3000",30/06/2027,Active,Standard registration conditions,Alfred Ayoub,30/06/2027,Active,Standard licence condition
vpa_public_register,2026-07-29T13:34:38.613Z,https://pharmacy.vic.gov.au/register-search/,Direct Chemist Outlet Flinders Street,"Tenancy 11, Flinders Street Station, Concourse 207 - 361 Flinders Street",MELBOURNE,VIC,3000,"Tenancy 11, Flinders Street Station, Concourse 207 - 361 Flinders Street, MELBOURNE VIC 3000",30/06/2027,Active,Standard registration conditions,Daniel Gayed,30/06/2027,Active,Standard licence condition
vpa_public_register,2026-07-29T13:34:38.613Z,https://pharmacy.vic.gov.au/register-search/,Discount Drug Store Melbourme,128 - 132 Elizabeth Street,Melbourne,VIC,3000,"128 - 132 Elizabeth Street, Melbourne VIC 3000",30/06/2027,Active,Standard registration conditions,Claudio Avendano,30/06/2027,Active,Standard licence condition
vpa_public_register,2026-07-29T13:34:38.613Z,https://pharmacy.vic.gov.au/register-search/,Discount Drug Store Melbourme,128 - 132 Elizabeth Street,Melbourne,VIC,3000,"128 - 132 Elizabeth Street, Melbourne VIC 3000",30/06/2027,Active,Standard registration conditions,EAST YARRA FRIENDLY SOCIETY PTY LTD,30/06/2027,Active,Standard licence condition
vpa_public_register,2026-07-29T13:34:38.613Z,https://pharmacy.vic.gov.au/register-search/,Dose Express Pharmacy Town Hall,"Shops 900-44 and 900-45 Town Hall Station (CDB South), 44 - 86 Swanston Street",Melbourne,VIC,3000,"Shops 900-44 and 900-45 Town Hall Station (CDB South), 44 - 86 Swanston Street, Melbourne VIC 3000",30/06/2027,Active,Standard registration conditions,Alfatah Pharmacies Town Hall Pty Ltd,30/06/2027,Active,Standard licence condition
vpa_public_register,2026-07-29T13:34:38.613Z,https://pharmacy.vic.gov.au/register-search/,Elizabeth Pharmacy,Shop 4a / 60 Elizabeth Street,MELBOURNE,VIC,3000,"Shop 4a / 60 Elizabeth Street, MELBOURNE VIC 3000",30/06/2027,Active,Standard registration conditions,TR-Pharmacy Pty Ltd,30/06/2027,Active,Standard licence condition
vpa_public_register,2026-07-29T13:34:38.613Z,https://pharmacy.vic.gov.au/register-search/,Exhibition Pharmacy,"Shop 7, 242 Exhibition Street",MELBOURNE,VIC,3000,"Shop 7, 242 Exhibition Street, MELBOURNE VIC 3000",30/06/2027,Active,Standard registration conditions,Stephen Speirs,30/06/2027,Active,Standard licence condition
vpa_public_register,2026-07-29T13:34:38.613Z,https://pharmacy.vic.gov.au/register-search/,HEALTHSMART PHARMACY VCCC,"Tenancy 4, Victorian Comprehensive Cancer Centre, 311 Grattan Street",MELBOURNE,VIC,3000,"Tenancy 4, Victorian Comprehensive Cancer Centre, 311 Grattan Street, MELBOURNE VIC 3000",30/06/2027,Active,Standard registration conditions,Healthsmart Pharmacy VCCC Pty Ltd,30/06/2027,Active,Standard licence condition
vpa_public_register,2026-07-29T13:34:38.613Z,https://pharmacy.vic.gov.au/register-search/,Peter MacCallum Cancer Centre,"Victorian Comprehensive Cancer Centre Building, 305 Grattan Street",MELBOURNE,VIC,3000,"Victorian Comprehensive Cancer Centre Building, 305 Grattan Street, MELBOURNE VIC 3000",30/06/2027,Active,,PETER MACCALLUM CANCER CENTRE,30/06/2027,Active,Standard licence condition
vpa_public_register,2026-07-29T13:34:38.613Z,https://pharmacy.vic.gov.au/register-search/,PRICELINE PHARMACY BOURKE ST WEST,376 Bourke Street,Melbourne,VIC,3000,"376 Bourke Street, Melbourne VIC 3000",30/06/2027,Active,Standard registration conditions,Bourke Street Pharmacy Pty Ltd,30/06/2027,Active,Standard licence condition
vpa_public_register,2026-07-29T13:34:38.613Z,https://pharmacy.vic.gov.au/register-search/,PRICELINE PHARMACY BOURKE ST WEST,376 Bourke Street,Melbourne,VIC,3000,"376 Bourke Street, Melbourne VIC 3000",30/06/2027,Active,Standard registration conditions,MelbCity Pharmacy Pty Ltd,30/06/2027,Active,Standard licence condition
vpa_public_register,2026-07-29T13:34:38.613Z,https://pharmacy.vic.gov.au/register-search/,Priceline Pharmacy Collins Arcade,"L1, MM01, 260 Collins Street",Melbourne,VIC,3000,"L1, MM01, 260 Collins Street, Melbourne VIC 3000",30/06/2027,Active,Standard registration conditions,260 Collins Pty Ltd,30/06/2027,Active,Standard licence condition
vpa_public_register,2026-07-29T13:34:38.613Z,https://pharmacy.vic.gov.au/register-search/,Priceline Pharmacy William Street,"Shop 18/19, 555 Bourke Street",MELBOURNE,VIC,3000,"Shop 18/19, 555 Bourke Street, MELBOURNE VIC 3000",30/06/2027,Active,Standard registration conditions,Alfred Ayoub,30/06/2027,Active,Standard licence condition
vpa_public_register,2026-07-29T13:34:38.613Z,https://pharmacy.vic.gov.au/register-search/,Priceline Pharmacy William Street,"Shop 18/19, 555 Bourke Street",MELBOURNE,VIC,3000,"Shop 18/19, 555 Bourke Street, MELBOURNE VIC 3000",30/06/2027,Active,Standard registration conditions,Daniel Gayed,30/06/2027,Active,Standard licence condition
vpa_public_register,2026-07-29T13:34:38.613Z,https://pharmacy.vic.gov.au/register-search/,Priceline Pharmacy William Street,"Shop 18/19, 555 Bourke Street",MELBOURNE,VIC,3000,"Shop 18/19, 555 Bourke Street, MELBOURNE VIC 3000",30/06/2027,Active,Standard registration conditions,Doreen Dinh,30/06/2027,Active,Standard licence condition
vpa_public_register,2026-07-29T13:34:38.613Z,https://pharmacy.vic.gov.au/register-search/,QV Pharmacy,"Shop 1-051 QV Retail Centre, Bounded by Lonsdale, Swanston, Russell &",Melbourne,VIC,3000,"Shop 1-051 QV Retail Centre, Bounded by Lonsdale, Swanston, Russell &, Melbourne VIC 3000",30/06/2027,Active,Standard registration conditions,Jayesh Lodhia,30/06/2027,Active,Standard licence condition
vpa_public_register,2026-07-29T13:34:38.613Z,https://pharmacy.vic.gov.au/register-search/,QV Terrace Pharmacy,"Level 3, Shop 19-21, QV Terrace, 210 Lonsdale Street",MELBOURNE,VIC,3000,"Level 3, Shop 19-21, QV Terrace, 210 Lonsdale Street, MELBOURNE VIC 3000",30/06/2027,Active,Standard registration conditions,Jayesh Lodhia,30/06/2027,Active,Standard licence condition
vpa_public_register,2026-07-29T13:34:38.613Z,https://pharmacy.vic.gov.au/register-search/,Ramsay Pharmacy Melbourne CBD,"Shop G07, Southern Cross East, 121 Exhibition Street",MELBOURNE,VIC,3000,"Shop G07, Southern Cross East, 121 Exhibition Street, MELBOURNE VIC 3000",30/06/2027,Active,Standard registration conditions,BridgePharm Pty Ltd,30/06/2027,Active,Standard licence condition
vpa_public_register,2026-07-29T13:34:38.613Z,https://pharmacy.vic.gov.au/register-search/,Terry White Chemmart Melbourne Central,"Shop 152C, 211 LaTrobe Street",Melbourne,VIC,3000,"Shop 152C, 211 LaTrobe Street, Melbourne VIC 3000",30/06/2027,Active,Standard registration conditions,ZLK HOLDINGS PTY LTD,30/06/2027,Active,Standard licence condition
vpa_public_register,2026-07-29T13:34:38.613Z,https://pharmacy.vic.gov.au/register-search/,Treasury Pharmacy,18 Collins Street,Melbourne,VIC,3000,"18 Collins Street, Melbourne VIC 3000",30/06/2027,Active,Standard registration conditions,Anja Faustein,30/06/2027,Active,Standard licence condition
vpa_public_register,2026-07-29T13:34:38.613Z,https://pharmacy.vic.gov.au/register-search/,VICTORIA MARKET PHARMACY,523 Elizabeth Street,Melbourne,VIC,3000,"523 Elizabeth Street, Melbourne VIC 3000",30/06/2027,Active,Standard registration conditions,Pharmawell Pty Ltd,30/06/2027,Active,Standard licence condition
vpa_public_register,2026-07-29T13:34:38.613Z,https://pharmacy.vic.gov.au/register-search/,PharmacySmart Compounding East Melbourne,"Level 2, 2 Wellington Parade",East Melbourne,VIC,3002,"Level 2, 2 Wellington Parade, East Melbourne VIC 3002",30/06/2027,Active,Standard registration conditions,Andrew Lau,30/06/2027,Active,Standard licence condition
vpa_public_register,2026-07-29T13:34:38.613Z,https://pharmacy.vic.gov.au/register-search/,Revive Pharmacy East Melbourne,84 Wellington Parade,East Melbourne,VIC,3002,"84 Wellington Parade, East Melbourne VIC 3002",30/06/2027,Active,Standard registration conditions,Daniel Eskander,30/06/2027,Active,Standard licence condition
vpa_public_register,2026-07-29T13:34:38.613Z,https://pharmacy.vic.gov.au/register-search/,Revive Pharmacy East Melbourne,84 Wellington Parade,East Melbourne,VIC,3002,"84 Wellington Parade, East Melbourne VIC 3002",30/06/2027,Active,Standard registration conditions,Nader Samy,30/06/2027,Active,Standard licence condition
vpa_public_register,2026-07-29T13:34:38.613Z,https://pharmacy.vic.gov.au/register-search/,Slade Pharmacy,320 Victoria Parade,East Melbourne,VIC,3002,"320 Victoria Parade, East Melbourne VIC 3002",30/06/2027,Active,Standard registration conditions,Slade Pharmacy Services Pty Ltd,30/06/2027,Active,Standard licence condition
vpa_public_register,2026-07-29T13:34:38.613Z,https://pharmacy.vic.gov.au/register-search/,Slade Pharmacy Albert Street,"Tenancy 2, Lower Ground Floor, 109 Albert Street",EAST MELBOURNE,VIC,3002,"Tenancy 2, Lower Ground Floor, 109 Albert Street, EAST MELBOURNE VIC 3002",30/06/2027,Active,Standard registration conditions,Slade Pharmacy Services Pty Ltd,30/06/2027,Active,Standard licence condition
vpa_public_register,2026-07-29T13:34:38.613Z,https://pharmacy.vic.gov.au/register-search/,Slade Pharmacy Grey St,"St Vincent's Private Hospital, 159 Grey Street",EAST MELBOURNE,VIC,3002,"St Vincent's Private Hospital, 159 Grey Street, EAST MELBOURNE VIC 3002",30/06/2027,Active,Standard registration conditions,Begelow Group Pty Ltd,30/06/2027,Active,Standard licence condition
vpa_public_register,2026-07-29T13:34:38.613Z,https://pharmacy.vic.gov.au/register-search/,THE ROYAL VICTORIAN EYE & EAR HOSPITAL PHARMACY DEPARTMENT,"Ground and Lower Ground Floors, 32 Gisborne Street",East Melbourne,VIC,3002,"Ground and Lower Ground Floors, 32 Gisborne Street, East Melbourne VIC 3002",30/06/2027,Active,,THE ROYAL VICTORIAN EYE & EAR HOSPITAL,30/06/2027,Active,Standard licence condition
vpa_public_register,2026-07-29T13:34:38.613Z,https://pharmacy.vic.gov.au/register-search/,Botanical Compounding Pharmacy,470 Spencer Street,West Melbourne,VIC,3003,"470 Spencer Street, West Melbourne VIC 3003",30/06/2027,Active,Standard registration conditions,Khee Hua Loh,30/06/2027,Active,Standard licence condition
vpa_public_register,2026-07-29T13:34:38.613Z,https://pharmacy.vic.gov.au/register-search/,ALFRED HOSPITAL PHARMACY DEPARTMENT,Commercial Road,Melbourne,VIC,3004,"Commercial Road, Melbourne VIC 3004",30/06/2027,Active,,Bayside Health,30/06/2027,Active,Standard licence condition
vpa_public_register,2026-07-29T13:34:38.613Z,https://pharmacy.vic.gov.au/register-search/,Healthsmart Pharmacy Alfred,"Shop T06, Retail Precinct, The Alfred Hospital",Melbourne,VIC,3004,"Shop T06, Retail Precinct, The Alfred Hospital, Melbourne VIC 3004",30/06/2027,Active,Standard registration conditions,Healthsmart Pharmacy Alfred Pty Ltd,30/06/2027,Active,Standard licence condition
vpa_public_register,2026-07-29T13:34:38.613Z,https://pharmacy.vic.gov.au/register-search/,MELBOURNE BOULEVARD PHARMACY & HEALTH FOODS,"Shop 5, 401 St Kilda Road",Melbourne,VIC,3004,"Shop 5, 401 St Kilda Road, Melbourne VIC 3004",30/06/2027,Active,Standard registration conditions,Huong Pham,30/06/2027,Active,Standard licence condition
vpa_public_register,2026-07-29T13:34:38.613Z,https://pharmacy.vic.gov.au/register-search/,Paula Fox Melanoma and Cancer Centre,545 St Kilda Road,MELBOURNE,VIC,3004,"545 St Kilda Road, MELBOURNE VIC 3004",30/06/2027,Active,,Bayside Health,30/06/2027,Active,Standard licence condition
vpa_public_register,2026-07-29T13:34:38.613Z,https://pharmacy.vic.gov.au/register-search/,PHARMACY 517,Unit 3/517 St Kilda Road,Melbourne,VIC,3004,"Unit 3/517 St Kilda Road, Melbourne VIC 3004",30/06/2027,Active,Standard registration conditions,Pharmacy Co Pty Ltd,30/06/2027,Active,Standard licence condition
vpa_public_register,2026-07-29T13:34:38.613Z,https://pharmacy.vic.gov.au/register-search/,Ramsay Clinic Albert Road Dispensary Pharmacy Department,31 Albert Road,Melbourne,VIC,3004,"31 Albert Road, Melbourne VIC 3004",30/06/2027,Active,,RAMSAY HEALTHCARE (VICTORIA) PTY LTD,30/06/2027,Active,Standard licence condition
vpa_public_register,2026-07-29T13:34:38.613Z,https://pharmacy.vic.gov.au/register-search/,Chemist Warehouse South Wharf DFO,"Unit Number 1-114, Homemaker Hub South Wharf, 20 Convention Centre Place",South Wharf,VIC,3006,"Unit Number 1-114, Homemaker Hub South Wharf, 20 Convention Centre Place, South Wharf VIC 3006",30/06/2027,Active,Standard registration conditions,Shirley Tsui,30/06/2027,Active,Standard licence condition
vpa_public_register,2026-07-29T13:34:38.613Z,https://pharmacy.vic.gov.au/register-search/,Chemist Warehouse South Wharf DFO,"Unit Number 1-114, Homemaker Hub South Wharf, 20 Convention Centre Place",South Wharf,VIC,3006,"Unit Number 1-114, Homemaker Hub South Wharf, 20 Convention Centre Place, South Wharf VIC 3006",30/06/2027,Active,Standard registration conditions,Theodore Apostolopoulos,30/06/2027,Active,Standard licence condition
vpa_public_register,2026-07-29T13:34:38.613Z,https://pharmacy.vic.gov.au/register-search/,Chemist Warehouse South Wharf DFO,"Unit Number 1-114, Homemaker Hub South Wharf, 20 Convention Centre Place",South Wharf,VIC,3006,"Unit Number 1-114, Homemaker Hub South Wharf, 20 Convention Centre Place, South Wharf VIC 3006",30/06/2027,Active,Standard registration conditions,Thi Nguyen,30/06/2027,Active,Standard licence condition
vpa_public_register,2026-07-29T13:34:38.613Z,https://pharmacy.vic.gov.au/register-search/,Chemist Warehouse Southbank,"Ground Floor and Part First Floor, 250 Sturt Street",SOUTHBANK,VIC,3006,"Ground Floor and Part First Floor, 250 Sturt Street, SOUTHBANK VIC 3006",30/06/2027,Active,Standard registration conditions,Azman Haroon,30/06/2027,Active,Standard licence condition
vpa_public_register,2026-07-29T13:34:38.613Z,https://pharmacy.vic.gov.au/register-search/,Chemist Warehouse Southbank,"Ground Floor and Part First Floor, 250 Sturt Street",SOUTHBANK,VIC,3006,"Ground Floor and Part First Floor, 250 Sturt Street, SOUTHBANK VIC 3006",30/06/2027,Active,Standard registration conditions,Ismail Arakji,30/06/2027,Active,Standard licence condition
vpa_public_register,2026-07-29T13:34:38.613Z,https://pharmacy.vic.gov.au/register-search/,Chemist Warehouse Southbank,"Ground Floor and Part First Floor, 250 Sturt Street",SOUTHBANK,VIC,3006,"Ground Floor and Part First Floor, 250 Sturt Street, SOUTHBANK VIC 3006",30/06/2027,Active,Standard registration conditions,Mahmoud Arakji,30/06/2027,Active,Standard licence condition
vpa_public_register,2026-07-29T13:34:38.613Z,https://pharmacy.vic.gov.au/register-search/,Chemist Warehouse Southbank,"Ground Floor and Part First Floor, 250 Sturt Street",SOUTHBANK,VIC,3006,"Ground Floor and Part First Floor, 250 Sturt Street, SOUTHBANK VIC 3006",30/06/2027,Active,Standard registration conditions,Mohamed Arakji,30/06/2027,Active,Standard licence condition
vpa_public_register,2026-07-29T13:34:38.613Z,https://pharmacy.vic.gov.au/register-search/,SOUTHGATE PHARMACY,"P14 Podium,, Southgate Arts & Leisure Centre",Southbank,VIC,3006,"P14 Podium,, Southgate Arts & Leisure Centre, Southbank VIC 3006",30/06/2027,Active,Standard registration conditions,Angelo Bonacci,30/06/2027,Active,Standard licence condition
vpa_public_register,2026-07-29T13:34:38.613Z,https://pharmacy.vic.gov.au/register-search/,Capsule Pharmacy,"S10 / 747 Collins Street, Collins Square",DOCKLANDS,VIC,3008,"S10 / 747 Collins Street, Collins Square, DOCKLANDS VIC 3008",30/06/2027,Active,Standard registration conditions,Timothy Lewis,30/06/2027,Active,Standard licence condition
vpa_public_register,2026-07-29T13:34:38.613Z,https://pharmacy.vic.gov.au/register-search/,Centree Health Pharmacy,"Shop 9B, 677 La Trobe Street",DOCKLANDS,VIC,3008,"Shop 9B, 677 La Trobe Street, DOCKLANDS VIC 3008",30/06/2027,Active,Standard registration conditions | Specific registration condition,Rui Cen,30/06/2027,Active,Standard licence condition
vpa_public_register,2026-07-29T13:34:38.613Z,https://pharmacy.vic.gov.au/register-search/,Chemist Warehouse Docklands,"Tenancy TM-G-T01, The District Docklands, 90 Waterfront Way",Docklands,VIC,3008,"Tenancy TM-G-T01, The District Docklands, 90 Waterfront Way, Docklands VIC 3008",30/06/2027,Active,Standard registration conditions,Pharmacy O2348 Pty Ltd,30/06/2027,Active,Standard licence condition
vpa_public_register,2026-07-29T13:34:38.613Z,https://pharmacy.vic.gov.au/register-search/,Chemist Warehouse Spencer Outlet Centre,"Shop-MM2 Spencer Outlet Centre, 201 Spencer Street",Docklands,VIC,3008,"Shop-MM2 Spencer Outlet Centre, 201 Spencer Street, Docklands VIC 3008",30/06/2027,Active,Standard registration conditions,Claudio Avendano,30/06/2027,Active,Standard licence condition
vpa_public_register,2026-07-29T13:34:38.613Z,https://pharmacy.vic.gov.au/register-search/,Chemist Warehouse Spencer Outlet Centre,"Shop-MM2 Spencer Outlet Centre, 201 Spencer Street",Docklands,VIC,3008,"Shop-MM2 Spencer Outlet Centre, 201 Spencer Street, Docklands VIC 3008",30/06/2027,Active,Standard registration conditions,Theodore Apostolopoulos,30/06/2027,Active,Standard licence condition
vpa_public_register,2026-07-29T13:34:38.613Z,https://pharmacy.vic.gov.au/register-search/,Pharmacy MQ,"Shop 3, One Melbourne Quarter, 699 Collins Street",Docklands,VIC,3008,"Shop 3, One Melbourne Quarter, 699 Collins Street, Docklands VIC 3008",30/06/2027,Active,Standard registration conditions,PharmacyMQ Pty Ltd,30/06/2027,Active,Standard licence condition
vpa_public_register,2026-07-29T13:34:38.613Z,https://pharmacy.vic.gov.au/register-search/,VICTORIAN HARBOUR PHARMACY & NEWS,66 Merchant Street,Docklands,VIC,3008,"66 Merchant Street, Docklands VIC 3008",30/06/2027,Active,Standard registration conditions,Scott Dunkley,30/06/2027,Active,Standard licence condition
vpa_public_register,2026-07-29T13:34:38.613Z,https://pharmacy.vic.gov.au/register-search/,VICTORIAN HARBOUR PHARMACY & NEWS,66 Merchant Street,Docklands,VIC,3008,"66 Merchant Street, Docklands VIC 3008",30/06/2027,Active,Standard registration conditions,Timothy Lewis,30/06/2027,Active,Standard licence condition
vpa_public_register,2026-07-29T13:34:38.613Z,https://pharmacy.vic.gov.au/register-search/,Cambridge Compounding,15 BYRON STREET,FOOTSCRAY,VIC,3011,"15 BYRON STREET, FOOTSCRAY VIC 3011",30/06/2027,Active,Standard registration conditions,Cambridge Compounding Pty Ltd,30/06/2027,Active,Standard licence condition
vpa_public_register,2026-07-29T13:34:38.613Z,https://pharmacy.vic.gov.au/register-search/,Charles Street Pharmacy,76 Charles Street,Seddon,VIC,3011,"76 Charles Street, Seddon VIC 3011",30/06/2027,Active,Standard registration conditions,Peter O'Connor,30/06/2027,Active,Standard licence condition
vpa_public_register,2026-07-29T13:34:38.613Z,https://pharmacy.vic.gov.au/register-search/,CHEMIST WAREHOUSE-FOOTSCRAY,190 Barkly Street,Footscray,VIC,3011,"190 Barkly Street, Footscray VIC 3011",30/06/2027,Active,Standard registration conditions,EAST YARRA FRIENDLY SOCIETY PTY LTD,30/06/2027,Active,Standard licence condition
vpa_public_register,2026-07-29T13:34:38.613Z,https://pharmacy.vic.gov.au/register-search/,CHEMIST WAREHOUSE-FOOTSCRAY,190 Barkly Street,Footscray,VIC,3011,"190 Barkly Street, Footscray VIC 3011",30/06/2027,Active,Standard registration conditions,HO PHARMACIES PTY LTD,30/06/2027,Active,Standard licence condition
vpa_public_register,2026-07-29T13:34:38.613Z,https://pharmacy.vic.gov.au/register-search/,DAFFEY'S PHARMACY,130 Nicholson Street,Footscray,VIC,3011,"130 Nicholson Street, Footscray VIC 3011",30/06/2027,Active,Standard registration conditions,Thong Tran,30/06/2027,Active,Standard licence condition
vpa_public_register,2026-07-29T13:34:38.613Z,https://pharmacy.vic.gov.au/register-search/,Footscray Central Pharmacy,25A Byron Street,FOOTSCRAY,VIC,3011,"25A Byron Street, FOOTSCRAY VIC 3011",30/06/2027,Active,Standard registration conditions,Minhhieu Nguyen,30/06/2027,Active,Standard licence condition
vpa_public_register,2026-07-29T13:34:38.613Z,https://pharmacy.vic.gov.au/register-search/,Footscray Hospital Pharmacy Department,89 Ballarat Road,FOOTSCRAY,VIC,3011,"89 Ballarat Road, FOOTSCRAY VIC 3011",30/06/2027,Active,,WESTERN HEALTH,30/06/2027,Active,Standard licence condition
vpa_public_register,2026-07-29T13:34:38.613Z,https://pharmacy.vic.gov.au/register-search/,FOOTSCRAY PHARMACY,"Shop 2, 76 Nicholson Street",Footscray,VIC,3011,"Shop 2, 76 Nicholson Street, Footscray VIC 3011",30/06/2027,Active,Standard registration conditions,Tim Lin,30/06/2027,Active,Standard licence condition
vpa_public_register,2026-07-29T13:34:38.613Z,https://pharmacy.vic.gov.au/register-search/,FOOTSCRAY PLAZA PHARMACY,"Shop 1, 18 Albert Street",Footscray,VIC,3011,"Shop 1, 18 Albert Street, Footscray VIC 3011",30/06/2027,Active,Standard registration conditions,Anasta Mouratidis,30/06/2027,Active,Standard licence condition
vpa_public_register,2026-07-29T13:34:38.613Z,https://pharmacy.vic.gov.au/register-search/,FOOTSCRAY PLAZA PHARMACY,"Shop 1, 18 Albert Street",Footscray,VIC,3011,"Shop 1, 18 Albert Street, Footscray VIC 3011",30/06/2027,Active,Standard registration conditions,Christopher Mouratidis,30/06/2027,Active,Standard licence condition
vpa_public_register,2026-07-29T13:34:38.613Z,https://pharmacy.vic.gov.au/register-search/,Healthsmart Pharmacy Footscray,"Tenancy VU03, Victoria University Building, Footscray Hospital",Footscray,VIC,3011,"Tenancy VU03, Victoria University Building, Footscray Hospital, Footscray VIC 3011",30/06/2027,Active,Standard registration conditions,Healthsmart Pharmacy Footscray Pty Ltd,30/06/2027,Active,Standard licence condition
vpa_public_register,2026-07-29T13:34:38.613Z,https://pharmacy.vic.gov.au/register-search/,Melbourne Compounding Pharmacy,96 Charles Street,Seddon,VIC,3011,"96 Charles Street, Seddon VIC 3011",30/06/2027,Active,Standard registration conditions,Yeuk Ching Wong,30/06/2027,Active,Standard licence condition
vpa_public_register,2026-07-29T13:34:38.613Z,https://pharmacy.vic.gov.au/register-search/,MINH CHAU PHARMACY,35 Leeds Street,Footscray,VIC,3011,"35 Leeds Street, Footscray VIC 3011",30/06/2027,Active,Standard registration conditions,Tuan Pham,30/06/2027,Active,Standard licence condition
vpa_public_register,2026-07-29T13:34:38.613Z,https://pharmacy.vic.gov.au/register-search/,PAISLEY CLINIC PHARMACY,85 Paisley Street,Footscray,VIC,3011,"85 Paisley Street, Footscray VIC 3011",30/06/2027,Active,Standard registration conditions,Trinh Nguyen,30/06/2027,Active,Standard licence condition
vpa_public_register,2026-07-29T13:34:38.613Z,https://pharmacy.vic.gov.au/register-search/,PATEL & CHIN PHARMACY,"Shop 2 - 3, 303 Ballarat Road",Footscray,VIC,3011,"Shop 2 - 3, 303 Ballarat Road, Footscray VIC 3011",30/06/2027,Active,Standard registration conditions,Mansukh Patel,30/06/2027,Active,Standard licence condition
vpa_public_register,2026-07-29T13:34:38.613Z,https://pharmacy.vic.gov.au/register-search/,Saigon Pharmacy,53 Byron Street,FOOTSCRAY,VIC,3011,"53 Byron Street, FOOTSCRAY VIC 3011",30/06/2027,Active,Standard registration conditions,Phong Le,30/06/2027,Active,Standard licence condition
vpa_public_register,2026-07-29T13:34:38.613Z,https://pharmacy.vic.gov.au/register-search/,TerryWhite Chemmart - Footscray,"Ground Floor, 132 - 134 Hopkins Street",Footscray,VIC,3011,"Ground Floor, 132 - 134 Hopkins Street, Footscray VIC 3011",30/06/2027,Active,Standard registration conditions,Top Health Pharmacy Pty Ltd,30/06/2027,Active,Standard licence condition
vpa_public_register,2026-07-29T13:34:38.613Z,https://pharmacy.vic.gov.au/register-search/,THAO NGUYEN PHARMACY,124 - 126 Hopkins Street,Footscray,VIC,3011,"124 - 126 Hopkins Street, Footscray VIC 3011",30/06/2027,Active,Standard registration conditions,THAO NGUYEN PTY LTD,30/06/2027,Active,Standard licence condition
vpa_public_register,2026-07-29T13:34:38.613Z,https://pharmacy.vic.gov.au/register-search/,TRAN PHARMACY,73B Nicholson Street,Footscray,VIC,3011,"73B Nicholson Street, Footscray VIC 3011",30/06/2027,Active,Standard registration conditions,The Pharmaly Pty Ltd,30/06/2027,Active,Standard licence condition
vpa_public_register,2026-07-29T13:34:38.613Z,https://pharmacy.vic.gov.au/register-search/,Barkly Street Pharmacy,575 Barkly Street,Footscray West,VIC,3012,"575 Barkly Street, Footscray West VIC 3012",30/06/2027,Active,Standard registration conditions,Pharmafirst Pty Ltd,30/06/2027,Active,Standard licence condition
vpa_public_register,2026-07-29T13:34:38.613Z,https://pharmacy.vic.gov.au/register-search/,CHEMIST WAREHOUSE DISTRIBUTION CENTRE MARIBYRNONG,"Units 3 & 4, Ground Level, 44 - 56 Hampstead Road",Maidstone,VIC,3012,"Units 3 & 4, Ground Level, 44 - 56 Hampstead Road, Maidstone VIC 3012",30/06/2027,Active,Standard registration conditions,Fabian Tascone,30/06/2027,Active,Standard licence condition
vpa_public_register,2026-07-29T13:34:38.613Z,https://pharmacy.vic.gov.au/register-search/,CHEMIST WAREHOUSE DISTRIBUTION CENTRE MARIBYRNONG,"Units 3 & 4, Ground Level, 44 - 56 Hampstead Road",Maidstone,VIC,3012,"Units 3 & 4, Ground Level, 44 - 56 Hampstead Road, Maidstone VIC 3012",30/06/2027,Active,Standard registration conditions,Quang To,30/06/2027,Active,Standard licence condition
vpa_public_register,2026-07-29T13:34:38.613Z,https://pharmacy.vic.gov.au/register-search/,LUCINDA PHARMACY,349 Somerville Road,West Footscray,VIC,3012,"349 Somerville Road, West Footscray VIC 3012",30/06/2027,Active,Standard registration conditions,Le Thanh Truong,30/06/2027,Active,Standard licence condition
vpa_public_register,2026-07-29T13:34:38.613Z,https://pharmacy.vic.gov.au/register-search/,Maidstone Pharmacy,101 Rosamond Road,MAIDSTONE,VIC,3012,"101 Rosamond Road, MAIDSTONE VIC 3012",30/06/2027,Active,Standard registration conditions,Thai Khuu,30/06/2027,Active,Standard licence condition
vpa_public_register,2026-07-29T13:34:38.613Z,https://pharmacy.vic.gov.au/register-search/,CARNOVALE PHARMACY,149 Somerville Road,Yarraville,VIC,3013,"149 Somerville Road, Yarraville VIC 3013",30/06/2027,Active,Standard registration conditions,Peter O'Connor,30/06/2027,Active,Standard licence condition
vpa_public_register,2026-07-29T13:34:38.613Z,https://pharmacy.vic.gov.au/register-search/,Maria Stogiannis Pharmacy,24 Wembley Avenue,Yarraville,VIC,3013,"24 Wembley Avenue, Yarraville VIC 3013",30/06/2027,Active,Standard registration conditions,TSUCALAS DIMITRA,30/06/2027,Active,Standard licence condition
vpa_public_register,2026-07-29T13:34:38.613Z,https://pharmacy.vic.gov.au/register-search/,MILES YARRAVILLE VILLAGE PHARMACY,40 Anderson Street,Yarraville,VIC,3013,"40 Anderson Street, Yarraville VIC 3013",30/06/2027,Active,Standard registration conditions,Pei-Ling Giam,30/06/2027,Active,Standard licence condition
vpa_public_register,2026-07-29T13:34:38.613Z,https://pharmacy.vic.gov.au/register-search/,Better U Pharmacy,"5, 88 Hudson Road",Spotswood,VIC,3015,"5, 88 Hudson Road, Spotswood VIC 3015",30/06/2027,Active,Standard registration conditions,Hanania Pty Ltd,30/06/2027,Active,Standard licence condition
vpa_public_register,2026-07-29T13:34:38.613Z,https://pharmacy.vic.gov.au/register-search/,Chemist Warehouse Spotswood,"Shop C1, Union Quarter Shopping Centre, 31 - 69 McLister Street",Spotswood,VIC,3015,"Shop C1, Union Quarter Shopping Centre, 31 - 69 McLister Street, Spotswood VIC 3015",30/06/2027,Active,Standard registration conditions,Pharmacy O2411 Pty Ltd,30/06/2027,Active,Standard licence condition
vpa_public_register,2026-07-29T13:34:38.613Z,https://pharmacy.vic.gov.au/register-search/,KOFOED'S PHARMACY,7 Hall Street,Newport,VIC,3015,"7 Hall Street, Newport VIC 3015",30/06/2027,Active,Standard registration conditions,Kofoed Pharmacy Pty Ltd,30/06/2027,Active,Standard licence condition
vpa_public_register,2026-07-29T13:34:38.613Z,https://pharmacy.vic.gov.au/register-search/,SCOWN'S PHARMACY,17D Vernon Street,Kingsville South,VIC,3015,"17D Vernon Street, Kingsville South VIC 3015",30/06/2027,Active,Standard registration conditions,Zoe Escott,30/06/2027,Active,Standard licence condition
vpa_public_register,2026-07-29T13:34:38.613Z,https://pharmacy.vic.gov.au/register-search/,National Pharmacies - Williamstown,42-44 Douglas Parade,WILLIAMSTOWN,VIC,3016,"42-44 Douglas Parade, WILLIAMSTOWN VIC 3016",30/06/2027,Active,Standard registration conditions,FRIENDLY SOCIETY MEDICAL ASSOCIATION LIMITED,30/06/2027,Active,Standard licence condition
vpa_public_register,2026-07-29T13:34:38.613Z,https://pharmacy.vic.gov.au/register-search/,PRICELINE PHARMACY WILLIAMSTOWN,"Shop 2, 19 - 21 Douglas Parade",Williamstown,VIC,3016,"Shop 2, 19 - 21 Douglas Parade, Williamstown VIC 3016",30/06/2027,Active,Standard registration conditions,Erin Oyberman,30/06/2027,Active,Standard licence condition
vpa_public_register,2026-07-29T13:34:38.613Z,https://pharmacy.vic.gov.au/register-search/,PRICELINE PHARMACY WILLIAMSTOWN,"Shop 2, 19 - 21 Douglas Parade",Williamstown,VIC,3016,"Shop 2, 19 - 21 Douglas Parade, Williamstown VIC 3016",30/06/2027,Active,Standard registration conditions,Glenda Thomas,30/06/2027,Active,Standard licence condition
vpa_public_register,2026-07-29T13:34:38.613Z,https://pharmacy.vic.gov.au/register-search/,PRICELINE PHARMACY WILLIAMSTOWN,"Shop 2, 19 - 21 Douglas Parade",Williamstown,VIC,3016,"Shop 2, 19 - 21 Douglas Parade, Williamstown VIC 3016",30/06/2027,Active,Standard registration conditions,Jennifer Macklin,30/06/2027,Active,Standard licence condition
vpa_public_register,2026-07-29T13:34:38.613Z,https://pharmacy.vic.gov.au/register-search/,THE WILLIAMSTOWN HOSPITAL PHARMACY DEPARTMENT,Railway Crescent,Williamstown,VIC,3016,"Railway Crescent, Williamstown VIC 3016",30/06/2027,Active,,WESTERN HEALTH,30/06/2027,Active,Standard licence condition
vpa_public_register,2026-07-29T13:34:38.613Z,https://pharmacy.vic.gov.au/register-search/,Chemcare Wellness Pharmacy Altona,8 Harrington Square,Altona,VIC,3018,"8 Harrington Square, Altona VIC 3018",30/06/2027,Active,Standard registration conditions,Imransab Health Services Pty Ltd,30/06/2027,Active,Standard licence condition
vpa_public_register,2026-07-29T13:34:38.613Z,https://pharmacy.vic.gov.au/register-search/,Chemist Discount Centre Altona,88 - 90 Pier Street,Altona,VIC,3018,"88 - 90 Pier Street, Altona VIC 3018",30/06/2027,Active,Standard registration conditions,Altona Pharmacy Pty Ltd,30/06/2027,Active,Standard licence condition
vpa_public_register,2026-07-29T13:34:38.613Z,https://pharmacy.vic.gov.au/register-search/,Chemist Warehouse Altona - Pier Street,65 Pier Street,Altona,VIC,3018,"65 Pier Street, Altona VIC 3018",30/06/2027,Active,Standard registration conditions,Antony Panagiotou,30/06/2027,Active,Standard licence condition
vpa_public_register,2026-07-29T13:34:38.613Z,https://pharmacy.vic.gov.au/register-search/,Chemist Warehouse Altona - Pier Street,65 Pier Street,Altona,VIC,3018,"65 Pier Street, Altona VIC 3018",30/06/2027,Active,Standard registration conditions,BTCK Pty Ltd,30/06/2027,Active,Standard licence condition
vpa_public_register,2026-07-29T13:34:38.613Z,https://pharmacy.vic.gov.au/register-search/,Direct Chemist Outlet Central Square,"Shop 15 - 18, Central Square Shopping Centre",Altona Meadows,VIC,3018,"Shop 15 - 18, Central Square Shopping Centre, Altona Meadows VIC 3018",30/06/2027,Active,Standard registration conditions,Premal Sanghvi,30/06/2027,Active,Standard licence condition
vpa_public_register,2026-07-29T13:34:38.613Z,https://pharmacy.vic.gov.au/register-search/,Direct Chemist Outlet Central Square,"Shop 15 - 18, Central Square Shopping Centre",Altona Meadows,VIC,3018,"Shop 15 - 18, Central Square Shopping Centre, Altona Meadows VIC 3018",30/06/2027,Active,Standard registration conditions,Scott Rodgers,30/06/2027,Active,Standard licence condition
vpa_public_register,2026-07-29T13:34:38.613Z,https://pharmacy.vic.gov.au/register-search/,Direct Chemist Outlet Central Square,"Shop 15 - 18, Central Square Shopping Centre",Altona Meadows,VIC,3018,"Shop 15 - 18, Central Square Shopping Centre, Altona Meadows VIC 3018",30/06/2027,Active,Standard registration conditions,SMF Pharma Pty Ltd,30/06/2027,Active,Standard licence condition
vpa_public_register,2026-07-29T13:34:38.613Z,https://pharmacy.vic.gov.au/register-search/,Braybrook Discount Pharmacy,"Shop 6A, 227 Ballarat Road",Braybrook,VIC,3019,"Shop 6A, 227 Ballarat Road, Braybrook VIC 3019",30/06/2027,Active,Standard registration conditions,KH Pharmacy Pty Ltd,30/06/2027,Active,Standard licence condition
vpa_public_register,2026-07-29T13:34:38.613Z,https://pharmacy.vic.gov.au/register-search/,Chemist Warehouse Braybrook - Home Co,"Tenancy 3A & 3B,, Corner Ballarat Road (Western Hwy), Burke & Butler Sts",BRAYBROOK,VIC,3019,"Tenancy 3A & 3B,, Corner Ballarat Road (Western Hwy), Burke & Butler Sts, BRAYBROOK VIC 3019",30/06/2027,Active,Standard registration conditions,Daniel Gusatto,30/06/2027,Active,Standard licence condition
vpa_public_register,2026-07-29T13:34:38.613Z,https://pharmacy.vic.gov.au/register-search/,Direct Chemist Outlet Central West,"Shop T21, Central West Shopping Centre, 67 Ashley Street",BRAYBROOK,VIC,3019,"Shop T21, Central West Shopping Centre, 67 Ashley Street, BRAYBROOK VIC 3019",30/06/2027,Active,Standard registration conditions,Evan Lu,30/06/2027,Active,Standard licence condition
vpa_public_register,2026-07-29T13:34:38.613Z,https://pharmacy.vic.gov.au/register-search/,THE GREATER DISCOUNT CHEMIST - BRAYBROOK,135 South Road,Braybrook,VIC,3019,"135 South Road, Braybrook VIC 3019",30/06/2027,Active,Standard registration conditions,ADVANCE PHARMACY PTY LTD,30/06/2027,Active,Standard licence condition
vpa_public_register,2026-07-29T13:34:38.613Z,https://pharmacy.vic.gov.au/register-search/,CHEMIST WAREHOUSE SUNSHINE,292 Hampshire Road,SUNSHINE,VIC,3020,"292 Hampshire Road, SUNSHINE VIC 3020",30/06/2027,Active,Standard registration conditions,Adrian Verrocchi,30/06/2027,Active,Standard licence condition
vpa_public_register,2026-07-29T13:34:38.613Z,https://pharmacy.vic.gov.au/register-search/,CHEMIST WAREHOUSE SUNSHINE,292 Hampshire Road,SUNSHINE,VIC,3020,"292 Hampshire Road, SUNSHINE VIC 3020",30/06/2027,Active,Standard registration conditions,Daniel Gusatto,30/06/2027,Active,Standard licence condition
vpa_public_register,2026-07-29T13:34:38.613Z,https://pharmacy.vic.gov.au/register-search/,Cincotta Discount Chemist Sunshine West,66 Glengala Road,Sunshine West,VIC,3020,"66 Glengala Road, Sunshine West VIC 3020",30/06/2027,Active,Standard registration conditions,Huong Pham,30/06/2027,Active,Standard licence condition
vpa_public_register,2026-07-29T13:34:38.613Z,https://pharmacy.vic.gov.au/register-search/,DEVONSHIRE PHARMACY,22 Devonshire Road,Sunshine,VIC,3020,"22 Devonshire Road, Sunshine VIC 3020",30/06/2027,Active,Standard registration conditions,Dominic Uccellini,30/06/2027,Active,Standard licence condition
vpa_public_register,2026-07-29T13:34:38.613Z,https://pharmacy.vic.gov.au/register-search/,Direct Chemist Outlet Sunshine,"Shops T34 & T51, Sunshine Plaza Shopping Centre, 324 - 328 Hampshire Road",SUNSHINE,VIC,3020,"Shops T34 & T51, Sunshine Plaza Shopping Centre, 324 - 328 Hampshire Road, SUNSHINE VIC 3020",30/06/2027,Active,Standard registration conditions,SP Pharmacy Pty Ltd,30/06/2027,Active,Standard licence condition
vpa_public_register,2026-07-29T13:34:38.613Z,https://pharmacy.vic.gov.au/register-search/,FITZGERALD RD PHARMACY,104 Fitzgerald Road,Ardeer,VIC,3020,"104 Fitzgerald Road, Ardeer VIC 3020",30/06/2027,Active,Standard registration conditions,CHEMISAVE PTY LTD,30/06/2027,Active,Standard licence condition
vpa_public_register,2026-07-29T13:34:38.613Z,https://pharmacy.vic.gov.au/register-search/,HAMPSHIRE PHARMACY,"Shop 6, 314 Hampshire Road",SUNSHINE,VIC,3020,"Shop 6, 314 Hampshire Road, SUNSHINE VIC 3020",30/06/2027,Active,Standard registration conditions,Peter Curkovic,30/06/2027,Active,Standard licence condition
vpa_public_register,2026-07-29T13:34:38.613Z,https://pharmacy.vic.gov.au/register-search/,HAPPY PHARMACY,61 McIntyre Road,Sunshine North,VIC,3020,"61 McIntyre Road, Sunshine North VIC 3020",30/06/2027,Active,Standard registration conditions,Quoc Hung Nguyen,30/06/2027,Active,Standard licence condition
vpa_public_register,2026-07-29T13:34:38.613Z,https://pharmacy.vic.gov.au/register-search/,Priceline Pharmacy Sunshine Marketplace,"MM002, Sunshine Marketplace Shopping Centre, 80 Harvester Road",Sunshine,VIC,3020,"MM002, Sunshine Marketplace Shopping Centre, 80 Harvester Road, Sunshine VIC 3020",30/06/2027,Active,Standard registration conditions,Eqbal Pty Ltd,30/06/2027,Active,Standard licence condition
vpa_public_register,2026-07-29T13:34:38.613Z,https://pharmacy.vic.gov.au/register-search/,Priceline Pharmacy Sunshine Marketplace,"MM002, Sunshine Marketplace Shopping Centre, 80 Harvester Road",Sunshine,VIC,3020,"MM002, Sunshine Marketplace Shopping Centre, 80 Harvester Road, Sunshine VIC 3020",30/06/2027,Active,Standard registration conditions,L Freeman Pty Ltd,30/06/2027,Active,Standard licence condition
vpa_public_register,2026-07-29T13:34:38.613Z,https://pharmacy.vic.gov.au/register-search/,Priceline Pharmacy Sunshine Marketplace,"MM002, Sunshine Marketplace Shopping Centre, 80 Harvester Road",Sunshine,VIC,3020,"MM002, Sunshine Marketplace Shopping Centre, 80 Harvester Road, Sunshine VIC 3020",30/06/2027,Active,Standard registration conditions,Mariam Maximus Pty Ltd,30/06/2027,Active,Standard licence condition
vpa_public_register,2026-07-29T13:34:38.613Z,https://pharmacy.vic.gov.au/register-search/,Priceline Pharmacy Sunshine Marketplace,"MM002, Sunshine Marketplace Shopping Centre, 80 Harvester Road",Sunshine,VIC,3020,"MM002, Sunshine Marketplace Shopping Centre, 80 Harvester Road, Sunshine VIC 3020",30/06/2027,Active,Standard registration conditions,Verdi Pty Ltd,30/06/2027,Active,Standard licence condition
vpa_public_register,2026-07-29T13:34:38.613Z,https://pharmacy.vic.gov.au/register-search/,SUNSHINE CITY PHARMACY,423 Ballarat Road,Sunshine,VIC,3020,"423 Ballarat Road, Sunshine VIC 3020",30/06/2027,Active,Standard registration conditions,Sun Pharmacy Pty Ltd,30/06/2027,Active,Standard licence condition
vpa_public_register,2026-07-29T13:34:38.613Z,https://pharmacy.vic.gov.au/register-search/,SUNSHINE HEALTH PHARMACY,25 Devonshire Road,Sunshine,VIC,3020,"25 Devonshire Road, Sunshine VIC 3020",30/06/2027,Active,Standard registration conditions,Dominic Uccellini,30/06/2027,Active,Standard licence condition
vpa_public_register,2026-07-29T13:34:38.613Z,https://pharmacy.vic.gov.au/register-search/,SUNSHINE WEST PHARMACY,87 Glengala Road,Sunshine West,VIC,3020,"87 Glengala Road, Sunshine West VIC 3020",30/06/2027,Active,Standard registration conditions,Pham Hoang Pty Ltd,30/06/2027,Active,Standard licence condition
vpa_public_register,2026-07-29T13:34:38.613Z,https://pharmacy.vic.gov.au/register-search/,Total Health Pharmacy Sunshine,Shop 2 & 3 / 254 Hampshire Road,Sunshine,VIC,3020,"Shop 2 & 3 / 254 Hampshire Road, Sunshine VIC 3020",30/06/2027,Active,Standard registration conditions,BT Investment Co Pty Ltd,30/06/2027,Active,Standard licence condition
vpa_public_register,2026-07-29T13:34:38.613Z,https://pharmacy.vic.gov.au/register-search/,ALFRIEDA STREET PHARMACY,30 Alfrieda Street,St Albans,VIC,3021,"30 Alfrieda Street, St Albans VIC 3021",30/06/2027,Active,Standard registration conditions,Chan-Wa CHOY,30/06/2027,Active,Standard licence condition
vpa_public_register,2026-07-29T13:34:38.613Z,https://pharmacy.vic.gov.au/register-search/,CHEMIST WAREHOUSE ST ALBANS,"327A, 327B, 327C Main Road East",St Albans,VIC,3021,"327A, 327B, 327C Main Road East, St Albans VIC 3021",30/06/2027,Active,Standard registration conditions,Mario Tascone,30/06/2027,Active,Standard licence condition
vpa_public_register,2026-07-29T13:34:38.613Z,https://pharmacy.vic.gov.au/register-search/,CHEMIST WAREHOUSE ST ALBANS,"327A, 327B, 327C Main Road East",St Albans,VIC,3021,"327A, 327B, 327C Main Road East, St Albans VIC 3021",30/06/2027,Active,Standard registration conditions,Phuong Duc Nam Pho,30/06/2027,Active,Standard licence condition
vpa_public_register,2026-07-29T13:34:38.613Z,https://pharmacy.vic.gov.au/register-search/,First Response Pharmacy,"Part of Ground Floor, Sunshine Hospital, Furlong Road",ST ALBANS,VIC,3021,"Part of Ground Floor, Sunshine Hospital, Furlong Road, ST ALBANS VIC 3021",30/06/2027,Active,Standard registration conditions,First Response Pharmacy Sunshine Pty Ltd,30/06/2027,Active,Standard licence condition
vpa_public_register,2026-07-29T13:34:38.613Z,https://pharmacy.vic.gov.au/register-search/,KEALBA PHARMACY,55 Sunshine Avenue,Kealba,VIC,3021,"55 Sunshine Avenue, Kealba VIC 3021",30/06/2027,Active,Standard registration conditions,ACWLO Pty Ltd,30/06/2027,Active,Standard licence condition
vpa_public_register,2026-07-29T13:34:38.613Z,https://pharmacy.vic.gov.au/register-search/,KINGS PHARMACY,149 Kings Road,Kings Park,VIC,3021,"149 Kings Road, Kings Park VIC 3021",30/06/2027,Active,Specific registration condition | Standard registration conditions,Sun Almighty Pty Ltd,30/06/2027,Active,Specific licence condition | Standard licence condition
vpa_public_register,2026-07-29T13:34:38.613Z,https://pharmacy.vic.gov.au/register-search/,NAM ANH PHARMACY,47-49 Main Road West,St Albans,VIC,3021,"47-49 Main Road West, St Albans VIC 3021",30/06/2027,Active,Standard registration conditions,Huong Nguyen,30/06/2027,Active,Standard licence condition
vpa_public_register,2026-07-29T13:34:38.613Z,https://pharmacy.vic.gov.au/register-search/,Pharmacy 777 St Albans,179 Main Road West,St Albans,VIC,3021,"179 Main Road West, St Albans VIC 3021",30/06/2027,Active,Standard registration conditions,AFSAR Group VIC Pty Ltd,30/06/2027,Active,Standard licence condition
vpa_public_register,2026-07-29T13:34:38.613Z,https://pharmacy.vic.gov.au/register-search/,Pharmacy 777 St Albans,179 Main Road West,St Albans,VIC,3021,"179 Main Road West, St Albans VIC 3021",30/06/2027,Active,Standard registration conditions,Brotherson Group VIC Pty Ltd,30/06/2027,Active,Standard licence condition
vpa_public_register,2026-07-29T13:34:38.613Z,https://pharmacy.vic.gov.au/register-search/,Pharmacy 777 St Albans,179 Main Road West,St Albans,VIC,3021,"179 Main Road West, St Albans VIC 3021",30/06/2027,Active,Standard registration conditions,Speak Group VIC Pty Ltd,30/06/2027,Active,Standard licence condition
vpa_public_register,2026-07-29T13:34:38.613Z,https://pharmacy.vic.gov.au/register-search/,Prime Pharmacy,8 Alfrieda Street,St Albans,VIC,3021,"8 Alfrieda Street, St Albans VIC 3021",30/06/2027,Active,Standard registration conditions,Pharmapower Pty Ltd,30/06/2027,Active,Standard licence condition
vpa_public_register,2026-07-29T13:34:38.613Z,https://pharmacy.vic.gov.au/register-search/,SUNSHINE HOSPITAL PHARMACY DEPARTMENT,176 Furlong Road,St Albans,VIC,3021,"176 Furlong Road, St Albans VIC 3021",30/06/2027,Active,,WESTERN HEALTH,30/06/2027,Active,Standard licence condition
vpa_public_register,2026-07-29T13:34:38.613Z,https://pharmacy.vic.gov.au/register-search/,THAO NGUYEN PHARMACY,314 Main Road East,St Albans,VIC,3021,"314 Main Road East, St Albans VIC 3021",30/06/2027,Active,Standard registration conditions,THAO & TRACY PTY LTD,30/06/2027,Active,Standard licence condition
vpa_public_register,2026-07-29T13:34:38.613Z,https://pharmacy.vic.gov.au/register-search/,Cincotta Discount Chemist Ardeer,51A Holt Street,Ardeer,VIC,3022,"51A Holt Street, Ardeer VIC 3022",30/06/2027,Active,Standard registration conditions,Hadchiti Pharmacies Pty Ltd,30/06/2027,Active,Standard licence condition
vpa_public_register,2026-07-29T13:34:38.613Z,https://pharmacy.vic.gov.au/register-search/,Chemcare Wellness Pharmacy Deer Park,2 / 20 Clairview Road,DEER PARK,VIC,3023,"2 / 20 Clairview Road, DEER PARK VIC 3023",30/06/2027,Active,Standard registration conditions,Imransab Health Services Pty Ltd,30/06/2027,Active,Standard licence condition
vpa_public_register,2026-07-29T13:34:38.613Z,https://pharmacy.vic.gov.au/register-search/,CHEMIST WAREHOUSE BURNSIDE,"Shop 18, Burnside S/C, 15-25 Westwood Drive",BURNSIDE,VIC,3023,"Shop 18, Burnside S/C, 15-25 Westwood Drive, BURNSIDE VIC 3023",30/06/2027,Active,Standard registration conditions,Danielle Di Pilla,30/06/2027,Active,Standard licence condition
vpa_public_register,2026-07-29T13:34:38.613Z,https://pharmacy.vic.gov.au/register-search/,CHEMIST WAREHOUSE BURNSIDE,"Shop 18, Burnside S/C, 15-25 Westwood Drive",BURNSIDE,VIC,3023,"Shop 18, Burnside S/C, 15-25 Westwood Drive, BURNSIDE VIC 3023",30/06/2027,Active,Standard registration conditions,Michael Salama,30/06/2027,Active,Standard licence condition
vpa_public_register,2026-07-29T13:34:38.613Z,https://pharmacy.vic.gov.au/register-search/,Chemist Warehouse Caroline Springs,2-6 Caroline Springs Blvd,Caroline Springs,VIC,3023,"2-6 Caroline Springs Blvd, Caroline Springs VIC 3023",30/06/2027,Active,Standard registration conditions,Pharmacy O2398 Pty Ltd,30/06/2027,Active,Standard licence condition
vpa_public_register,2026-07-29T13:34:38.613Z,https://pharmacy.vic.gov.au/register-search/,Chemist Warehouse Caroline Springs Town Square,"Shop L01 016, CS Square Centre, 29 - 35 Lake Street",CAROLINE SPRINGS,VIC,3023,"Shop L01 016, CS Square Centre, 29 - 35 Lake Street, CAROLINE SPRINGS VIC 3023",30/06/2027,Active,Standard registration conditions,Pharmacy O2555 Pty Ltd,30/06/2027,Active,Standard licence condition
vpa_public_register,2026-07-29T13:34:38.613Z,https://pharmacy.vic.gov.au/register-search/,Deer Park Compounding Pharmacy,811a Ballarat Road,Deer Park,VIC,3023,"811a Ballarat Road, Deer Park VIC 3023",30/06/2027,Active,Standard registration conditions,Hung Luu,30/06/2027,Active,Standard licence condition
vpa_public_register,2026-07-29T13:34:38.613Z,https://pharmacy.vic.gov.au/register-search/,Deer Park Dispensary,93A Station Road,Deer Park,VIC,3023,"93A Station Road, Deer Park VIC 3023",30/06/2027,Active,Standard registration conditions,Deer Park Dispensary Pty Ltd,30/06/2027,Active,Standard licence condition
vpa_public_register,2026-07-29T13:34:38.613Z,https://pharmacy.vic.gov.au/register-search/,Direct Chemist Outlet Brimbank,"Shop T097 Brimbank Central Shopping Centre, 28 - 72 Neale Road",DEER PARK,VIC,3023,"Shop T097 Brimbank Central Shopping Centre, 28 - 72 Neale Road, DEER PARK VIC 3023",30/06/2027,Active,Standard registration conditions,Faris Melhem,30/06/2027,Active,Standard licence condition
vpa_public_register,2026-07-29T13:34:38.613Z,https://pharmacy.vic.gov.au/register-search/,Direct Chemist Outlet Brimbank,"Shop T097 Brimbank Central Shopping Centre, 28 - 72 Neale Road",DEER PARK,VIC,3023,"Shop T097 Brimbank Central Shopping Centre, 28 - 72 Neale Road, DEER PARK VIC 3023",30/06/2027,Active,Standard registration conditions,Rebecca Aziz,30/06/2027,Active,Standard licence condition
vpa_public_register,2026-07-29T13:34:38.613Z,https://pharmacy.vic.gov.au/register-search/,Direct Chemist Outlet Brimbank,"Shop T097 Brimbank Central Shopping Centre, 28 - 72 Neale Road",DEER PARK,VIC,3023,"Shop T097 Brimbank Central Shopping Centre, 28 - 72 Neale Road, DEER PARK VIC 3023",30/06/2027,Active,Standard registration conditions,Wael Labib Ahmed,30/06/2027,Active,Standard licence condition
vpa_public_register,2026-07-29T13:34:38.613Z,https://pharmacy.vic.gov.au/register-search/,Direct Chemist Outlet Westsprings,"Unit C01, Westsprings Central, 1042 Western Hwy",CAROLINE SPRINGS,VIC,3023,"Unit C01, Westsprings Central, 1042 Western Hwy, CAROLINE SPRINGS VIC 3023",30/06/2027,Active,Standard registration conditions,Hien Nguyen,30/06/2027,Active,Standard licence condition
vpa_public_register,2026-07-29T13:34:38.613Z,https://pharmacy.vic.gov.au/register-search/,Direct Chemist Outlet Westsprings,"Unit C01, Westsprings Central, 1042 Western Hwy",CAROLINE SPRINGS,VIC,3023,"Unit C01, Westsprings Central, 1042 Western Hwy, CAROLINE SPRINGS VIC 3023",30/06/2027,Active,Standard registration conditions,JV Pharmacy Pty Ltd,30/06/2027,Active,Standard licence condition
vpa_public_register,2026-07-29T13:34:38.613Z,https://pharmacy.vic.gov.au/register-search/,Direct Chemist Outlet Westsprings,"Unit C01, Westsprings Central, 1042 Western Hwy",CAROLINE SPRINGS,VIC,3023,"Unit C01, Westsprings Central, 1042 Western Hwy, CAROLINE SPRINGS VIC 3023",30/06/2027,Active,Standard registration conditions,West Pharmacy Pty Ltd,30/06/2027,Active,Standard licence condition
vpa_public_register,2026-07-29T13:34:38.613Z,https://pharmacy.vic.gov.au/register-search/,Direct Chemist Outlet Westsprings,"Unit C01, Westsprings Central, 1042 Western Hwy",CAROLINE SPRINGS,VIC,3023,"Unit C01, Westsprings Central, 1042 Western Hwy, CAROLINE SPRINGS VIC 3023",30/06/2027,Active,Standard registration conditions,Westsprings Pharmacy Pty Ltd,30/06/2027,Active,Standard licence condition
vpa_public_register,2026-07-29T13:34:38.613Z,https://pharmacy.vic.gov.au/register-search/,GE Pharmacy,104 Station Road,Deer Park,VIC,3023,"104 Station Road, Deer Park VIC 3023",30/06/2027,Active,Standard registration conditions,GE Pharmacy Pty Ltd,30/06/2027,Active,Standard licence condition
vpa_public_register,2026-07-29T13:34:38.613Z,https://pharmacy.vic.gov.au/register-search/,PRICELINE PHARMACY CAIRNLEA,"Shop 4, Cairnlea Town Centre, 100 Furlong Road",CAIRNLEA,VIC,3023,"Shop 4, Cairnlea Town Centre, 100 Furlong Road, CAIRNLEA VIC 3023",30/06/2027,Active,Standard registration conditions,RRP Pharmacies Pty Ltd,30/06/2027,Active,Standard licence condition
vpa_public_register,2026-07-29T13:34:38.613Z,https://pharmacy.vic.gov.au/register-search/,TERRYWHITE CHEMMART BRIMBANK,"Shop T49 & T51, Brimbank Shopping Centre, Corner Neale & Station Roads",Deer Park,VIC,3023,"Shop T49 & T51, Brimbank Shopping Centre, Corner Neale & Station Roads, Deer Park VIC 3023",30/06/2027,Active,Standard registration conditions,Brimank Pty Ltd,30/06/2027,Active,Standard licence condition
vpa_public_register,2026-07-29T13:34:38.613Z,https://pharmacy.vic.gov.au/register-search/,TerryWhite Chemmart Caroline Springs,"Pharmacy premises, Our Medical Caroline Springs, Unit 1, 173 Caroline Springs Boulevard",Caroline Springs,VIC,3023,"Pharmacy premises, Our Medical Caroline Springs, Unit 1, 173 Caroline Springs Boulevard, Caroline Springs VIC 3023",30/06/2027,Active,Standard registration conditions,Garran Pharmacy Management Pty Ltd,30/06/2027,Active,Standard licence condition
vpa_public_register,2026-07-29T13:34:38.613Z,https://pharmacy.vic.gov.au/register-search/,Choice Pharmacy Mambourin,"Shop 16, Mambourin Marketplace, 36 Delama Boulevard",Mambourin,VIC,3024,"Shop 16, Mambourin Marketplace, 36 Delama Boulevard, Mambourin VIC 3024",30/06/2027,Active,Standard registration conditions,Choice Pharmacy Mambourin Pty Ltd,30/06/2027,Active,Standard licence condition
vpa_public_register,2026-07-29T13:34:38.613Z,https://pharmacy.vic.gov.au/register-search/,MANOR LAKES PHARMACY,"Shop 6, Manor Lakes Shopping Centre, Manor Lakes Boulevard",Wyndham Vale,VIC,3024,"Shop 6, Manor Lakes Shopping Centre, Manor Lakes Boulevard, Wyndham Vale VIC 3024",30/06/2027,Active,Standard registration conditions,Paul Katsavos,30/06/2027,Active,Standard licence condition
vpa_public_register,2026-07-29T13:34:38.613Z,https://pharmacy.vic.gov.au/register-search/,WYNDHAMVALE PHARMACY,127 Ballan Road,Wyndham Vale,VIC,3024,"127 Ballan Road, Wyndham Vale VIC 3024",30/06/2027,Active,Standard registration conditions,Koray Yigit,30/06/2027,Active,Standard licence condition
vpa_public_register,2026-07-29T13:34:38.613Z,https://pharmacy.vic.gov.au/register-search/,BLACKSHAWS ROAD NIGHT CHEMIST,310A Blackshaws Road,Altona North,VIC,3025,"310A Blackshaws Road, Altona North VIC 3025",30/06/2027,Active,Standard registration conditions,Hugh Nguyen,30/06/2027,Active,Standard licence condition
vpa_public_register,2026-07-29T13:34:38.613Z,https://pharmacy.vic.gov.au/register-search/,Borrack Square Pharmacy,13 Borrack Square,ALTONA NORTH,VIC,3025,"13 Borrack Square, ALTONA NORTH VIC 3025",30/06/2027,Active,Standard registration conditions,Altona North Chemist Pty Ltd,30/06/2027,Active,Standard licence condition
vpa_public_register,2026-07-29T13:34:38.613Z,https://pharmacy.vic.gov.au/register-search/,CHEMIST WAREHOUSE ALTONA GATE,"G7 Altona Gate Shopping Centre, 124 Millers Road",Altona North,VIC,3025,"G7 Altona Gate Shopping Centre, 124 Millers Road, Altona North VIC 3025",30/06/2027,Active,Standard registration conditions,Antony Panagiotou,30/06/2027,Active,Standard licence condition
vpa_public_register,2026-07-29T13:34:38.613Z,https://pharmacy.vic.gov.au/register-search/,CHEMIST WAREHOUSE ALTONA GATE,"G7 Altona Gate Shopping Centre, 124 Millers Road",Altona North,VIC,3025,"G7 Altona Gate Shopping Centre, 124 Millers Road, Altona North VIC 3025",30/06/2027,Active,Standard registration conditions,Sam Gance,30/06/2027,Active,Standard licence condition
vpa_public_register,2026-07-29T13:34:38.613Z,https://pharmacy.vic.gov.au/register-search/,Chemist Warehouse Altona North,202 Millers Road,ALTONA NORTH,VIC,3025,"202 Millers Road, ALTONA NORTH VIC 3025",30/06/2027,Active,Standard registration conditions,Antony Panagiotou,30/06/2027,Active,Standard licence condition
vpa_public_register,2026-07-29T13:34:38.613Z,https://pharmacy.vic.gov.au/register-search/,Chemist Warehouse Altona North,202 Millers Road,ALTONA NORTH,VIC,3025,"202 Millers Road, ALTONA NORTH VIC 3025",30/06/2027,Active,Standard registration conditions,Sam Gance,30/06/2027,Active,Standard licence condition
vpa_public_register,2026-07-29T13:34:38.613Z,https://pharmacy.vic.gov.au/register-search/,North Altona Compounding Pharmacy,6 / 230 Blackshaws Road,Altona North,VIC,3025,"6 / 230 Blackshaws Road, Altona North VIC 3025",30/06/2027,Active,Standard registration conditions,Circle Health Pharmacy Pty Ltd,30/06/2027,Active,Standard licence condition
vpa_public_register,2026-07-29T13:34:38.613Z,https://pharmacy.vic.gov.au/register-search/,Pharmacy 4 Less Altona North,"Shop T01A-S2, Millers Junction Retail",ALTONA NORTH,VIC,3025,"Shop T01A-S2, Millers Junction Retail, ALTONA NORTH VIC 3025",30/06/2027,Active,Standard registration conditions,Asiyas Pharmacy Pty Ltd,30/06/2027,Active,Standard licence condition
vpa_public_register,2026-07-29T13:34:38.613Z,https://pharmacy.vic.gov.au/register-search/,Ramsay Pharmacy Altona North,53 The Circle,Altona North,VIC,3025,"53 The Circle, Altona North VIC 3025",30/06/2027,Active,Standard registration conditions,Danderian Enterprises Pty Ltd,30/06/2027,Active,Standard licence condition
vpa_public_register,2026-07-29T13:34:38.613Z,https://pharmacy.vic.gov.au/register-search/,Direct Chemist Outlet Williams Landing,"Williams Landing Shopping Centre, Shops T06 and T07, 100 Overton Road",WILLIAMS LANDING,VIC,3027,"Williams Landing Shopping Centre, Shops T06 and T07, 100 Overton Road, WILLIAMS LANDING VIC 3027",30/06/2027,Active,Standard registration conditions,Amy Sanfilippo,30/06/2027,Active,Standard licence condition
vpa_public_register,2026-07-29T13:34:38.613Z,https://pharmacy.vic.gov.au/register-search/,Direct Chemist Outlet Williams Landing,"Williams Landing Shopping Centre, Shops T06 and T07, 100 Overton Road",WILLIAMS LANDING,VIC,3027,"Williams Landing Shopping Centre, Shops T06 and T07, 100 Overton Road, WILLIAMS LANDING VIC 3027",30/06/2027,Active,Standard registration conditions,Reda Zaki,30/06/2027,Active,Standard licence condition
vpa_public_register,2026-07-29T13:34:38.613Z,https://pharmacy.vic.gov.au/register-search/,Direct Chemist Outlet Williams Landing,"Williams Landing Shopping Centre, Shops T06 and T07, 100 Overton Road",WILLIAMS LANDING,VIC,3027,"Williams Landing Shopping Centre, Shops T06 and T07, 100 Overton Road, WILLIAMS LANDING VIC 3027",30/06/2027,Active,Standard registration conditions,Robert Nashed,30/06/2027,Active,Standard licence condition
vpa_public_register,2026-07-29T13:34:38.613Z,https://pharmacy.vic.gov.au/register-search/,BLADIN STREET PHARMACY,62 Bladin Street,LAVERTON,VIC,3028,"62 Bladin Street, LAVERTON VIC 3028",30/06/2027,Active,Standard registration conditions,CHEMISAVE PTY LTD,30/06/2027,Active,Standard licence condition
vpa_public_register,2026-07-29T13:34:38.613Z,https://pharmacy.vic.gov.au/register-search/,Direct Chemist Outlet Laverton,2 Aviation Road,Laverton,VIC,3028,"2 Aviation Road, Laverton VIC 3028",30/06/2027,Active,Standard registration conditions,Laverton Pharmacy Pty Ltd,30/06/2027,Active,Standard licence condition
vpa_public_register,2026-07-29T13:34:38.613Z,https://pharmacy.vic.gov.au/register-search/,Adams Chemist,937-941 Sayers Road,TARNEIT,VIC,3029,"937-941 Sayers Road, TARNEIT VIC 3029",30/06/2027,Active,Standard registration conditions,Sumaya Health Pty Ltd,30/06/2027,Active,Standard licence condition
vpa_public_register,2026-07-29T13:34:38.613Z,https://pharmacy.vic.gov.au/register-search/,Care Saver Discount Chemist,Part of 228A Sayers Road,TRUGANINA,VIC,3029,"Part of 228A Sayers Road, TRUGANINA VIC 3029",30/06/2027,Active,Standard registration conditions,Palmers Pharmacy Pty Ltd,30/06/2027,Active,Standard licence condition
vpa_public_register,2026-07-29T13:34:38.613Z,https://pharmacy.vic.gov.au/register-search/,Care Saver Discount Chemist,Part of 228A Sayers Road,TRUGANINA,VIC,3029,"Part of 228A Sayers Road, TRUGANINA VIC 3029",30/06/2027,Active,Standard registration conditions,Truganina Pharmacy Pty Ltd,30/06/2027,Active,Standard licence condition
vpa_public_register,2026-07-29T13:34:38.613Z,https://pharmacy.vic.gov.au/register-search/,Chemist Warehouse Tarneit Gardens Shopping Centre,"Shop 17 & 18, Tarneit Gardens Shopping Centre, 747 Tarneit Road",Tarneit,VIC,3029,"Shop 17 & 18, Tarneit Gardens Shopping Centre, 747 Tarneit Road, Tarneit VIC 3029",30/06/2027,Active,Standard registration conditions,Luongl Investments Pty Ltd,30/06/2027,Active,Standard licence condition
vpa_public_register,2026-07-29T13:34:38.613Z,https://pharmacy.vic.gov.au/register-search/,Chemist Warehouse Tarneit Gardens Shopping Centre,"Shop 17 & 18, Tarneit Gardens Shopping Centre, 747 Tarneit Road",Tarneit,VIC,3029,"Shop 17 & 18, Tarneit Gardens Shopping Centre, 747 Tarneit Road, Tarneit VIC 3029",30/06/2027,Active,Standard registration conditions,Ververisa Pty Ltd,30/06/2027,Active,Standard licence condition
vpa_public_register,2026-07-29T13:34:38.613Z,https://pharmacy.vic.gov.au/register-search/,Chemist Warehouse Tarneit Gardens Shopping Centre,"Shop 17 & 18, Tarneit Gardens Shopping Centre, 747 Tarneit Road",Tarneit,VIC,3029,"Shop 17 & 18, Tarneit Gardens Shopping Centre, 747 Tarneit Road, Tarneit VIC 3029",30/06/2027,Active,Standard registration conditions,Vic Pharm Pty Ltd,30/06/2027,Active,Standard licence condition
vpa_public_register,2026-07-29T13:34:38.613Z,https://pharmacy.vic.gov.au/register-search/,Chemist Warehouse Truganina Central,"T18 Pharmacy, Truganina Central, 185 Woods Road",Truganina,VIC,3029,"T18 Pharmacy, Truganina Central, 185 Woods Road, Truganina VIC 3029",30/06/2027,Active,Standard registration conditions,Pharmacy O2504 Pty Ltd,30/06/2027,Active,Standard licence condition
vpa_public_register,2026-07-29T13:34:38.613Z,https://pharmacy.vic.gov.au/register-search/,Chemist Warehouse Wyndham Shopping Centre,"Shop 5, Wyndham Village Shopping Centre, 380 Sayers Road",TARNEIT,VIC,3029,"Shop 5, Wyndham Village Shopping Centre, 380 Sayers Road, TARNEIT VIC 3029",30/06/2027,Active,Standard registration conditions,Pharmacy O2556 Pty Ltd,30/06/2027,Active,Standard licence condition
vpa_public_register,2026-07-29T13:34:38.613Z,https://pharmacy.vic.gov.au/register-search/,CHEMIST WAREHOUSE-HOPPERS CROSSING,"Units 24 & 25, 428 Old Geelong Road",Hoppers Crossing,VIC,3029,"Units 24 & 25, 428 Old Geelong Road, Hoppers Crossing VIC 3029",30/06/2027,Active,Standard registration conditions,Craig Gordon Pharmacies Pty Ltd,30/06/2027,Active,Standard licence condition
vpa_public_register,2026-07-29T13:34:38.613Z,https://pharmacy.vic.gov.au/register-search/,CHEMIST WAREHOUSE-HOPPERS CROSSING,"Units 24 & 25, 428 Old Geelong Road",Hoppers Crossing,VIC,3029,"Units 24 & 25, 428 Old Geelong Road, Hoppers Crossing VIC 3029",30/06/2027,Active,Standard registration conditions,PLCT PTY LTD,30/06/2027,Active,Standard licence condition
vpa_public_register,2026-07-29T13:34:38.613Z,https://pharmacy.vic.gov.au/register-search/,CHEMIST WAREHOUSE-HOPPERS CROSSING,"Units 24 & 25, 428 Old Geelong Road",Hoppers Crossing,VIC,3029,"Units 24 & 25, 428 Old Geelong Road, Hoppers Crossing VIC 3029",30/06/2027,Active,Standard registration conditions,PLDN Pty Ltd,30/06/2027,Active,Standard licence condition
vpa_public_register,2026-07-29T13:34:38.613Z,https://pharmacy.vic.gov.au/register-search/,CHEMIST WAREHOUSE-HOPPERS CROSSING,"Units 24 & 25, 428 Old Geelong Road",Hoppers Crossing,VIC,3029,"Units 24 & 25, 428 Old Geelong Road, Hoppers Crossing VIC 3029",30/06/2027,Active,Standard registration conditions,YCG Pharm Pty Ltd,30/06/2027,Active,Standard licence condition
vpa_public_register,2026-07-29T13:34:38.613Z,https://pharmacy.vic.gov.au/register-search/,Direct Chemist Outlet Riverdale,Shop 4 / 200 Hummingbird Boulevard,TARNEIT,VIC,3029,"Shop 4 / 200 Hummingbird Boulevard, TARNEIT VIC 3029",30/06/2027,Active,Standard registration conditions,Aziz RD Pharmacy Pty Ltd,30/06/2027,Active,Standard licence condition
vpa_public_register,2026-07-29T13:34:38.613Z,https://pharmacy.vic.gov.au/register-search/,Direct Chemist Outlet Riverdale,Shop 4 / 200 Hummingbird Boulevard,TARNEIT,VIC,3029,"Shop 4 / 200 Hummingbird Boulevard, TARNEIT VIC 3029",30/06/2027,Active,Standard registration conditions,Jessica Burrey,30/06/2027,Active,Standard licence condition
vpa_public_register,2026-07-29T13:34:38.613Z,https://pharmacy.vic.gov.au/register-search/,Direct Chemist Outlet Riverdale,Shop 4 / 200 Hummingbird Boulevard,TARNEIT,VIC,3029,"Shop 4 / 200 Hummingbird Boulevard, TARNEIT VIC 3029",30/06/2027,Active,Standard registration conditions,PSM Pharmacies Pty Ltd,30/06/2027,Active,Standard licence condition
vpa_public_register,2026-07-29T13:34:38.613Z,https://pharmacy.vic.gov.au/register-search/,Direct Chemist Outlet Tarneit West,"Shop 11 & 12 Tarneit West Village, 540 Tarneit Road",Tarneit,VIC,3029,"Shop 11 & 12 Tarneit West Village, 540 Tarneit Road, Tarneit VIC 3029",30/06/2027,Active,Standard registration conditions,Andre Lengkong,30/06/2027,Active,Standard licence condition
vpa_public_register,2026-07-29T13:34:38.613Z,https://pharmacy.vic.gov.au/register-search/,Direct Chemist Outlet Tarneit West,"Shop 11 & 12 Tarneit West Village, 540 Tarneit Road",Tarneit,VIC,3029,"Shop 11 & 12 Tarneit West Village, 540 Tarneit Road, Tarneit VIC 3029",30/06/2027,Active,Standard registration conditions,Hien Nguyen,30/06/2027,Active,Standard licence condition
vpa_public_register,2026-07-29T13:34:38.613Z,https://pharmacy.vic.gov.au/register-search/,Direct Chemist Outlet Tarneit West,"Shop 11 & 12 Tarneit West Village, 540 Tarneit Road",Tarneit,VIC,3029,"Shop 11 & 12 Tarneit West Village, 540 Tarneit Road, Tarneit VIC 3029",30/06/2027,Active,Standard registration conditions,Rebecca Kordos,30/06/2027,Active,Standard licence condition
vpa_public_register,2026-07-29T13:34:38.613Z,https://pharmacy.vic.gov.au/register-search/,Good Health Compounding Pharmacy,381 Sayers Road,Hoppers Crossing,VIC,3029,"381 Sayers Road, Hoppers Crossing VIC 3029",30/06/2027,Active,Standard registration conditions,NARR Pharmacies Pty Ltd,30/06/2027,Active,Standard licence condition
vpa_public_register,2026-07-29T13:34:38.613Z,https://pharmacy.vic.gov.au/register-search/,Hogans Corner Pharmacy,"Shop 9 & 10, Hogans Corner S/C, Cnr Hogans and Derrimut Roads",Hoppers Crossing,VIC,3029,"Shop 9 & 10, Hogans Corner S/C, Cnr Hogans and Derrimut Roads, Hoppers Crossing VIC 3029",30/06/2027,Active,Standard registration conditions,Bang and Lee Investments Pty Ltd,30/06/2027,Active,Standard licence condition
vpa_public_register,2026-07-29T13:34:38.613Z,https://pharmacy.vic.gov.au/register-search/,Hoppers Crossing Pharmacy,"Shop 001 Hoppers Crossing S/C, 24 - 48 Old Geelong Road",Hoppers Crossing,VIC,3029,"Shop 001 Hoppers Crossing S/C, 24 - 48 Old Geelong Road, Hoppers Crossing VIC 3029",30/06/2027,Active,Standard registration conditions,Hoppers Bonne Sante Pty Ltd,30/06/2027,Active,Standard licence condition
vpa_public_register,2026-07-29T13:34:38.613Z,https://pharmacy.vic.gov.au/register-search/,Hoppers Crossing Pharmacy,"Shop 001 Hoppers Crossing S/C, 24 - 48 Old Geelong Road",Hoppers Crossing,VIC,3029,"Shop 001 Hoppers Crossing S/C, 24 - 48 Old Geelong Road, Hoppers Crossing VIC 3029",30/06/2027,Active,Standard registration conditions,Hoppers Good Health Pty Ltd,30/06/2027,Active,Standard licence condition
vpa_public_register,2026-07-29T13:34:38.613Z,https://pharmacy.vic.gov.au/register-search/,Medplus Pharmacy,755 Sayers Road,Hoppers Crossing,VIC,3029,"755 Sayers Road, Hoppers Crossing VIC 3029",30/06/2027,Active,Standard registration conditions,K2 Pharmacy Pty Ltd,30/06/2027,Active,Standard licence condition
vpa_public_register,2026-07-29T13:34:38.613Z,https://pharmacy.vic.gov.au/register-search/,Tarneit Discount Drug Store,"Shop 14, Tarneit Central Shopping Centre, 540 Derrimut Road",TARNEIT,VIC,3029,"Shop 14, Tarneit Central Shopping Centre, 540 Derrimut Road, TARNEIT VIC 3029",30/06/2027,Active,Standard registration conditions,3K Pharmaceuticals Pty Ltd,30/06/2027,Active,Standard licence condition
vpa_public_register,2026-07-29T13:34:38.613Z,https://pharmacy.vic.gov.au/register-search/,Tarneit Discount Drug Store,"Shop 14, Tarneit Central Shopping Centre, 540 Derrimut Road",TARNEIT,VIC,3029,"Shop 14, Tarneit Central Shopping Centre, 540 Derrimut Road, TARNEIT VIC 3029",30/06/2027,Active,Standard registration conditions,HTP Investments Pty Ltd,30/06/2027,Active,Standard licence condition
vpa_public_register,2026-07-29T13:34:38.613Z,https://pharmacy.vic.gov.au/register-search/,Tarneit Discount Drug Store,"Shop 14, Tarneit Central Shopping Centre, 540 Derrimut Road",TARNEIT,VIC,3029,"Shop 14, Tarneit Central Shopping Centre, 540 Derrimut Road, TARNEIT VIC 3029",30/06/2027,Active,Standard registration conditions,KC Pharmacies Pty Ltd,30/06/2027,Active,Standard licence condition
vpa_public_register,2026-07-29T13:34:38.613Z,https://pharmacy.vic.gov.au/register-search/,Tarneit Discount Drug Store,"Shop 14, Tarneit Central Shopping Centre, 540 Derrimut Road",TARNEIT,VIC,3029,"Shop 14, Tarneit Central Shopping Centre, 540 Derrimut Road, TARNEIT VIC 3029",30/06/2027,Active,Standard registration conditions,Tarneit Clark Pharmacy Pty Ltd,30/06/2027,Active,Standard licence condition
vpa_public_register,2026-07-29T13:34:38.613Z,https://pharmacy.vic.gov.au/register-search/,Tarneit Pharmacy,"Part of Shop 1 & 2, 412 Derrimut Road",TARNEIT,VIC,3029,"Part of Shop 1 & 2, 412 Derrimut Road, TARNEIT VIC 3029",30/06/2027,Active,Standard registration conditions,Kee-Wah Leong,30/06/2027,Active,Standard licence condition
vpa_public_register,2026-07-29T13:34:38.613Z,https://pharmacy.vic.gov.au/register-search/,Tarneit Pharmacy,"Part of Shop 1 & 2, 412 Derrimut Road",TARNEIT,VIC,3029,"Part of Shop 1 & 2, 412 Derrimut Road, TARNEIT VIC 3029",30/06/2027,Active,Standard registration conditions,Long Ho,30/06/2027,Active,Standard licence condition
vpa_public_register,2026-07-29T13:34:38.613Z,https://pharmacy.vic.gov.au/register-search/,Truganina Discount Pharmacy,200 Forsyth Road,TRUGANINA,VIC,3029,"200 Forsyth Road, TRUGANINA VIC 3029",30/06/2027,Active,Standard registration conditions,Truganina MCP Pty Ltd,30/06/2027,Active,Standard licence condition
vpa_public_register,2026-07-29T13:34:38.613Z,https://pharmacy.vic.gov.au/register-search/,Chemist Warehouse Derrimut,"Tenancies 12 & 13 Derrimut Village S/C, 20 Mt Derrimut Road",DERRIMUT,VIC,3030,"Tenancies 12 & 13 Derrimut Village S/C, 20 Mt Derrimut Road, DERRIMUT VIC 3030",30/06/2027,Active,Standard registration conditions,Fabian Tascone,30/06/2027,Active,Standard licence condition
vpa_public_register,2026-07-29T13:34:38.613Z,https://pharmacy.vic.gov.au/register-search/,Chemist Warehouse Derrimut,"Tenancies 12 & 13 Derrimut Village S/C, 20 Mt Derrimut Road",DERRIMUT,VIC,3030,"Tenancies 12 & 13 Derrimut Village S/C, 20 Mt Derrimut Road, DERRIMUT VIC 3030",30/06/2027,Active,Standard registration conditions,Michael Salama,30/06/2027,Active,Standard licence condition
vpa_public_register,2026-07-29T13:34:38.613Z,https://pharmacy.vic.gov.au/register-search/,Chemist Warehouse Pacific Werribee Shopping Centre,"Shop 282, Pacific Werribee, Corner Derrimut & Heaths Roads",WERRIBEE,VIC,3030,"Shop 282, Pacific Werribee, Corner Derrimut & Heaths Roads, WERRIBEE VIC 3030",30/06/2027,Active,Standard registration conditions,Jeffrey Wasley,30/06/2027,Active,Standard licence condition
vpa_public_register,2026-07-29T13:34:38.613Z,https://pharmacy.vic.gov.au/register-search/,Chemist Warehouse Pacific Werribee Shopping Centre,"Shop 282, Pacific Werribee, Corner Derrimut & Heaths Roads",WERRIBEE,VIC,3030,"Shop 282, Pacific Werribee, Corner Derrimut & Heaths Roads, WERRIBEE VIC 3030",30/06/2027,Active,Standard registration conditions,PLCT PTY LTD,30/06/2027,Active,Standard licence condition
vpa_public_register,2026-07-29T13:34:38.613Z,https://pharmacy.vic.gov.au/register-search/,Chemist Warehouse Pacific Werribee Shopping Centre,"Shop 282, Pacific Werribee, Corner Derrimut & Heaths Roads",WERRIBEE,VIC,3030,"Shop 282, Pacific Werribee, Corner Derrimut & Heaths Roads, WERRIBEE VIC 3030",30/06/2027,Active,Standard registration conditions,PLDN Pty Ltd,30/06/2027,Active,Standard licence condition
vpa_public_register,2026-07-29T13:34:38.613Z,https://pharmacy.vic.gov.au/register-search/,Chemist Warehouse Point Cook,"Shop 5,6,7,8 & Parts of Shops 9 & 10, Boardwalk Central, 48 - 56 Tom Roberts Parade",Point Cook,VIC,3030,"Shop 5,6,7,8 & Parts of Shops 9 & 10, Boardwalk Central, 48 - 56 Tom Roberts Parade, Point Cook VIC 3030",30/06/2027,Active,Standard registration conditions,Craig Gordon Pharmacies Pty Ltd,30/06/2027,Active,Standard licence condition
vpa_public_register,2026-07-29T13:34:38.613Z,https://pharmacy.vic.gov.au/register-search/,Chemist Warehouse Point Cook,"Shop 5,6,7,8 & Parts of Shops 9 & 10, Boardwalk Central, 48 - 56 Tom Roberts Parade",Point Cook,VIC,3030,"Shop 5,6,7,8 & Parts of Shops 9 & 10, Boardwalk Central, 48 - 56 Tom Roberts Parade, Point Cook VIC 3030",30/06/2027,Active,Standard registration conditions,David Tadros,30/06/2027,Active,Standard licence condition
vpa_public_register,2026-07-29T13:34:38.613Z,https://pharmacy.vic.gov.au/register-search/,Chemist Warehouse Werribee Heaths Road,"Tenancy 1, Ground Floor, 283 & 285 Heaths Road",WERRIBEE,VIC,3030,"Tenancy 1, Ground Floor, 283 & 285 Heaths Road, WERRIBEE VIC 3030",30/06/2027,Active,Standard registration conditions,PLCT PTY LTD,30/06/2027,Active,Standard licence condition
vpa_public_register,2026-07-29T13:34:38.613Z,https://pharmacy.vic.gov.au/register-search/,Chemist Warehouse Werribee Heaths Road,"Tenancy 1, Ground Floor, 283 & 285 Heaths Road",WERRIBEE,VIC,3030,"Tenancy 1, Ground Floor, 283 & 285 Heaths Road, WERRIBEE VIC 3030",30/06/2027,Active,Standard registration conditions,SJTLC Pty Ltd,30/06/2027,Active,Standard licence condition
vpa_public_register,2026-07-29T13:34:38.613Z,https://pharmacy.vic.gov.au/register-search/,Chemist Warehouse Werribee Watton Street,69 - 71 Watton Street,Werribee,VIC,3030,"69 - 71 Watton Street, Werribee VIC 3030",30/06/2027,Active,Standard registration conditions,Pharmacy O2413 Pty Ltd,30/06/2027,Active,Standard licence condition
vpa_public_register,2026-07-29T13:34:38.613Z,https://pharmacy.vic.gov.au/register-search/,Direct Chemist Outlet - Saltwater,"Shop 13, 15 Kenswick Street",POINT COOK,VIC,3030,"Shop 13, 15 Kenswick Street, POINT COOK VIC 3030",30/06/2027,Active,Standard registration conditions,Maro Georges,30/06/2027,Active,Standard licence condition
vpa_public_register,2026-07-29T13:34:38.613Z,https://pharmacy.vic.gov.au/register-search/,DIRECT CHEMIST OUTLET - WERRIBEE VILLAGE,"Shop 10A Werribee Village Shopping Centre, 167 - 179 Shaws Road",Werribee,VIC,3030,"Shop 10A Werribee Village Shopping Centre, 167 - 179 Shaws Road, Werribee VIC 3030",30/06/2027,Active,Standard registration conditions,Hien Nguyen,30/06/2027,Active,Standard licence condition
vpa_public_register,2026-07-29T13:34:38.613Z,https://pharmacy.vic.gov.au/register-search/,DIRECT CHEMIST OUTLET - WERRIBEE VILLAGE,"Shop 10A Werribee Village Shopping Centre, 167 - 179 Shaws Road",Werribee,VIC,3030,"Shop 10A Werribee Village Shopping Centre, 167 - 179 Shaws Road, Werribee VIC 3030",30/06/2027,Active,Standard registration conditions,Ian Tauman,30/06/2027,Active,Standard licence condition
vpa_public_register,2026-07-29T13:34:38.613Z,https://pharmacy.vic.gov.au/register-search/,DIRECT CHEMIST OUTLET - WERRIBEE VILLAGE,"Shop 10A Werribee Village Shopping Centre, 167 - 179 Shaws Road",Werribee,VIC,3030,"Shop 10A Werribee Village Shopping Centre, 167 - 179 Shaws Road, Werribee VIC 3030",30/06/2027,Active,Standard registration conditions,PH WV Pharmacy Pty Ltd,30/06/2027,Active,Standard licence condition
vpa_public_register,2026-07-29T13:34:38.613Z,https://pharmacy.vic.gov.au/register-search/,DIRECT CHEMIST OUTLET - WERRIBEE VILLAGE,"Shop 10A Werribee Village Shopping Centre, 167 - 179 Shaws Road",Werribee,VIC,3030,"Shop 10A Werribee Village Shopping Centre, 167 - 179 Shaws Road, Werribee VIC 3030",30/06/2027,Active,Standard registration conditions,Stephen Yong,30/06/2027,Active,Standard licence condition
vpa_public_register,2026-07-29T13:34:38.613Z,https://pharmacy.vic.gov.au/register-search/,Direct Chemist Outlet Featherbrook,"Shop 5, Featherbrook Shopping Centre, 238 Boardwalk Boulevard",POINT COOK,VIC,3030,"Shop 5, Featherbrook Shopping Centre, 238 Boardwalk Boulevard, POINT COOK VIC 3030",30/06/2027,Active,Standard registration conditions,Aziz FB Pharmacy Pty Ltd,30/06/2027,Active,Standard licence condition
vpa_public_register,2026-07-29T13:34:38.613Z,https://pharmacy.vic.gov.au/register-search/,Direct Chemist Outlet Featherbrook,"Shop 5, Featherbrook Shopping Centre, 238 Boardwalk Boulevard",POINT COOK,VIC,3030,"Shop 5, Featherbrook Shopping Centre, 238 Boardwalk Boulevard, POINT COOK VIC 3030",30/06/2027,Active,Standard registration conditions,Jenny Tran,30/06/2027,Active,Standard licence condition
vpa_public_register,2026-07-29T13:34:38.613Z,https://pharmacy.vic.gov.au/register-search/,Direct Chemist Outlet Harpley,"Shop T10, Harpley Town Centre",Werribee,VIC,3030,"Shop T10, Harpley Town Centre, Werribee VIC 3030",30/06/2027,Active,Standard registration conditions,Manisha Sharma-Narayan,30/06/2027,Active,Standard licence condition
vpa_public_register,2026-07-29T13:34:38.613Z,https://pharmacy.vic.gov.au/register-search/,Direct Chemist Outlet Harpley,"Shop T10, Harpley Town Centre",Werribee,VIC,3030,"Shop T10, Harpley Town Centre, Werribee VIC 3030",30/06/2027,Active,Standard registration conditions,Stephen Yong,30/06/2027,Active,Standard licence condition
vpa_public_register,2026-07-29T13:34:38.613Z,https://pharmacy.vic.gov.au/register-search/,Direct Chemist Outlet Point Cook,"Mini Major MM102, Stockland Point Cook, Cnr Murnong & Main Streets",Point Cook,VIC,3030,"Mini Major MM102, Stockland Point Cook, Cnr Murnong & Main Streets, Point Cook VIC 3030",30/06/2027,Active,Standard registration conditions,Aziz PC Pharmacy Pty Ltd,30/06/2027,Active,Standard licence condition
vpa_public_register,2026-07-29T13:34:38.613Z,https://pharmacy.vic.gov.au/register-search/,Direct Chemist Outlet Point Cook,"Mini Major MM102, Stockland Point Cook, Cnr Murnong & Main Streets",Point Cook,VIC,3030,"Mini Major MM102, Stockland Point Cook, Cnr Murnong & Main Streets, Point Cook VIC 3030",30/06/2027,Active,Standard registration conditions,CYC DCOPC Pty Ltd,30/06/2027,Active,Standard licence condition
vpa_public_register,2026-07-29T13:34:38.613Z,https://pharmacy.vic.gov.au/register-search/,Direct Chemist Outlet Point Cook,"Mini Major MM102, Stockland Point Cook, Cnr Murnong & Main Streets",Point Cook,VIC,3030,"Mini Major MM102, Stockland Point Cook, Cnr Murnong & Main Streets, Point Cook VIC 3030",30/06/2027,Active,Standard registration conditions,Maro Georges,30/06/2027,Active,Standard licence condition
vpa_public_register,2026-07-29T13:34:38.613Z,https://pharmacy.vic.gov.au/register-search/,Direct Chemist Outlet Werribee Central,"Shop 6, Werribee Central, 141 Watton Street",Werribee,VIC,3030,"Shop 6, Werribee Central, 141 Watton Street, Werribee VIC 3030",30/06/2027,Active,Standard registration conditions,Werribee Central Pharmacy Pty Ltd,30/06/2027,Active,Standard licence condition
vpa_public_register,2026-07-29T13:34:38.613Z,https://pharmacy.vic.gov.au/register-search/,Discount Alfred Rd Werribee Pharmacy,Part 7 Alfred Road,Werribee,VIC,3030,"Part 7 Alfred Road, Werribee VIC 3030",30/06/2027,Active,Standard registration conditions,Dr Adel Shafik Pty Ltd,30/06/2027,Active,Standard licence condition
vpa_public_register,2026-07-29T13:34:38.613Z,https://pharmacy.vic.gov.au/register-search/,K LEAF DISPENSARY,85 Watton Street,Werribee,VIC,3030,"85 Watton Street, Werribee VIC 3030",30/06/2027,Active,Standard registration conditions,HQA Nominees Pty Ltd,30/06/2027,Active,Standard licence condition
vpa_public_register,2026-07-29T13:34:38.613Z,https://pharmacy.vic.gov.au/register-search/,Minh Ha Pharmacist Advice,7 Station Place,Werribee,VIC,3030,"7 Station Place, Werribee VIC 3030",30/06/2027,Active,Standard registration conditions,Anthdan Pty Ltd,30/06/2027,Active,Standard licence condition
vpa_public_register,2026-07-29T13:34:38.613Z,https://pharmacy.vic.gov.au/register-search/,NEOCARE PHARMACY POINT COOK,"5 Cinnamon Gve, Cnr Boardwalk Boulevard & Dunnings Road",POINT COOK,VIC,3030,"5 Cinnamon Gve, Cnr Boardwalk Boulevard & Dunnings Road, POINT COOK VIC 3030",30/06/2027,Active,Standard registration conditions,Wade Ramsay,30/06/2027,Active,Standard licence condition
vpa_public_register,2026-07-29T13:34:38.613Z,https://pharmacy.vic.gov.au/register-search/,POINT COOK PHARMACY,1 - 11 Dunnings Road,Point Cook,VIC,3030,"1 - 11 Dunnings Road, Point Cook VIC 3030",30/06/2027,Active,Standard registration conditions,Anthony Maher,30/06/2027,Active,Standard licence condition
vpa_public_register,2026-07-29T13:34:38.613Z,https://pharmacy.vic.gov.au/register-search/,POINT COOK PHARMACY,1 - 11 Dunnings Road,Point Cook,VIC,3030,"1 - 11 Dunnings Road, Point Cook VIC 3030",30/06/2027,Active,Standard registration conditions,Ashim Marfatia,30/06/2027,Active,Standard licence condition
vpa_public_register,2026-07-29T13:34:38.613Z,https://pharmacy.vic.gov.au/register-search/,Priceline Pharmacy Pacific Werribee,"Shop 102, Pacific Werribee, Corner Derrimut and Heaths Road",WERRIBEE,VIC,3030,"Shop 102, Pacific Werribee, Corner Derrimut and Heaths Road, WERRIBEE VIC 3030",30/06/2027,Active,Standard registration conditions,Werribee Pharmacy Pty Ltd,30/06/2027,Active,Standard licence condition
vpa_public_register,2026-07-29T13:34:38.613Z,https://pharmacy.vic.gov.au/register-search/,Priceline Pharmacy Point Cook,"Shop 440 Stockland Point Cook, Cnr Murnong & Main Streets",Point Cook,VIC,3030,"Shop 440 Stockland Point Cook, Cnr Murnong & Main Streets, Point Cook VIC 3030",30/06/2027,Active,Standard registration conditions,Aziz PL Pharmacy Pty Ltd,30/06/2027,Active,Standard licence condition
vpa_public_register,2026-07-29T13:34:38.613Z,https://pharmacy.vic.gov.au/register-search/,Priceline Pharmacy Point Cook,"Shop 440 Stockland Point Cook, Cnr Murnong & Main Streets",Point Cook,VIC,3030,"Shop 440 Stockland Point Cook, Cnr Murnong & Main Streets, Point Cook VIC 3030",30/06/2027,Active,Standard registration conditions,CYC PLPC Pty Ltd,30/06/2027,Active,Standard licence condition
vpa_public_register,2026-07-29T13:34:38.613Z,https://pharmacy.vic.gov.au/register-search/,Priceline Pharmacy Point Cook,"Shop 440 Stockland Point Cook, Cnr Murnong & Main Streets",Point Cook,VIC,3030,"Shop 440 Stockland Point Cook, Cnr Murnong & Main Streets, Point Cook VIC 3030",30/06/2027,Active,Standard registration conditions,Maro Georges,30/06/2027,Active,Standard licence condition
vpa_public_register,2026-07-29T13:34:38.613Z,https://pharmacy.vic.gov.au/register-search/,Priceline Pharmacy Sanctuary Lakes,"Shop 27, Sanctuary Lakes S/C, 300 Point Cook Road",Point Cook,VIC,3030,"Shop 27, Sanctuary Lakes S/C, 300 Point Cook Road, Point Cook VIC 3030",30/06/2027,Active,Standard registration conditions,Mara Fabiani,30/06/2027,Active,Standard licence condition
vpa_public_register,2026-07-29T13:34:38.613Z,https://pharmacy.vic.gov.au/register-search/,Priceline Pharmacy Sanctuary Lakes,"Shop 27, Sanctuary Lakes S/C, 300 Point Cook Road",Point Cook,VIC,3030,"Shop 27, Sanctuary Lakes S/C, 300 Point Cook Road, Point Cook VIC 3030",30/06/2027,Active,Standard registration conditions,Petro Vlachos,30/06/2027,Active,Standard licence condition
vpa_public_register,2026-07-29T13:34:38.613Z,https://pharmacy.vic.gov.au/register-search/,Quality Pharmacy 777 Heaths Road,"R1.02-RI.06, 259 - 261 Heaths Road",WERRIBEE,VIC,3030,"R1.02-RI.06, 259 - 261 Heaths Road, WERRIBEE VIC 3030",30/06/2027,Active,Standard registration conditions,Fahad Najjar,30/06/2027,Active,Standard licence condition
vpa_public_register,2026-07-29T13:34:38.613Z,https://pharmacy.vic.gov.au/register-search/,Slade Pharmacy Werribee,"St Vincent's Private Hospital Werribee, Hopper's Lane",WERRIBEE,VIC,3030,"St Vincent's Private Hospital Werribee, Hopper's Lane, WERRIBEE VIC 3030",30/06/2027,Active,Standard registration conditions,Begelow Group Pty Ltd,30/06/2027,Active,Standard licence condition
vpa_public_register,2026-07-29T13:34:38.613Z,https://pharmacy.vic.gov.au/register-search/,TerryWhite Chemmart Werribee,"Tenancy 2, Wyndham Private Medical Centre, 242 Hoppers Lane",Werribee,VIC,3030,"Tenancy 2, Wyndham Private Medical Centre, 242 Hoppers Lane, Werribee VIC 3030",30/06/2027,Active,Standard registration conditions,Healthnguyen Pty Ltd,30/06/2027,Active,Standard licence condition
vpa_public_register,2026-07-29T13:34:38.613Z,https://pharmacy.vic.gov.au/register-search/,Werribee Chemist,"Part Shop MM01 Pacific Werribee, Corner of Derrimut and Heaths Road",Werribee,VIC,3030,"Part Shop MM01 Pacific Werribee, Corner of Derrimut and Heaths Road, Werribee VIC 3030",30/06/2027,Active,Standard registration conditions,Salah's Phcy Pty Ltd,30/06/2027,Active,Standard licence condition
vpa_public_register,2026-07-29T13:34:38.613Z,https://pharmacy.vic.gov.au/register-search/,Werribee Discount Chemist,83 Watton Street,Werribee,VIC,3030,"83 Watton Street, Werribee VIC 3030",30/06/2027,Active,Standard registration conditions,HQA Investment Pty Ltd,30/06/2027,Active,Standard licence condition
vpa_public_register,2026-07-29T13:34:38.613Z,https://pharmacy.vic.gov.au/register-search/,WERRIBEE MERCY HOSPITAL PHARMACY DEPARTMENT,"Werribee Mercy Hospital, 300 Princes Hwy",Werribee,VIC,3030,"Werribee Mercy Hospital, 300 Princes Hwy, Werribee VIC 3030",30/06/2027,Active,,WERRIBEE MERCY HOSPITAL,30/06/2027,Active,Standard licence condition
vpa_public_register,2026-07-29T13:34:38.613Z,https://pharmacy.vic.gov.au/register-search/,Wyndham Discount Chemist,231-233 Heaths Road,Werribee,VIC,3030,"231-233 Heaths Road, Werribee VIC 3030",30/06/2027,Active,Standard registration conditions,Wyndham Chemist Pty Ltd,30/06/2027,Active,Standard licence condition
vpa_public_register,2026-07-29T13:34:38.613Z,https://pharmacy.vic.gov.au/register-search/,ACHER PHARMACY,312 Racecourse Road,Newmarket,VIC,3031,"312 Racecourse Road, Newmarket VIC 3031",30/06/2027,Active,Standard registration conditions,Quoc Sam,30/06/2027,Active,Standard licence condition
vpa_public_register,2026-07-29T13:34:38.613Z,https://pharmacy.vic.gov.au/register-search/,Chemist Warehouse Newmarket,"Shop 3, 5 & 6, Newmarket Shopping Plaza, 338-390 Racecourse Rd",Flemington,VIC,3031,"Shop 3, 5 & 6, Newmarket Shopping Plaza, 338-390 Racecourse Rd, Flemington VIC 3031",30/06/2027,Active,Standard registration conditions,EAST YARRA FRIENDLY SOCIETY PTY LTD,30/06/2027,Active,Standard licence condition
vpa_public_register,2026-07-29T13:34:38.613Z,https://pharmacy.vic.gov.au/register-search/,Chemist Warehouse Newmarket,"Shop 3, 5 & 6, Newmarket Shopping Plaza, 338-390 Racecourse Rd",Flemington,VIC,3031,"Shop 3, 5 & 6, Newmarket Shopping Plaza, 338-390 Racecourse Rd, Flemington VIC 3031",30/06/2027,Active,Standard registration conditions,Lee And K Pty Ltd,30/06/2027,Active,Standard licence condition
vpa_public_register,2026-07-29T13:34:38.613Z,https://pharmacy.vic.gov.au/register-search/,Nearby Discount Pharmacy,477 Macaulay Road,Kensington,VIC,3031,"477 Macaulay Road, Kensington VIC 3031",30/06/2027,Active,Standard registration conditions,Pharmstart Pty Ltd,30/06/2027,Active,Standard licence condition
vpa_public_register,2026-07-29T13:34:38.613Z,https://pharmacy.vic.gov.au/register-search/,ASCOT VALE PHARMACY,67 - 69 Union Road,Ascot Vale,VIC,3032,"67 - 69 Union Road, Ascot Vale VIC 3032",30/06/2027,Active,Standard registration conditions,Jane Mitchell,30/06/2027,Active,Standard licence condition
vpa_public_register,2026-07-29T13:34:38.613Z,https://pharmacy.vic.gov.au/register-search/,ASCOT VALE PHARMACY,67 - 69 Union Road,Ascot Vale,VIC,3032,"67 - 69 Union Road, Ascot Vale VIC 3032",30/06/2027,Active,Standard registration conditions,TSUCALAS DIMITRA,30/06/2027,Active,Standard licence condition
vpa_public_register,2026-07-29T13:34:38.613Z,https://pharmacy.vic.gov.au/register-search/,Chemist Discount Centre Highpoint,"Lot 02 2161 at Highpoint Shopping Centre, 120 - 200 Rosamond Road",Maribyrnong,VIC,3032,"Lot 02 2161 at Highpoint Shopping Centre, 120 - 200 Rosamond Road, Maribyrnong VIC 3032",30/06/2027,Active,Standard registration conditions,Easy Pharmacy Pty Ltd,30/06/2027,Active,Standard licence condition
vpa_public_register,2026-07-29T13:34:38.613Z,https://pharmacy.vic.gov.au/register-search/,Chemist Warehouse Ascot Vale,"Tenancy 1, 568 - 570 Mount Alexander Road",ASCOT VALE,VIC,3032,"Tenancy 1, 568 - 570 Mount Alexander Road, ASCOT VALE VIC 3032",30/06/2027,Active,Standard registration conditions,Chris Banias,30/06/2027,Active,Standard licence condition
vpa_public_register,2026-07-29T13:34:38.613Z,https://pharmacy.vic.gov.au/register-search/,Chemist Warehouse Ascot Vale Union Road,7 - 15 Union Road,ASCOT VALE,VIC,3032,"7 - 15 Union Road, ASCOT VALE VIC 3032",30/06/2027,Active,Standard registration conditions,EAST YARRA FRIENDLY SOCIETY PTY LTD,30/06/2027,Active,Standard licence condition
vpa_public_register,2026-07-29T13:34:38.613Z,https://pharmacy.vic.gov.au/register-search/,Chemist Warehouse Highpoint,"Shop 3166 Highpoint S/C, 200 Rosamond Road",Maribyrnong,VIC,3032,"Shop 3166 Highpoint S/C, 200 Rosamond Road, Maribyrnong VIC 3032",30/06/2027,Active,Standard registration conditions,EAST YARRA FRIENDLY SOCIETY PTY LTD,30/06/2027,Active,Standard licence condition
vpa_public_register,2026-07-29T13:34:38.613Z,https://pharmacy.vic.gov.au/register-search/,Chemist Warehouse Highpoint,"Shop 3166 Highpoint S/C, 200 Rosamond Road",Maribyrnong,VIC,3032,"Shop 3166 Highpoint S/C, 200 Rosamond Road, Maribyrnong VIC 3032",30/06/2027,Active,Standard registration conditions,Quang To,30/06/2027,Active,Standard licence condition
vpa_public_register,2026-07-29T13:34:38.613Z,https://pharmacy.vic.gov.au/register-search/,Direct Chemist Outlet Showgrounds,"Showgrounds Village Shopping Centre, T3-5, 320 - 380 Epsom Road",ASCOT VALE,VIC,3032,"Showgrounds Village Shopping Centre, T3-5, 320 - 380 Epsom Road, ASCOT VALE VIC 3032",30/06/2027,Active,Standard registration conditions,Lauren Kristoff,30/06/2027,Active,Standard licence condition
vpa_public_register,2026-07-29T13:34:38.613Z,https://pharmacy.vic.gov.au/register-search/,Direct Chemist Outlet Showgrounds,"Showgrounds Village Shopping Centre, T3-5, 320 - 380 Epsom Road",ASCOT VALE,VIC,3032,"Showgrounds Village Shopping Centre, T3-5, 320 - 380 Epsom Road, ASCOT VALE VIC 3032",30/06/2027,Active,Standard registration conditions,Reda Zaki,30/06/2027,Active,Standard licence condition
vpa_public_register,2026-07-29T13:34:38.613Z,https://pharmacy.vic.gov.au/register-search/,Direct Chemist Outlet Showgrounds,"Showgrounds Village Shopping Centre, T3-5, 320 - 380 Epsom Road",ASCOT VALE,VIC,3032,"Showgrounds Village Shopping Centre, T3-5, 320 - 380 Epsom Road, ASCOT VALE VIC 3032",30/06/2027,Active,Standard registration conditions,Robert Nashed,30/06/2027,Active,Standard licence condition
vpa_public_register,2026-07-29T13:34:38.613Z,https://pharmacy.vic.gov.au/register-search/,Edgewater Boulevard Pharmacy,46 Edgewater Boulevard,MARIBYRNONG,VIC,3032,"46 Edgewater Boulevard, MARIBYRNONG VIC 3032",30/06/2027,Active,Standard registration conditions,Jordan Alexandar Rojkovski,30/06/2027,Active,Standard licence condition
vpa_public_register,2026-07-29T13:34:38.613Z,https://pharmacy.vic.gov.au/register-search/,Edgewater Boulevard Pharmacy,46 Edgewater Boulevard,MARIBYRNONG,VIC,3032,"46 Edgewater Boulevard, MARIBYRNONG VIC 3032",30/06/2027,Active,Standard registration conditions,Kristyn Rojkovski,30/06/2027,Active,Standard licence condition
vpa_public_register,2026-07-29T13:34:38.613Z,https://pharmacy.vic.gov.au/register-search/,HIGHPOINT PHARMACY,9 Wests Road,MARIBYRNONG,VIC,3032,"9 Wests Road, MARIBYRNONG VIC 3032",30/06/2027,Active,Standard registration conditions,Kameel Anton,30/06/2027,Active,Standard licence condition
vpa_public_register,2026-07-29T13:34:38.613Z,https://pharmacy.vic.gov.au/register-search/,Priceline Pharmacy - Highpoint,"Shop L02, 2539 - 2540, Highpoint Shopping Centre, 120 - 200 Rosamond Road",Maribyrnong,VIC,3032,"Shop L02, 2539 - 2540, Highpoint Shopping Centre, 120 - 200 Rosamond Road, Maribyrnong VIC 3032",30/06/2027,Active,Standard registration conditions,Highpoint Pharmacy Pty Ltd,30/06/2027,Active,Standard licence condition
vpa_public_register,2026-07-29T13:34:38.613Z,https://pharmacy.vic.gov.au/register-search/,Union Road Pharmacy,191 Union Road,ASCOT VALE,VIC,3032,"191 Union Road, ASCOT VALE VIC 3032",30/06/2027,Active,Standard registration conditions,Union Road Pharmacy Pty Ltd,30/06/2027,Active,Standard licence condition
vpa_public_register,2026-07-29T13:34:38.613Z,https://pharmacy.vic.gov.au/register-search/,Chemist Warehouse Keilor East,"Lot 3, Milleara Road Shopping Centre, 233 Milleara Road",Keilor East,VIC,3033,"Lot 3, Milleara Road Shopping Centre, 233 Milleara Road, Keilor East VIC 3033",30/06/2027,Active,Standard registration conditions,Antoine Tadros,30/06/2027,Active,Standard licence condition
vpa_public_register,2026-07-29T13:34:38.613Z,https://pharmacy.vic.gov.au/register-search/,Chemist Warehouse Keilor East,"Lot 3, Milleara Road Shopping Centre, 233 Milleara Road",Keilor East,VIC,3033,"Lot 3, Milleara Road Shopping Centre, 233 Milleara Road, Keilor East VIC 3033",30/06/2027,Active,Standard registration conditions,EAST YARRA FRIENDLY SOCIETY PTY LTD,30/06/2027,Active,Standard licence condition
vpa_public_register,2026-07-29T13:34:38.613Z,https://pharmacy.vic.gov.au/register-search/,Chemist Warehouse Keilor East,"Lot 3, Milleara Road Shopping Centre, 233 Milleara Road",Keilor East,VIC,3033,"Lot 3, Milleara Road Shopping Centre, 233 Milleara Road, Keilor East VIC 3033",30/06/2027,Active,Standard registration conditions,Tai Wai Leung,30/06/2027,Active,Standard licence condition
vpa_public_register,2026-07-29T13:34:38.613Z,https://pharmacy.vic.gov.au/register-search/,ChemMax Keilor East Chemist,15 Centreway,East Keilor,VIC,3033,"15 Centreway, East Keilor VIC 3033",30/06/2027,Active,Standard registration conditions,B Attia Pty Ltd,30/06/2027,Active,Standard licence condition
vpa_public_register,2026-07-29T13:34:38.613Z,https://pharmacy.vic.gov.au/register-search/,LINCOLNVILLE PHARMACY,33 McFarlane Street,Keilor East,VIC,3033,"33 McFarlane Street, Keilor East VIC 3033",30/06/2027,Active,Standard registration conditions,Brian Stanley,30/06/2027,Active,Standard licence condition
vpa_public_register,2026-07-29T13:34:38.613Z,https://pharmacy.vic.gov.au/register-search/,AVONDALE PHARMACY,51 Military Road,Avondale Heights,VIC,3034,"51 Military Road, Avondale Heights VIC 3034",30/06/2027,Active,Standard registration conditions,Carmelo Giuffrida,30/06/2027,Active,Standard licence condition
vpa_public_register,2026-07-29T13:34:38.613Z,https://pharmacy.vic.gov.au/register-search/,AVONDALE PHARMACY,51 Military Road,Avondale Heights,VIC,3034,"51 Military Road, Avondale Heights VIC 3034",30/06/2027,Active,Standard registration conditions,Maria Apostolopoulos,30/06/2027,Active,Standard licence condition
vpa_public_register,2026-07-29T13:34:38.613Z,https://pharmacy.vic.gov.au/register-search/,TerryWhite Chemmart - Keilor Village,686 Old Calder Highway,Keilor,VIC,3036,"686 Old Calder Highway, Keilor VIC 3036",30/06/2027,Active,Standard registration conditions,Eshwer Vemuganti,30/06/2027,Active,Standard licence condition
vpa_public_register,2026-07-29T13:34:38.613Z,https://pharmacy.vic.gov.au/register-search/,TerryWhite Chemmart - Keilor Village,686 Old Calder Highway,Keilor,VIC,3036,"686 Old Calder Highway, Keilor VIC 3036",30/06/2027,Active,Standard registration conditions,Jeeta Kapadia,30/06/2027,Active,Standard licence condition
vpa_public_register,2026-07-29T13:34:38.613Z,https://pharmacy.vic.gov.au/register-search/,TerryWhite Chemmart - Keilor Village,686 Old Calder Highway,Keilor,VIC,3036,"686 Old Calder Highway, Keilor VIC 3036",30/06/2027,Active,Standard registration conditions,Sravanthi Pulijala,30/06/2027,Active,Standard licence condition
vpa_public_register,2026-07-29T13:34:38.613Z,https://pharmacy.vic.gov.au/register-search/,Direct Chemist Outlet Hillside,T10 / 1 - 15 Banchory Avenue,Hillside (Greater Melbourne),VIC,3037,"T10 / 1 - 15 Banchory Avenue, Hillside (Greater Melbourne) VIC 3037",30/06/2027,Active,Standard registration conditions,Banchory Pharmacy Pty Ltd,30/06/2027,Active,Standard licence condition
vpa_public_register,2026-07-29T13:34:38.613Z,https://pharmacy.vic.gov.au/register-search/,Direct Chemist Outlet Hillside,T10 / 1 - 15 Banchory Avenue,Hillside (Greater Melbourne),VIC,3037,"T10 / 1 - 15 Banchory Avenue, Hillside (Greater Melbourne) VIC 3037",30/06/2027,Active,Standard registration conditions,HBG Pharmacy Pty Ltd,30/06/2027,Active,Standard licence condition
vpa_public_register,2026-07-29T13:34:38.613Z,https://pharmacy.vic.gov.au/register-search/,Direct Chemist Outlet Hillside,T10 / 1 - 15 Banchory Avenue,Hillside (Greater Melbourne),VIC,3037,"T10 / 1 - 15 Banchory Avenue, Hillside (Greater Melbourne) VIC 3037",30/06/2027,Active,Standard registration conditions,Hillway Pharmacy Pty Ltd,30/06/2027,Active,Standard licence condition
vpa_public_register,2026-07-29T13:34:38.613Z,https://pharmacy.vic.gov.au/register-search/,HILLSIDE PHARMACY,"Shop 3, 49-69 Royal Crescent",HILLSIDE,VIC,3037,"Shop 3, 49-69 Royal Crescent, HILLSIDE VIC 3037",30/06/2027,Active,Standard registration conditions,Alexandros Arnokouros,30/06/2027,Active,Standard licence condition
vpa_public_register,2026-07-29T13:34:38.613Z,https://pharmacy.vic.gov.au/register-search/,HILLSIDE PHARMACY,"Shop 3, 49-69 Royal Crescent",HILLSIDE,VIC,3037,"Shop 3, 49-69 Royal Crescent, HILLSIDE VIC 3037",30/06/2027,Active,Standard registration conditions,Trang Tang,30/06/2027,Active,Standard licence condition
vpa_public_register,2026-07-29T13:34:38.613Z,https://pharmacy.vic.gov.au/register-search/,PHARMACY SELECT WATERVALE,"Shop 17 Watervale Shopping Centre, 2-14 Calder Park Drive",TAYLORS HILL,VIC,3037,"Shop 17 Watervale Shopping Centre, 2-14 Calder Park Drive, TAYLORS HILL VIC 3037",30/06/2027,Active,Standard registration conditions,Sotto Kouzas,30/06/2027,Active,Standard licence condition
vpa_public_register,2026-07-29T13:34:38.613Z,https://pharmacy.vic.gov.au/register-search/,Rainbow Health Pharmacy,40 Gourlay Road,HILLSIDE,VIC,3037,"40 Gourlay Road, HILLSIDE VIC 3037",30/06/2027,Active,Standard registration conditions,Gourlay Pharmacy Pty Ltd,30/06/2027,Active,Standard licence condition
vpa_public_register,2026-07-29T13:34:38.613Z,https://pharmacy.vic.gov.au/register-search/,Rainbow Health Pharmacy,40 Gourlay Road,HILLSIDE,VIC,3037,"40 Gourlay Road, HILLSIDE VIC 3037",30/06/2027,Active,Standard registration conditions,Rainbow Health Pharmacy Pty Ltd,30/06/2027,Active,Standard licence condition
vpa_public_register,2026-07-29T13:34:38.613Z,https://pharmacy.vic.gov.au/register-search/,SYDENHAM PHARMACY,Part of 523 Melton Highway,Sydenham,VIC,3037,"Part of 523 Melton Highway, Sydenham VIC 3037",30/06/2027,Active,Standard registration conditions,Revive Pharmacy Sydenham Pty Ltd,30/06/2027,Active,Standard licence condition
vpa_public_register,2026-07-29T13:34:38.613Z,https://pharmacy.vic.gov.au/register-search/,TerryWhite Chemmart Sydenham,560 Melton Highway,SYDENHAM,VIC,3037,"560 Melton Highway, SYDENHAM VIC 3037",30/06/2027,Active,Standard registration conditions,Sydenham Medical Centre Pharmacy Pty Ltd,30/06/2027,Active,Standard licence condition
vpa_public_register,2026-07-29T13:34:38.613Z,https://pharmacy.vic.gov.au/register-search/,United Chemists Taylors Hill,"Shop 8, Taylors Hill Shopping Centre, Cnr Gourlay Road & Hume Drive",TAYLORS HILL,VIC,3037,"Shop 8, Taylors Hill Shopping Centre, Cnr Gourlay Road & Hume Drive, TAYLORS HILL VIC 3037",30/06/2027,Active,Standard registration conditions,Taylors Hill Pharmacy Pty Ltd,30/06/2027,Active,Standard licence condition
vpa_public_register,2026-07-29T13:34:38.613Z,https://pharmacy.vic.gov.au/register-search/,AMCAL CHEMIST KEILOR DOWNS,"Shop G-24, Keilor Central, 80 Taylors Road",Keilor Downs,VIC,3038,"Shop G-24, Keilor Central, 80 Taylors Road, Keilor Downs VIC 3038",30/06/2027,Active,Standard registration conditions,Keilor Downs Pharmacy Pty Ltd,30/06/2027,Active,Standard licence condition
vpa_public_register,2026-07-29T13:34:38.613Z,https://pharmacy.vic.gov.au/register-search/,Chemist Warehouse Watergardens Town Centre,"Shop A005, Watergardens Shopping Centre, 399 Melton Highway",TAYLORS LAKES,VIC,3038,"Shop A005, Watergardens Shopping Centre, 399 Melton Highway, TAYLORS LAKES VIC 3038",30/06/2027,Active,Standard registration conditions,Patricia Colasante,30/06/2027,Active,Standard licence condition
vpa_public_register,2026-07-29T13:34:38.613Z,https://pharmacy.vic.gov.au/register-search/,Chemist Warehouse Watergardens Town Centre,"Shop A005, Watergardens Shopping Centre, 399 Melton Highway",TAYLORS LAKES,VIC,3038,"Shop A005, Watergardens Shopping Centre, 399 Melton Highway, TAYLORS LAKES VIC 3038",30/06/2027,Active,Standard registration conditions,Richard Kozaris,30/06/2027,Active,Standard licence condition
vpa_public_register,2026-07-29T13:34:38.613Z,https://pharmacy.vic.gov.au/register-search/,KEILOR DOWNS CARING CHEMIST,"Shop 4, 8-10 Copernicus Way",Keilor Downs,VIC,3038,"Shop 4, 8-10 Copernicus Way, Keilor Downs VIC 3038",30/06/2027,Active,Standard registration conditions,Thy Ly,30/06/2027,Active,Standard licence condition
vpa_public_register,2026-07-29T13:34:38.613Z,https://pharmacy.vic.gov.au/register-search/,KEILOR DOWNS CARING CHEMIST,"Shop 4, 8-10 Copernicus Way",Keilor Downs,VIC,3038,"Shop 4, 8-10 Copernicus Way, Keilor Downs VIC 3038",30/06/2027,Active,Standard registration conditions,Thy Ly,30/06/2027,Active,Standard licence condition
vpa_public_register,2026-07-29T13:34:38.613Z,https://pharmacy.vic.gov.au/register-search/,Priceline Pharmacy Watergardens,"Shop 44, Watergardens Town Centre, 399 Melton Highway",TAYLORS LAKES,VIC,3038,"Shop 44, Watergardens Town Centre, 399 Melton Highway, TAYLORS LAKES VIC 3038",30/06/2027,Active,Standard registration conditions,BIW Pharmacy Pty Ltd,30/06/2027,Active,Standard licence condition
vpa_public_register,2026-07-29T13:34:38.613Z,https://pharmacy.vic.gov.au/register-search/,TAYLORS LAKES PHARMACY,"Shop 6, Taylors Lakes Shopping Centre, Cnr. Melton Highway & Sunshine Ave",Taylors Lakes,VIC,3038,"Shop 6, Taylors Lakes Shopping Centre, Cnr. Melton Highway & Sunshine Ave, Taylors Lakes VIC 3038",30/06/2027,Active,Standard registration conditions,Pei-Shuang Lee,30/06/2027,Active,Standard licence condition
vpa_public_register,2026-07-29T13:34:38.613Z,https://pharmacy.vic.gov.au/register-search/,TAYLORS LAKES PHARMACY,"Shop 6, Taylors Lakes Shopping Centre, Cnr. Melton Highway & Sunshine Ave",Taylors Lakes,VIC,3038,"Shop 6, Taylors Lakes Shopping Centre, Cnr. Melton Highway & Sunshine Ave, Taylors Lakes VIC 3038",30/06/2027,Active,Standard registration conditions,Philip Luu,30/06/2027,Active,Standard licence condition
vpa_public_register,2026-07-29T13:34:38.613Z,https://pharmacy.vic.gov.au/register-search/,TAYLORS LAKES PHARMACY,"Shop 6, Taylors Lakes Shopping Centre, Cnr. Melton Highway & Sunshine Ave",Taylors Lakes,VIC,3038,"Shop 6, Taylors Lakes Shopping Centre, Cnr. Melton Highway & Sunshine Ave, Taylors Lakes VIC 3038",30/06/2027,Active,Standard registration conditions,Shiao Ling Lua,30/06/2027,Active,Standard licence condition
vpa_public_register,2026-07-29T13:34:38.613Z,https://pharmacy.vic.gov.au/register-search/,TerryWhite Chemmart Watergardens,"Shop 101 Watergardens Town Centre, 399 Melton Highway",TAYLORS LAKES,VIC,3038,"Shop 101 Watergardens Town Centre, 399 Melton Highway, TAYLORS LAKES VIC 3038",30/06/2027,Active,Standard registration conditions,QT Pharm Pty Ltd,30/06/2027,Active,Standard licence condition
vpa_public_register,2026-07-29T13:34:38.613Z,https://pharmacy.vic.gov.au/register-search/,TerryWhite Chemmart Watergardens,"Shop 101 Watergardens Town Centre, 399 Melton Highway",TAYLORS LAKES,VIC,3038,"Shop 101 Watergardens Town Centre, 399 Melton Highway, TAYLORS LAKES VIC 3038",30/06/2027,Active,Standard registration conditions,Salutini Pty Ltd,30/06/2027,Active,Standard licence condition
vpa_public_register,2026-07-29T13:34:38.613Z,https://pharmacy.vic.gov.au/register-search/,TerryWhite Chemmart Watergardens,"Shop 101 Watergardens Town Centre, 399 Melton Highway",TAYLORS LAKES,VIC,3038,"Shop 101 Watergardens Town Centre, 399 Melton Highway, TAYLORS LAKES VIC 3038",30/06/2027,Active,Standard registration conditions,TTTLE Pty Ltd,30/06/2027,Active,Standard licence condition
vpa_public_register,2026-07-29T13:34:38.613Z,https://pharmacy.vic.gov.au/register-search/,TerryWhite Chemmart Watergardens,"Shop 101 Watergardens Town Centre, 399 Melton Highway",TAYLORS LAKES,VIC,3038,"Shop 101 Watergardens Town Centre, 399 Melton Highway, TAYLORS LAKES VIC 3038",30/06/2027,Active,Standard registration conditions,WGardens Pharmacy Pty Ltd,30/06/2027,Active,Standard licence condition
vpa_public_register,2026-07-29T13:34:38.613Z,https://pharmacy.vic.gov.au/register-search/,Amcal Moonee Ponds,8 Pratt Street,Moonee Ponds,VIC,3039,"8 Pratt Street, Moonee Ponds VIC 3039",30/06/2027,Active,Standard registration conditions,EAST YARRA FRIENDLY SOCIETY PTY LTD,30/06/2027,Active,Standard licence condition
vpa_public_register,2026-07-29T13:34:38.613Z,https://pharmacy.vic.gov.au/register-search/,CHEMIST WAREHOUSE  MOONEE PONDS,"Shops 2 & 3,, 88 - 92 Puckle Street",Moonee Ponds,VIC,3039,"Shops 2 & 3,, 88 - 92 Puckle Street, Moonee Ponds VIC 3039",30/06/2027,Active,Standard registration conditions,EAST YARRA FRIENDLY SOCIETY PTY LTD,30/06/2027,Active,Standard licence condition
vpa_public_register,2026-07-29T13:34:38.613Z,https://pharmacy.vic.gov.au/register-search/,Direct Chemist Outlet Moonee Ponds,"Shop 11, Moonee Ponds Central, 14 - 16 Hall Street",MOONEE PONDS,VIC,3039,"Shop 11, Moonee Ponds Central, 14 - 16 Hall Street, MOONEE PONDS VIC 3039",30/06/2027,Active,Standard registration conditions,PCY MPONDS Pty Ltd,30/06/2027,Active,Standard licence condition
vpa_public_register,2026-07-29T13:34:38.613Z,https://pharmacy.vic.gov.au/register-search/,MOONEE PONDS  PHARMACY & LOTTO,22 Pratt Street,Moonee Ponds,VIC,3039,"22 Pratt Street, Moonee Ponds VIC 3039",30/06/2027,Active,Standard registration conditions,QTMA Investment Pty Ltd,30/06/2027,Active,Standard licence condition
vpa_public_register,2026-07-29T13:34:38.613Z,https://pharmacy.vic.gov.au/register-search/,MOONEE PONDS JUNCTION PHARMACY,14-40 Pascoe Vale Road,MOONEE PONDS,VIC,3039,"14-40 Pascoe Vale Road, MOONEE PONDS VIC 3039",30/06/2027,Active,Standard registration conditions,Alan Porter,30/06/2027,Active,Standard licence condition
vpa_public_register,2026-07-29T13:34:38.613Z,https://pharmacy.vic.gov.au/register-search/,MOONEE PONDS JUNCTION PHARMACY,14-40 Pascoe Vale Road,MOONEE PONDS,VIC,3039,"14-40 Pascoe Vale Road, MOONEE PONDS VIC 3039",30/06/2027,Active,Standard registration conditions,Huy Phan,30/06/2027,Active,Standard licence condition
vpa_public_register,2026-07-29T13:34:38.613Z,https://pharmacy.vic.gov.au/register-search/,PRICELINE PHARMACY MOONEE PONDS,122 Puckle Street,Moonee Ponds,VIC,3039,"122 Puckle Street, Moonee Ponds VIC 3039",30/06/2027,Active,Standard registration conditions,Bahareh Rahavi Ezabadi,30/06/2027,Active,Standard licence condition
vpa_public_register,2026-07-29T13:34:38.613Z,https://pharmacy.vic.gov.au/register-search/,Red Pharmacy,"Shop 1,, 34 - 46 Holmes Road",Moonee Ponds,VIC,3039,"Shop 1,, 34 - 46 Holmes Road, Moonee Ponds VIC 3039",30/06/2027,Active,Standard registration conditions,John Tassoulas,30/06/2027,Active,Standard licence condition
vpa_public_register,2026-07-29T13:34:38.613Z,https://pharmacy.vic.gov.au/register-search/,Red Pharmacy,"Shop 1,, 34 - 46 Holmes Road",Moonee Ponds,VIC,3039,"Shop 1,, 34 - 46 Holmes Road, Moonee Ponds VIC 3039",30/06/2027,Active,Standard registration conditions,Peter Tassoulas,30/06/2027,Active,Standard licence condition
vpa_public_register,2026-07-29T13:34:38.613Z,https://pharmacy.vic.gov.au/register-search/,Red Pharmacy,"Shop 1,, 34 - 46 Holmes Road",Moonee Ponds,VIC,3039,"Shop 1,, 34 - 46 Holmes Road, Moonee Ponds VIC 3039",30/06/2027,Active,Standard registration conditions,Shastri Shastri,30/06/2027,Active,Standard licence condition
vpa_public_register,2026-07-29T13:34:38.613Z,https://pharmacy.vic.gov.au/register-search/,TerryWhite Chemmart Moonee Ponds,"Ground Floor, 10 Puckle Street",Moonee Ponds,VIC,3039,"Ground Floor, 10 Puckle Street, Moonee Ponds VIC 3039",30/06/2027,Active,Standard registration conditions,St. Mary & St. Marina Pty Ltd,30/06/2027,Active,Standard licence condition
vpa_public_register,2026-07-29T13:34:38.613Z,https://pharmacy.vic.gov.au/register-search/,Blooms The Chemist Essendon,1049 -1051 Mount Alexander Road,Essendon,VIC,3040,"1049 -1051 Mount Alexander Road, Essendon VIC 3040",30/06/2027,Active,Standard registration conditions,Chan Pharmacy (Essendon) Pty Ltd,30/06/2027,Active,Standard licence condition
vpa_public_register,2026-07-29T13:34:38.613Z,https://pharmacy.vic.gov.au/register-search/,Blooms The Chemist Essendon Clinic,1138A Mt Alexander Road,Essendon,VIC,3040,"1138A Mt Alexander Road, Essendon VIC 3040",30/06/2027,Active,Standard registration conditions,Chan Pharmacy (Essendon Clinic) Pty Ltd,30/06/2027,Active,Standard licence condition
vpa_public_register,2026-07-29T13:34:38.613Z,https://pharmacy.vic.gov.au/register-search/,Buckley Street Compounding Pharmacy,357 & Shop 7 / 357B Buckley Street,Aberfeldie,VIC,3040,"357 & Shop 7 / 357B Buckley Street, Aberfeldie VIC 3040",30/06/2027,Active,Standard registration conditions,Buckley Street Pharmacy Pty Ltd,30/06/2027,Active,Standard licence condition
vpa_public_register,2026-07-29T13:34:38.613Z,https://pharmacy.vic.gov.au/register-search/,Chemist Warehouse Essendon,75 - 77A Fletcher Street,ESSENDON,VIC,3040,"75 - 77A Fletcher Street, ESSENDON VIC 3040",30/06/2027,Active,Standard registration conditions,EAST YARRA FRIENDLY SOCIETY PTY LTD,30/06/2027,Active,Standard licence condition
vpa_public_register,2026-07-29T13:34:38.613Z,https://pharmacy.vic.gov.au/register-search/,DEROSA PHARMACY,349 Buckley Street,Essendon,VIC,3040,"349 Buckley Street, Essendon VIC 3040",30/06/2027,Active,Standard registration conditions,Hai Nguyen,30/06/2027,Active,Standard licence condition
vpa_public_register,2026-07-29T13:34:38.613Z,https://pharmacy.vic.gov.au/register-search/,DEROSA PHARMACY,349 Buckley Street,Essendon,VIC,3040,"349 Buckley Street, Essendon VIC 3040",30/06/2027,Active,Standard registration conditions,Suzanne La,30/06/2027,Active,Standard licence condition
vpa_public_register,2026-07-29T13:34:38.613Z,https://pharmacy.vic.gov.au/register-search/,Niddrie Central Priceline Pharmacy,"Shops 7 & 9, Niddrie Central S/C, 383 Keilor Road",ESSENDON,VIC,3040,"Shops 7 & 9, Niddrie Central S/C, 383 Keilor Road, ESSENDON VIC 3040",30/06/2027,Active,Standard registration conditions,Essendon Healthcare Pty Ltd,30/06/2027,Active,Standard licence condition
vpa_public_register,2026-07-29T13:34:38.613Z,https://pharmacy.vic.gov.au/register-search/,STRATHMORE PHARMACY,23 Woodland Street,Essendon,VIC,3040,"23 Woodland Street, Essendon VIC 3040",30/06/2027,Active,Standard registration conditions,Justin Perry,30/06/2027,Active,Standard licence condition
vpa_public_register,2026-07-29T13:34:38.613Z,https://pharmacy.vic.gov.au/register-search/,STRATHMORE PHARMACY,23 Woodland Street,Essendon,VIC,3040,"23 Woodland Street, Essendon VIC 3040",30/06/2027,Active,Standard registration conditions,Susan Perry,30/06/2027,Active,Standard licence condition
vpa_public_register,2026-07-29T13:34:38.613Z,https://pharmacy.vic.gov.au/register-search/,Chemist Warehouse Essendon DFO,"Shop 00006, Homemaker Hub Essendon Airport, 100 Bulla Road",Essendon Fields,VIC,3041,"Shop 00006, Homemaker Hub Essendon Airport, 100 Bulla Road, Essendon Fields VIC 3041",30/06/2027,Active,Standard registration conditions,Pharmacy O2261 Pty Ltd,30/06/2027,Active,Standard licence condition
vpa_public_register,2026-07-29T13:34:38.613Z,https://pharmacy.vic.gov.au/register-search/,Core Pharmacy Essendon Fields,"Shop 13, 30 English Street",ESSENDON FIELDS,VIC,3041,"Shop 13, 30 English Street, ESSENDON FIELDS VIC 3041",30/06/2027,Active,Standard registration conditions,Stephen Zammit,30/06/2027,Active,Standard licence condition
vpa_public_register,2026-07-29T13:34:38.613Z,https://pharmacy.vic.gov.au/register-search/,Eastbrooke Medical Centre Pharmacy,1 / 162 Keilor Road,Essendon North,VIC,3041,"1 / 162 Keilor Road, Essendon North VIC 3041",30/06/2027,Active,Standard registration conditions,Anasta Mouratidis,30/06/2027,Active,Standard licence condition
vpa_public_register,2026-07-29T13:34:38.613Z,https://pharmacy.vic.gov.au/register-search/,Eastbrooke Medical Centre Pharmacy,1 / 162 Keilor Road,Essendon North,VIC,3041,"1 / 162 Keilor Road, Essendon North VIC 3041",30/06/2027,Active,Standard registration conditions,Christopher Mouratidis,30/06/2027,Active,Standard licence condition
vpa_public_register,2026-07-29T13:34:38.613Z,https://pharmacy.vic.gov.au/register-search/,Eastbrooke Medical Centre Pharmacy,1 / 162 Keilor Road,Essendon North,VIC,3041,"1 / 162 Keilor Road, Essendon North VIC 3041",30/06/2027,Active,Standard registration conditions,James Grasso,30/06/2027,Active,Standard licence condition
vpa_public_register,2026-07-29T13:34:38.613Z,https://pharmacy.vic.gov.au/register-search/,KIRSCHNER'S PHARMACY,333 Napier Street,Strathmore,VIC,3041,"333 Napier Street, Strathmore VIC 3041",30/06/2027,Active,Standard registration conditions,Geoffrey Kirschner,30/06/2027,Active,Standard licence condition
vpa_public_register,2026-07-29T13:34:38.613Z,https://pharmacy.vic.gov.au/register-search/,Amcal  Airport West,"Shop 143A, Westfield Airport West, 29-35 Louis Street",Airport West,VIC,3042,"Shop 143A, Westfield Airport West, 29-35 Louis Street, Airport West VIC 3042",30/06/2027,Active,Standard registration conditions,Pharmacy O2369 Pty Ltd,30/06/2027,Active,Standard licence condition
vpa_public_register,2026-07-29T13:34:38.613Z,https://pharmacy.vic.gov.au/register-search/,ATKINS PHARMACY,431 Keilor Road,Niddrie,VIC,3042,"431 Keilor Road, Niddrie VIC 3042",30/06/2027,Active,Standard registration conditions,Niddrie Healthcare Pty Ltd,30/06/2027,Active,Standard licence condition
vpa_public_register,2026-07-29T13:34:38.613Z,https://pharmacy.vic.gov.au/register-search/,Chemist Discount Centre Niddrie,467 Keilor Road,NIDDRIE,VIC,3042,"467 Keilor Road, NIDDRIE VIC 3042",30/06/2027,Active,Standard registration conditions,Niddrie Healthcare Pharmacy Pty Ltd,30/06/2027,Active,Standard licence condition
vpa_public_register,2026-07-29T13:34:38.613Z,https://pharmacy.vic.gov.au/register-search/,Chemist Warehouse Airport West,"Shop 40, Westfield Airport West, Louis Street and Rodd Road",Airport West,VIC,3042,"Shop 40, Westfield Airport West, Louis Street and Rodd Road, Airport West VIC 3042",30/06/2027,Active,Standard registration conditions,Hatem Mikhail,30/06/2027,Active,Standard licence condition
vpa_public_register,2026-07-29T13:34:38.613Z,https://pharmacy.vic.gov.au/register-search/,Chemist Warehouse Airport West,"Shop 40, Westfield Airport West, Louis Street and Rodd Road",Airport West,VIC,3042,"Shop 40, Westfield Airport West, Louis Street and Rodd Road, Airport West VIC 3042",30/06/2027,Active,Standard registration conditions,Marian Mikhail,30/06/2027,Active,Standard licence condition
vpa_public_register,2026-07-29T13:34:38.613Z,https://pharmacy.vic.gov.au/register-search/,Chemist Warehouse Airport West,"Shop 40, Westfield Airport West, Louis Street and Rodd Road",Airport West,VIC,3042,"Shop 40, Westfield Airport West, Louis Street and Rodd Road, Airport West VIC 3042",30/06/2027,Active,Standard registration conditions,Vincent Crisafi,30/06/2027,Active,Standard licence condition
vpa_public_register,2026-07-29T13:34:38.613Z,https://pharmacy.vic.gov.au/register-search/,CHEMIST WAREHOUSE NIDDRIE,"Shop 2, 3 & 4, 312 - 318 Keilor Road",Niddrie,VIC,3042,"Shop 2, 3 & 4, 312 - 318 Keilor Road, Niddrie VIC 3042",30/06/2027,Active,Standard registration conditions,Alison Tascone,30/06/2027,Active,Standard licence condition
vpa_public_register,2026-07-29T13:34:38.613Z,https://pharmacy.vic.gov.au/register-search/,CHEMIST WAREHOUSE NIDDRIE,"Shop 2, 3 & 4, 312 - 318 Keilor Road",Niddrie,VIC,3042,"Shop 2, 3 & 4, 312 - 318 Keilor Road, Niddrie VIC 3042",30/06/2027,Active,Standard registration conditions,Chris Banias,30/06/2027,Active,Standard licence condition
vpa_public_register,2026-07-29T13:34:38.613Z,https://pharmacy.vic.gov.au/register-search/,HealthSave Keilor Park Compounding Pharmacy,"Ground Floor (Shop & Storage Area), 5A Fosters Road",Keilor Park,VIC,3042,"Ground Floor (Shop & Storage Area), 5A Fosters Road, Keilor Park VIC 3042",30/06/2027,Active,Standard registration conditions,Eshwer Vemuganti,30/06/2027,Active,Standard licence condition
vpa_public_register,2026-07-29T13:34:38.613Z,https://pharmacy.vic.gov.au/register-search/,HealthSave Keilor Park Compounding Pharmacy,"Ground Floor (Shop & Storage Area), 5A Fosters Road",Keilor Park,VIC,3042,"Ground Floor (Shop & Storage Area), 5A Fosters Road, Keilor Park VIC 3042",30/06/2027,Active,Standard registration conditions,Jeeta Kapadia,30/06/2027,Active,Standard licence condition
vpa_public_register,2026-07-29T13:34:38.613Z,https://pharmacy.vic.gov.au/register-search/,HealthSave Keilor Park Compounding Pharmacy,"Ground Floor (Shop & Storage Area), 5A Fosters Road",Keilor Park,VIC,3042,"Ground Floor (Shop & Storage Area), 5A Fosters Road, Keilor Park VIC 3042",30/06/2027,Active,Standard registration conditions,Sravanthi Pulijala,30/06/2027,Active,Standard licence condition
vpa_public_register,2026-07-29T13:34:38.613Z,https://pharmacy.vic.gov.au/register-search/,MCNAMARA AVENUE PHARMACY,61 McNamara Avenue,Airport West,VIC,3042,"61 McNamara Avenue, Airport West VIC 3042",30/06/2027,Active,Standard registration conditions,McNamara Pharmacy Pty Ltd,30/06/2027,Active,Standard licence condition
vpa_public_register,2026-07-29T13:34:38.613Z,https://pharmacy.vic.gov.au/register-search/,Tullamarine Radiopharmacy,58 Logistics Street,KEILOR PARK,VIC,3042,"58 Logistics Street, KEILOR PARK VIC 3042",30/06/2027,Active,Specific registration condition | Standard registration conditions,Stanley Penglis,30/06/2027,Active,Standard licence condition
vpa_public_register,2026-07-29T13:34:38.613Z,https://pharmacy.vic.gov.au/register-search/,Core Pharmacy Tullamarine,195 Melrose Drive,Tullamarine,VIC,3043,"195 Melrose Drive, Tullamarine VIC 3043",30/06/2027,Active,Standard registration conditions,George Tambassis,30/06/2027,Active,Standard licence condition
vpa_public_register,2026-07-29T13:34:38.613Z,https://pharmacy.vic.gov.au/register-search/,Core Pharmacy Tullamarine,195 Melrose Drive,Tullamarine,VIC,3043,"195 Melrose Drive, Tullamarine VIC 3043",30/06/2027,Active,Standard registration conditions,James Cheung,30/06/2027,Active,Standard licence condition
vpa_public_register,2026-07-29T13:34:38.613Z,https://pharmacy.vic.gov.au/register-search/,Core Pharmacy Tullamarine,195 Melrose Drive,Tullamarine,VIC,3043,"195 Melrose Drive, Tullamarine VIC 3043",30/06/2027,Active,Standard registration conditions,John Laino,30/06/2027,Active,Standard licence condition
vpa_public_register,2026-07-29T13:34:38.613Z,https://pharmacy.vic.gov.au/register-search/,Core Pharmacy Tullamarine,195 Melrose Drive,Tullamarine,VIC,3043,"195 Melrose Drive, Tullamarine VIC 3043",30/06/2027,Active,Standard registration conditions,Robert Nittoli,30/06/2027,Active,Standard licence condition
vpa_public_register,2026-07-29T13:34:38.613Z,https://pharmacy.vic.gov.au/register-search/,Core Pharmacy Tullamarine,195 Melrose Drive,Tullamarine,VIC,3043,"195 Melrose Drive, Tullamarine VIC 3043",30/06/2027,Active,Standard registration conditions,Stephen Zammit,30/06/2027,Active,Standard licence condition
vpa_public_register,2026-07-29T13:34:38.613Z,https://pharmacy.vic.gov.au/register-search/,Direct Chemist Outlet Gladstone Park,"Shop 109A, 8 - 34 Gladstone Park Drive",Gladstone Park,VIC,3043,"Shop 109A, 8 - 34 Gladstone Park Drive, Gladstone Park VIC 3043",30/06/2027,Active,Standard registration conditions,DCO Gladstone Park Pty Ltd,30/06/2027,Active,Standard licence condition
vpa_public_register,2026-07-29T13:34:38.613Z,https://pharmacy.vic.gov.au/register-search/,SuperValue Chemist Gladstone Park,"Shop 155A, Gladstone Park Shopping Centre",GLADSTONE PARK,VIC,3043,"Shop 155A, Gladstone Park Shopping Centre, GLADSTONE PARK VIC 3043",30/06/2027,Active,Standard registration conditions,Zoran Rojkovski,30/06/2027,Active,Standard licence condition
vpa_public_register,2026-07-29T13:34:38.613Z,https://pharmacy.vic.gov.au/register-search/,BELL STREET PHARMACY,362 Bell Street,Pascoe Vale,VIC,3044,"362 Bell Street, Pascoe Vale VIC 3044",30/06/2027,Active,Standard registration conditions,Evangelia Spyropoulos,30/06/2027,Active,Standard licence condition
vpa_public_register,2026-07-29T13:34:38.613Z,https://pharmacy.vic.gov.au/register-search/,BELL STREET PHARMACY,362 Bell Street,Pascoe Vale,VIC,3044,"362 Bell Street, Pascoe Vale VIC 3044",30/06/2027,Active,Standard registration conditions,George Spyropoulos,30/06/2027,Active,Standard licence condition
vpa_public_register,2026-07-29T13:34:38.613Z,https://pharmacy.vic.gov.au/register-search/,BELL STREET PHARMACY,362 Bell Street,Pascoe Vale,VIC,3044,"362 Bell Street, Pascoe Vale VIC 3044",30/06/2027,Active,Standard registration conditions,GEORGE SPYROPOULOS PTY LTD,30/06/2027,Active,Standard licence condition
vpa_public_register,2026-07-29T13:34:38.613Z,https://pharmacy.vic.gov.au/register-search/,Cannabloom Specialty Dispensary,"Ground Floor, 417 Bell Street",Pascoe Vale South,VIC,3044,"Ground Floor, 417 Bell Street, Pascoe Vale South VIC 3044",30/06/2027,Active,Standard registration conditions,Cannabloom Specialty Dispensary Pty Ltd,30/06/2027,Active,Standard licence condition
vpa_public_register,2026-07-29T13:34:38.613Z,https://pharmacy.vic.gov.au/register-search/,DERBY STREET PHARMACY,175 Derby Street,Pascoe Vale,VIC,3044,"175 Derby Street, Pascoe Vale VIC 3044",30/06/2027,Active,Standard registration conditions,Magda Elias,30/06/2027,Active,Standard licence condition
vpa_public_register,2026-07-29T13:34:38.613Z,https://pharmacy.vic.gov.au/register-search/,Pascoe Vale Pharmacy,96 Cumberland Road,Pascoe Vale,VIC,3044,"96 Cumberland Road, Pascoe Vale VIC 3044",30/06/2027,Active,Standard registration conditions,Sanaa Rizkalla,30/06/2027,Active,Standard licence condition
vpa_public_register,2026-07-29T13:34:38.613Z,https://pharmacy.vic.gov.au/register-search/,Peter's Pascoe Vale Chemist,448 Gaffney Street,Pascoe Vale,VIC,3044,"448 Gaffney Street, Pascoe Vale VIC 3044",30/06/2027,Active,Standard registration conditions,Karen Hsieh,30/06/2027,Active,Standard licence condition
vpa_public_register,2026-07-29T13:34:38.613Z,https://pharmacy.vic.gov.au/register-search/,Peter's Pascoe Vale Chemist,448 Gaffney Street,Pascoe Vale,VIC,3044,"448 Gaffney Street, Pascoe Vale VIC 3044",30/06/2027,Active,Standard registration conditions,Peter Zygmunt,30/06/2027,Active,Standard licence condition
vpa_public_register,2026-07-29T13:34:38.613Z,https://pharmacy.vic.gov.au/register-search/,Pharmacy 777 Pascoe Vale,108 Kent Road,Pascoe Vale,VIC,3044,"108 Kent Road, Pascoe Vale VIC 3044",30/06/2027,Active,Standard registration conditions,AFSAR Group VIC Pty Ltd,30/06/2027,Active,Standard licence condition
vpa_public_register,2026-07-29T13:34:38.613Z,https://pharmacy.vic.gov.au/register-search/,Pharmacy 777 Pascoe Vale,108 Kent Road,Pascoe Vale,VIC,3044,"108 Kent Road, Pascoe Vale VIC 3044",30/06/2027,Active,Standard registration conditions,Brotherson Group VIC Pty Ltd,30/06/2027,Active,Standard licence condition
vpa_public_register,2026-07-29T13:34:38.613Z,https://pharmacy.vic.gov.au/register-search/,PharmacySmart Compounding Pascoe Vale South,339 Bell Street,PASCOE VALE SOUTH,VIC,3044,"339 Bell Street, PASCOE VALE SOUTH VIC 3044",30/06/2027,Active,Standard registration conditions,Andrew Lau,30/06/2027,Active,Standard licence condition
vpa_public_register,2026-07-29T13:34:38.613Z,https://pharmacy.vic.gov.au/register-search/,Airport Pharmacy,"T4F053 Level 1, Terminal 4",Melbourne Airport,VIC,3045,"T4F053 Level 1, Terminal 4, Melbourne Airport VIC 3045",30/06/2027,Active,Standard registration conditions,Bhindi Pharmacies Pty Ltd,30/06/2027,Active,Standard licence condition
vpa_public_register,2026-07-29T13:34:38.613Z,https://pharmacy.vic.gov.au/register-search/,Melbourne International Landside Pharmacy,"Site ID IQL4, Terminal 2",Melbourne Airport,VIC,3045,"Site ID IQL4, Terminal 2, Melbourne Airport VIC 3045",30/06/2027,Active,Standard registration conditions,Charlie Lahoud,30/06/2027,Active,Standard licence condition
vpa_public_register,2026-07-29T13:34:38.613Z,https://pharmacy.vic.gov.au/register-search/,Melbourne International Landside Pharmacy,"Site ID IQL4, Terminal 2",Melbourne Airport,VIC,3045,"Site ID IQL4, Terminal 2, Melbourne Airport VIC 3045",30/06/2027,Active,Standard registration conditions,Edward Tanzil,30/06/2027,Active,Standard licence condition
vpa_public_register,2026-07-29T13:34:38.613Z,https://pharmacy.vic.gov.au/register-search/,Melbourne International Landside Pharmacy,"Site ID IQL4, Terminal 2",Melbourne Airport,VIC,3045,"Site ID IQL4, Terminal 2, Melbourne Airport VIC 3045",30/06/2027,Active,Standard registration conditions,Hoa Trinh,30/06/2027,Active,Standard licence condition
vpa_public_register,2026-07-29T13:34:38.613Z,https://pharmacy.vic.gov.au/register-search/,Chemist Discount Centre Glenroy,"Shops 2 & 3, 796G Pascoe Vale Road",GLENROY,VIC,3046,"Shops 2 & 3, 796G Pascoe Vale Road, GLENROY VIC 3046",30/06/2027,Active,Standard registration conditions,John Shihata,30/06/2027,Active,Standard licence condition
vpa_public_register,2026-07-29T13:34:38.613Z,https://pharmacy.vic.gov.au/register-search/,Chemist Discount Centre Glenroy,"Shops 2 & 3, 796G Pascoe Vale Road",GLENROY,VIC,3046,"Shops 2 & 3, 796G Pascoe Vale Road, GLENROY VIC 3046",30/06/2027,Active,Standard registration conditions,Mina Boutros,30/06/2027,Active,Standard licence condition
vpa_public_register,2026-07-29T13:34:38.613Z,https://pharmacy.vic.gov.au/register-search/,Chemist Discount Centre Glenroy,"Shops 2 & 3, 796G Pascoe Vale Road",GLENROY,VIC,3046,"Shops 2 & 3, 796G Pascoe Vale Road, GLENROY VIC 3046",30/06/2027,Active,Standard registration conditions,Vihung Kapadia,30/06/2027,Active,Standard licence condition
vpa_public_register,2026-07-29T13:34:38.613Z,https://pharmacy.vic.gov.au/register-search/,Direct Chemist Outlet Glenroy,785 Pascoe Vale Road,Glenroy,VIC,3046,"785 Pascoe Vale Road, Glenroy VIC 3046",30/06/2027,Active,Standard registration conditions,J Shihata Pty Ltd,30/06/2027,Active,Standard licence condition
vpa_public_register,2026-07-29T13:34:38.613Z,https://pharmacy.vic.gov.au/register-search/,Direct Chemist Outlet Glenroy,785 Pascoe Vale Road,Glenroy,VIC,3046,"785 Pascoe Vale Road, Glenroy VIC 3046",30/06/2027,Active,Standard registration conditions,Neetika Cotronis Pty Ltd,30/06/2027,Active,Standard licence condition
vpa_public_register,2026-07-29T13:34:38.613Z,https://pharmacy.vic.gov.au/register-search/,Direct Chemist Outlet Glenroy,785 Pascoe Vale Road,Glenroy,VIC,3046,"785 Pascoe Vale Road, Glenroy VIC 3046",30/06/2027,Active,Standard registration conditions,R Morcos Pty Ltd,30/06/2027,Active,Standard licence condition
vpa_public_register,2026-07-29T13:34:38.613Z,https://pharmacy.vic.gov.au/register-search/,Healthline Pharmacy Oak Park,126 Snell Grove,Oak Park,VIC,3046,"126 Snell Grove, Oak Park VIC 3046",30/06/2027,Active,Standard registration conditions,Anitha Dudhani,30/06/2027,Active,Standard licence condition
vpa_public_register,2026-07-29T13:34:38.613Z,https://pharmacy.vic.gov.au/register-search/,Healthline Pharmacy Oak Park,126 Snell Grove,Oak Park,VIC,3046,"126 Snell Grove, Oak Park VIC 3046",30/06/2027,Active,Standard registration conditions,Rajesh Dudhani,30/06/2027,Active,Standard licence condition
vpa_public_register,2026-07-29T13:34:38.613Z,https://pharmacy.vic.gov.au/register-search/,NELSON'S PHARMACY GLENROY,124 West Street,Glenroy,VIC,3046,"124 West Street, Glenroy VIC 3046",30/06/2027,Active,Standard registration conditions,Adrian Salsone,30/06/2027,Active,Standard licence condition
vpa_public_register,2026-07-29T13:34:38.613Z,https://pharmacy.vic.gov.au/register-search/,NELSON'S PHARMACY GLENROY,124 West Street,Glenroy,VIC,3046,"124 West Street, Glenroy VIC 3046",30/06/2027,Active,Standard registration conditions,Nicole Hardwick,30/06/2027,Active,Standard licence condition
vpa_public_register,2026-07-29T13:34:38.613Z,https://pharmacy.vic.gov.au/register-search/,TerryWhite Chemmart Hadfield,68 North Street,Hadfield,VIC,3046,"68 North Street, Hadfield VIC 3046",30/06/2027,Active,Standard registration conditions,Winter Services Pty Ltd,30/06/2027,Active,Standard licence condition
vpa_public_register,2026-07-29T13:34:38.613Z,https://pharmacy.vic.gov.au/register-search/,TerryWhite Chemmart Kapadia,793 Pascoe Vale Road,Glenroy,VIC,3046,"793 Pascoe Vale Road, Glenroy VIC 3046",30/06/2027,Active,Standard registration conditions,Vihung Kapadia,30/06/2027,Active,Standard licence condition
vpa_public_register,2026-07-29T13:34:38.613Z,https://pharmacy.vic.gov.au/register-search/,Amcal Broadmeadows,"Shop No G093 Broadmeadows Town Centre, 1099 - 1169 Pascoe Vale Road",Broadmeadows,VIC,3047,"Shop No G093 Broadmeadows Town Centre, 1099 - 1169 Pascoe Vale Road, Broadmeadows VIC 3047",30/06/2027,Active,Standard registration conditions,Bruno Crisafi,30/06/2027,Active,Standard licence condition
vpa_public_register,2026-07-29T13:34:38.613Z,https://pharmacy.vic.gov.au/register-search/,Amcal Broadmeadows,"Shop No G093 Broadmeadows Town Centre, 1099 - 1169 Pascoe Vale Road",Broadmeadows,VIC,3047,"Shop No G093 Broadmeadows Town Centre, 1099 - 1169 Pascoe Vale Road, Broadmeadows VIC 3047",30/06/2027,Active,Standard registration conditions,EAST YARRA FRIENDLY SOCIETY PTY LTD,30/06/2027,Active,Standard licence condition
vpa_public_register,2026-07-29T13:34:38.613Z,https://pharmacy.vic.gov.au/register-search/,Amcal Dallas Compounding Chemist,1 - 3 Dargie Court,Dallas,VIC,3047,"1 - 3 Dargie Court, Dallas VIC 3047",30/06/2027,Active,Standard registration conditions,H.S.S.W. Pharmacy Pty Ltd,30/06/2027,Active,Standard licence condition
vpa_public_register,2026-07-29T13:34:38.613Z,https://pharmacy.vic.gov.au/register-search/,Broadmeadows Hospital  Pharmacy Department,"Broadmeadows Hospital, 35 Johnstone Street",BROADMEADOWS,VIC,3047,"Broadmeadows Hospital, 35 Johnstone Street, BROADMEADOWS VIC 3047",30/06/2027,Active,,NORTHERN HEALTH,30/06/2027,Active,Standard licence condition
vpa_public_register,2026-07-29T13:34:38.613Z,https://pharmacy.vic.gov.au/register-search/,Chemist Warehouse Broadmeadows,"Shop G057, Broadmeadows Central, 1099 - 1169 Pascoe Vale Road",Broadmeadows,VIC,3047,"Shop G057, Broadmeadows Central, 1099 - 1169 Pascoe Vale Road, Broadmeadows VIC 3047",30/06/2027,Active,Standard registration conditions,Marcello Verrocchi,30/06/2027,Active,Standard licence condition
vpa_public_register,2026-07-29T13:34:38.613Z,https://pharmacy.vic.gov.au/register-search/,GREATER DISCOUNT CHEMIST - BROADMEADOWS,Shop 1 / 11 - 17 Pearcedale Parade,Broadmeadows,VIC,3047,"Shop 1 / 11 - 17 Pearcedale Parade, Broadmeadows VIC 3047",30/06/2027,Active,Standard registration conditions,Vi Tran,30/06/2027,Active,Standard licence condition
vpa_public_register,2026-07-29T13:34:38.613Z,https://pharmacy.vic.gov.au/register-search/,OLSEN PLACE PHARMACY,13 Olsen Place,Broadmeadows,VIC,3047,"13 Olsen Place, Broadmeadows VIC 3047",30/06/2027,Active,Standard registration conditions,Allan Hau,30/06/2027,Active,Standard licence condition
vpa_public_register,2026-07-29T13:34:38.613Z,https://pharmacy.vic.gov.au/register-search/,OLSEN PLACE PHARMACY,13 Olsen Place,Broadmeadows,VIC,3047,"13 Olsen Place, Broadmeadows VIC 3047",30/06/2027,Active,Standard registration conditions,Gregory Kossena,30/06/2027,Active,Standard licence condition
vpa_public_register,2026-07-29T13:34:38.613Z,https://pharmacy.vic.gov.au/register-search/,OLSEN PLACE PHARMACY,13 Olsen Place,Broadmeadows,VIC,3047,"13 Olsen Place, Broadmeadows VIC 3047",30/06/2027,Active,Standard registration conditions,Stephen Zammit,30/06/2027,Active,Standard licence condition
vpa_public_register,2026-07-29T13:34:38.613Z,https://pharmacy.vic.gov.au/register-search/,OLSEN PLACE PHARMACY,13 Olsen Place,Broadmeadows,VIC,3047,"13 Olsen Place, Broadmeadows VIC 3047",30/06/2027,Active,Standard registration conditions,Tze Guang Wong,30/06/2027,Active,Standard licence condition
vpa_public_register,2026-07-29T13:34:38.613Z,https://pharmacy.vic.gov.au/register-search/,TerryWhite Chemmart Broadmeadows,50-52 Bamburgh Street,Broadmeadows,VIC,3047,"50-52 Bamburgh Street, Broadmeadows VIC 3047",30/06/2027,Active,Standard registration conditions,Broadmeadows Pharmacy Pty Ltd,30/06/2027,Active,Standard licence condition
vpa_public_register,2026-07-29T13:34:38.613Z,https://pharmacy.vic.gov.au/register-search/,Chemist  Warehouse Roxburgh Park Home Co,"Tenancy T8, HomeCo Roxburgh Park, 1550 Pascoe Vale Road",COOLAROO,VIC,3048,"Tenancy T8, HomeCo Roxburgh Park, 1550 Pascoe Vale Road, COOLAROO VIC 3048",30/06/2027,Active,Standard registration conditions,Paul Katsavos,30/06/2027,Active,Standard licence condition
vpa_public_register,2026-07-29T13:34:38.613Z,https://pharmacy.vic.gov.au/register-search/,Discount Drug Store Meadow Heights Shopping Centre,"Shop 5, 6 & 7 Meadow Heights Shopping Centre, 55 Paringa Boulevard",Meadow Heights,VIC,3048,"Shop 5, 6 & 7 Meadow Heights Shopping Centre, 55 Paringa Boulevard, Meadow Heights VIC 3048",30/06/2027,Active,Standard registration conditions,Paul Katsavos,30/06/2027,Active,Standard licence condition
vpa_public_register,2026-07-29T13:34:38.613Z,https://pharmacy.vic.gov.au/register-search/,Discount Drug Store Meadow Heights Shopping Centre,"Shop 5, 6 & 7 Meadow Heights Shopping Centre, 55 Paringa Boulevard",Meadow Heights,VIC,3048,"Shop 5, 6 & 7 Meadow Heights Shopping Centre, 55 Paringa Boulevard, Meadow Heights VIC 3048",30/06/2027,Active,Standard registration conditions,Vincent Crisafi,30/06/2027,Active,Standard licence condition
vpa_public_register,2026-07-29T13:34:38.613Z,https://pharmacy.vic.gov.au/register-search/,HUME CITY PHARMACY,510 Barry Road,Coolaroo,VIC,3048,"510 Barry Road, Coolaroo VIC 3048",30/06/2027,Active,Standard registration conditions,HC Pharmacy Pty Ltd,30/06/2027,Active,Standard licence condition
vpa_public_register,2026-07-29T13:34:38.613Z,https://pharmacy.vic.gov.au/register-search/,Cincotta Discount Chemist Westmeadows,34 Fawkner Street,Westmeadows,VIC,3049,"34 Fawkner Street, Westmeadows VIC 3049",30/06/2027,Active,Standard registration conditions,Charlie Hadchiti,30/06/2027,Active,Standard licence condition
vpa_public_register,2026-07-29T13:34:38.613Z,https://pharmacy.vic.gov.au/register-search/,THE ROYAL MELBOURNE HOSPITAL CITY CAMPUS PHARMACY DEPARTMENT,"Grattan Street, c/o Post Office RMH 3050",Parkville,VIC,3050,"Grattan Street, c/o Post Office RMH 3050, Parkville VIC 3050",30/06/2027,Active,,MELBOURNE HEALTH,30/06/2027,Active,Standard licence condition
vpa_public_register,2026-07-29T13:34:38.613Z,https://pharmacy.vic.gov.au/register-search/,Wise and Co Dispensary,"Shop 5 & 6 Balnarring Shopping Centre, 3050 Frankston Flinders Road",Balnarring,VIC,3926,"Shop 5 & 6 Balnarring Shopping Centre, 3050 Frankston Flinders Road, Balnarring VIC 3926",30/06/2027,Active,Standard registration conditions,Anthony Wise,30/06/2027,Active,Standard licence condition
vpa_public_register,2026-07-29T13:34:38.613Z,https://pharmacy.vic.gov.au/register-search/,Amcal Arden Gardens Pharmacy,"Shop 14, Arden Gardens, 2 - 24 Vaughan Terrace",NORTH MELBOURNE,VIC,3051,"Shop 14, Arden Gardens, 2 - 24 Vaughan Terrace, NORTH MELBOURNE VIC 3051",30/06/2027,Active,Standard registration conditions,Arden Gardens Pharmacy Pty Ltd,30/06/2027,Active,Standard licence condition
vpa_public_register,2026-07-29T13:34:38.613Z,https://pharmacy.vic.gov.au/register-search/,Amcal North Melbourne Pharmacy,65-67 Errol Street,North Melbourne,VIC,3051,"65-67 Errol Street, North Melbourne VIC 3051",30/06/2027,Active,Standard registration conditions,North Melb Pharm Pty Ltd,30/06/2027,Active,Standard licence condition
vpa_public_register,2026-07-29T13:34:38.613Z,https://pharmacy.vic.gov.au/register-search/,C-PHARMACY,490 Victoria Street,North Melbourne,VIC,3051,"490 Victoria Street, North Melbourne VIC 3051",30/06/2027,Active,Specific registration condition | Standard registration conditions,Arthur Chan,30/06/2026,Active,Standard licence condition
vpa_public_register,2026-07-29T13:34:38.613Z,https://pharmacy.vic.gov.au/register-search/,Chemist Warehouse - North Melbourne,19 - 23 Errol Street,NORTH MELBOURNE,VIC,3051,"19 - 23 Errol Street, NORTH MELBOURNE VIC 3051",30/06/2027,Active,Standard registration conditions,Ismail Arakji,30/06/2027,Active,Standard licence condition
vpa_public_register,2026-07-29T13:34:38.613Z,https://pharmacy.vic.gov.au/register-search/,Chemist Warehouse - North Melbourne,19 - 23 Errol Street,NORTH MELBOURNE,VIC,3051,"19 - 23 Errol Street, NORTH MELBOURNE VIC 3051",30/06/2027,Active,Standard registration conditions,Mahmoud Arakji,30/06/2027,Active,Standard licence condition
vpa_public_register,2026-07-29T13:34:38.613Z,https://pharmacy.vic.gov.au/register-search/,Chemist Warehouse - North Melbourne,19 - 23 Errol Street,NORTH MELBOURNE,VIC,3051,"19 - 23 Errol Street, NORTH MELBOURNE VIC 3051",30/06/2027,Active,Standard registration conditions,Mohamed Arakji,30/06/2027,Active,Standard licence condition
vpa_public_register,2026-07-29T13:34:38.613Z,https://pharmacy.vic.gov.au/register-search/,NORTH MELBOURNE PHARMACY,"Shop 1, 344 Abbotsford Street",North Melbourne,VIC,3051,"Shop 1, 344 Abbotsford Street, North Melbourne VIC 3051",30/06/2027,Active,Standard registration conditions,Abbotsford Street Pharmacy Pty Ltd,30/06/2027,Active,Standard licence condition
vpa_public_register,2026-07-29T13:34:38.613Z,https://pharmacy.vic.gov.au/register-search/,HEALTHSMART PHARMACY MELBOURNE,"Shop 5, Integrated Retail Precinct, Royal Melbourne Hospital",Parkville,VIC,3052,"Shop 5, Integrated Retail Precinct, Royal Melbourne Hospital, Parkville VIC 3052",30/06/2027,Active,Standard registration conditions,Anthony Hrysoudis,30/06/2027,Active,Standard licence condition
vpa_public_register,2026-07-29T13:34:38.613Z,https://pharmacy.vic.gov.au/register-search/,HEALTHSMART PHARMACY MELBOURNE,"Shop 5, Integrated Retail Precinct, Royal Melbourne Hospital",Parkville,VIC,3052,"Shop 5, Integrated Retail Precinct, Royal Melbourne Hospital, Parkville VIC 3052",30/06/2027,Active,Standard registration conditions,Joseph Tesoriero,30/06/2027,Active,Standard licence condition
vpa_public_register,2026-07-29T13:34:38.613Z,https://pharmacy.vic.gov.au/register-search/,HealthSmart Pharmacy University,"Tenancy DMI (G12), Doug McDonell Building, Parkville Campus, The University of Melbourne",Parkville,VIC,3052,"Tenancy DMI (G12), Doug McDonell Building, Parkville Campus, The University of Melbourne, Parkville VIC 3052",30/06/2027,Active,Standard registration conditions,HealthSmart Pharmacy Tertiary Pty Ltd,30/06/2027,Active,Standard licence condition
vpa_public_register,2026-07-29T13:34:38.613Z,https://pharmacy.vic.gov.au/register-search/,ROYAL CHILDREN'S HOSPITAL  PHARMACY DEPARTMENT,"Ground Floor, 50 Flemington Road",Parkville,VIC,3052,"Ground Floor, 50 Flemington Road, Parkville VIC 3052",30/06/2027,Active,,ROYAL CHILDREN'S HOSPITAL,30/06/2027,Active,Standard licence condition
vpa_public_register,2026-07-29T13:34:38.613Z,https://pharmacy.vic.gov.au/register-search/,ROYAL WOMEN'S HOSPITAL PHARMACY DEPARTMENT,20 Flemington Road,PARKVILLE,VIC,3052,"20 Flemington Road, PARKVILLE VIC 3052",30/06/2027,Active,,ROYAL WOMEN'S HOSPITAL,30/06/2027,Active,Standard licence condition
vpa_public_register,2026-07-29T13:34:38.613Z,https://pharmacy.vic.gov.au/register-search/,THE ROYAL MELBOURNE HOSPITAL - ROYAL PARK CAMPUS  PHARMACY DEPARTMENT,34 - 54 Poplar Road,Parkville,VIC,3052,"34 - 54 Poplar Road, Parkville VIC 3052",30/06/2027,Active,,MELBOURNE HEALTH,30/06/2027,Active,Standard licence condition
vpa_public_register,2026-07-29T13:34:38.613Z,https://pharmacy.vic.gov.au/register-search/,Dispensary on Lygon,225 Lygon Street,Carlton,VIC,3053,"225 Lygon Street, Carlton VIC 3053",30/06/2027,Active,Standard registration conditions,Dispensary on Lygon Pty Ltd,30/06/2027,Active,Standard licence condition
vpa_public_register,2026-07-29T13:34:38.613Z,https://pharmacy.vic.gov.au/register-search/,Health Hub Pharmacies Carlton,"Shop 5 & 6, Lygon Court Shopping Centre, 380 Lygon Street",Carlton,VIC,3053,"Shop 5 & 6, Lygon Court Shopping Centre, 380 Lygon Street, Carlton VIC 3053",30/06/2027,Active,Standard registration conditions,Jane Mitchell,30/06/2027,Active,Standard licence condition
vpa_public_register,2026-07-29T13:34:38.613Z,https://pharmacy.vic.gov.au/register-search/,Health Hub Pharmacies Carlton,"Shop 5 & 6, Lygon Court Shopping Centre, 380 Lygon Street",Carlton,VIC,3053,"Shop 5 & 6, Lygon Court Shopping Centre, 380 Lygon Street, Carlton VIC 3053",30/06/2027,Active,Standard registration conditions,Mina Elmalek,30/06/2027,Active,Standard licence condition
vpa_public_register,2026-07-29T13:34:38.613Z,https://pharmacy.vic.gov.au/register-search/,MELBOURNE SEXUAL HEALTH CENTRE PHARMACY DEPARTMENT,580 Swanston Street,CARLTON,VIC,3053,"580 Swanston Street, CARLTON VIC 3053",30/06/2027,Active,,Bayside Health,30/06/2027,Active,Standard licence condition
vpa_public_register,2026-07-29T13:34:38.613Z,https://pharmacy.vic.gov.au/register-search/,PICKFORD PHARMACY,177-179 Elgin Street,Carlton,VIC,3053,"177-179 Elgin Street, Carlton VIC 3053",30/06/2027,Active,Standard registration conditions,Tam Nguyen,30/06/2027,Active,Standard licence condition
vpa_public_register,2026-07-29T13:34:38.613Z,https://pharmacy.vic.gov.au/register-search/,SCHNEIER PHARMACY,113 Elgin Street,Carlton,VIC,3053,"113 Elgin Street, Carlton VIC 3053",30/06/2027,Active,Standard registration conditions | Specific registration condition,Samuel Schneier,30/06/2027,Active,Standard licence condition
vpa_public_register,2026-07-29T13:34:38.613Z,https://pharmacy.vic.gov.au/register-search/,CARLTON NORTH PHARMACY,751 Nicholson Street,Carlton North,VIC,3054,"751 Nicholson Street, Carlton North VIC 3054",30/06/2027,Active,Standard registration conditions,Karen Hsieh,30/06/2027,Active,Standard licence condition
vpa_public_register,2026-07-29T13:34:38.613Z,https://pharmacy.vic.gov.au/register-search/,DAVID NOLTE PHARMACY,701 - 703 Rathdowne Street,Carlton North,VIC,3054,"701 - 703 Rathdowne Street, Carlton North VIC 3054",30/06/2027,Active,Standard registration conditions,David Nolte,30/06/2027,Active,Standard licence condition
vpa_public_register,2026-07-29T13:34:38.613Z,https://pharmacy.vic.gov.au/register-search/,ALBION PHARMACY,160 - 164 Melville Road,Brunswick West,VIC,3055,"160 - 164 Melville Road, Brunswick West VIC 3055",30/06/2027,Active,Standard registration conditions,John Voulgaris,30/06/2027,Active,Standard licence condition
vpa_public_register,2026-07-29T13:34:38.613Z,https://pharmacy.vic.gov.au/register-search/,Moreland Discount Chemist,249 - 251 Melville Road,Brunswick West,VIC,3055,"249 - 251 Melville Road, Brunswick West VIC 3055",30/06/2027,Active,Standard registration conditions,Moreland Pharmacy Pty Ltd,30/06/2027,Active,Standard licence condition
vpa_public_register,2026-07-29T13:34:38.613Z,https://pharmacy.vic.gov.au/register-search/,PRICELINE PHARMACY WEST BRUNSWICK,"Shop 10A, Union Square, 190-196 Union Street",Brunswick West,VIC,3055,"Shop 10A, Union Square, 190-196 Union Street, Brunswick West VIC 3055",30/06/2027,Active,Standard registration conditions,Cemata Pty Ltd,30/06/2027,Active,Standard licence condition
vpa_public_register,2026-07-29T13:34:38.613Z,https://pharmacy.vic.gov.au/register-search/,Scriptrite Pharmacy,56 Melville Road,Brunswick West,VIC,3055,"56 Melville Road, Brunswick West VIC 3055",30/06/2027,Active,Standard registration conditions,Scriptrite Pharmacy (Brunswick West) Pty Ltd,30/06/2027,Active,Standard licence condition
vpa_public_register,2026-07-29T13:34:38.613Z,https://pharmacy.vic.gov.au/register-search/,Your Discount Pharmacy Brunswick West,225 Melville Road,BRUNSWICK WEST,VIC,3055,"225 Melville Road, BRUNSWICK WEST VIC 3055",30/06/2027,Active,Standard registration conditions,K & K Chemists Pty Ltd,30/06/2027,Active,Standard licence condition
vpa_public_register,2026-07-29T13:34:38.613Z,https://pharmacy.vic.gov.au/register-search/,Better Leaf Brunswick,149 Sydney Road,Brunswick,VIC,3056,"149 Sydney Road, Brunswick VIC 3056",30/06/2027,Active,Standard registration conditions,Haven Q Pty Ltd,30/06/2027,Active,Standard licence condition
vpa_public_register,2026-07-29T13:34:38.613Z,https://pharmacy.vic.gov.au/register-search/,BRUNSWICK PHARMACY,"Ground Floor, 369 Sydney Road",Brunswick,VIC,3056,"Ground Floor, 369 Sydney Road, Brunswick VIC 3056",30/06/2027,Active,Standard registration conditions,James Cheung,30/06/2027,Active,Standard licence condition
vpa_public_register,2026-07-29T13:34:38.613Z,https://pharmacy.vic.gov.au/register-search/,BRUNSWICK PHARMACY,"Ground Floor, 369 Sydney Road",Brunswick,VIC,3056,"Ground Floor, 369 Sydney Road, Brunswick VIC 3056",30/06/2027,Active,Standard registration conditions,John Laino,30/06/2027,Active,Standard licence condition
vpa_public_register,2026-07-29T13:34:38.613Z,https://pharmacy.vic.gov.au/register-search/,BRUNSWICK PHARMACY,"Ground Floor, 369 Sydney Road",Brunswick,VIC,3056,"Ground Floor, 369 Sydney Road, Brunswick VIC 3056",30/06/2027,Active,Standard registration conditions,Robert Nittoli,30/06/2027,Active,Standard licence condition
vpa_public_register,2026-07-29T13:34:38.613Z,https://pharmacy.vic.gov.au/register-search/,BRUNSWICK PHARMACY,"Ground Floor, 369 Sydney Road",Brunswick,VIC,3056,"Ground Floor, 369 Sydney Road, Brunswick VIC 3056",30/06/2027,Active,Standard registration conditions,Stephen Zammit,30/06/2027,Active,Standard licence condition
vpa_public_register,2026-07-29T13:34:38.613Z,https://pharmacy.vic.gov.au/register-search/,CHEMIST WAREHOUSE BRUNSWICK,429-433 Sydney Road,BRUNSWICK,VIC,3056,"429-433 Sydney Road, BRUNSWICK VIC 3056",30/06/2027,Active,Standard registration conditions,John Paris,30/06/2027,Active,Standard licence condition
vpa_public_register,2026-07-29T13:34:38.613Z,https://pharmacy.vic.gov.au/register-search/,CHEMIST WAREHOUSE BRUNSWICK,429-433 Sydney Road,BRUNSWICK,VIC,3056,"429-433 Sydney Road, BRUNSWICK VIC 3056",30/06/2027,Active,Standard registration conditions,Mario Tascone,30/06/2027,Active,Standard licence condition
vpa_public_register,2026-07-29T13:34:38.613Z,https://pharmacy.vic.gov.au/register-search/,Chemist Warehouse Brunswick South,120 - 124 Sydney Road,Brunswick,VIC,3056,"120 - 124 Sydney Road, Brunswick VIC 3056",30/06/2027,Active,Standard registration conditions,John Paris,30/06/2027,Active,Standard licence condition
vpa_public_register,2026-07-29T13:34:38.613Z,https://pharmacy.vic.gov.au/register-search/,Priceline Pharmacy Barkly Square,"Shop J3, Barkly Square Shopping Centre, 90 - 106 Sydney Road",Brunswick,VIC,3056,"Shop J3, Barkly Square Shopping Centre, 90 - 106 Sydney Road, Brunswick VIC 3056",30/06/2027,Active,Standard registration conditions,PL Barkly Square Pty Ltd,30/06/2027,Active,Standard licence condition
vpa_public_register,2026-07-29T13:34:38.613Z,https://pharmacy.vic.gov.au/register-search/,STEVE SIAMIDIS PHARMACY,545 Sydney Road,Brunswick,VIC,3056,"545 Sydney Road, Brunswick VIC 3056",30/06/2027,Active,Standard registration conditions,Steve Siamidis,30/06/2027,Active,Standard licence condition
vpa_public_register,2026-07-29T13:34:38.613Z,https://pharmacy.vic.gov.au/register-search/,TAMBASSIS PHARMACY,"Ground Floor, 34 Sydney Road",Brunswick,VIC,3056,"Ground Floor, 34 Sydney Road, Brunswick VIC 3056",30/06/2027,Active,Standard registration conditions,A & R Pharma Pty Ltd,30/06/2027,Active,Standard licence condition
vpa_public_register,2026-07-29T13:34:38.613Z,https://pharmacy.vic.gov.au/register-search/,Your Discount Pharmacy Brunswick,15 / 652 Sydney Road,Brunswick,VIC,3056,"15 / 652 Sydney Road, Brunswick VIC 3056",30/06/2027,Active,Standard registration conditions,Desired Shareholdings Pty Ltd,30/06/2027,Active,Standard licence condition
vpa_public_register,2026-07-29T13:34:38.613Z,https://pharmacy.vic.gov.au/register-search/,Choice Pharmacy Brunswick,14 Village Avenue,Brunswick East,VIC,3057,"14 Village Avenue, Brunswick East VIC 3057",30/06/2027,Active,Standard registration conditions,Choice Pharmacy Brunswick Pty Ltd,30/06/2027,Active,Standard licence condition
vpa_public_register,2026-07-29T13:34:38.613Z,https://pharmacy.vic.gov.au/register-search/,Direct Chemist Outlet Brunswick East,"Ground Floor, 158 Lygon Street",Brunswick East,VIC,3057,"Ground Floor, 158 Lygon Street, Brunswick East VIC 3057",30/06/2027,Active,Standard registration conditions,Beshoy Ezak,30/06/2027,Active,Standard licence condition
vpa_public_register,2026-07-29T13:34:38.613Z,https://pharmacy.vic.gov.au/register-search/,Direct Chemist Outlet Brunswick East,"Ground Floor, 158 Lygon Street",Brunswick East,VIC,3057,"Ground Floor, 158 Lygon Street, Brunswick East VIC 3057",30/06/2027,Active,Standard registration conditions,Fady Joseph Antoun Moussa,30/06/2027,Active,Standard licence condition
vpa_public_register,2026-07-29T13:34:38.613Z,https://pharmacy.vic.gov.au/register-search/,Healthylife Pharmacy Brunswick,92 Lygon Street,Brunswick East,VIC,3057,"92 Lygon Street, Brunswick East VIC 3057",30/06/2027,Active,Standard registration conditions,Wai Yin Chan,30/06/2027,Active,Standard licence condition
vpa_public_register,2026-07-29T13:34:38.613Z,https://pharmacy.vic.gov.au/register-search/,Lygon EVERYDAY Chemist,473 - 475 Lygon Street,Brunswick East,VIC,3057,"473 - 475 Lygon Street, Brunswick East VIC 3057",30/06/2027,Active,Standard registration conditions,Domenic Chindamo,30/06/2027,Active,Standard licence condition
vpa_public_register,2026-07-29T13:34:38.613Z,https://pharmacy.vic.gov.au/register-search/,Amcal Coburg,26 - 30 Sydney Road,Coburg,VIC,3058,"26 - 30 Sydney Road, Coburg VIC 3058",30/06/2027,Active,Standard registration conditions,EAST YARRA FRIENDLY SOCIETY PTY LTD,30/06/2027,Active,Standard licence condition
vpa_public_register,2026-07-29T13:34:38.613Z,https://pharmacy.vic.gov.au/register-search/,Amcal Coburg,26 - 30 Sydney Road,Coburg,VIC,3058,"26 - 30 Sydney Road, Coburg VIC 3058",30/06/2027,Active,Standard registration conditions,John Paris,30/06/2027,Active,Standard licence condition
vpa_public_register,2026-07-29T13:34:38.613Z,https://pharmacy.vic.gov.au/register-search/,Baraz Wellness Pharmacy,Shop 17 / 48 - 52 Sydney Road,COBURG,VIC,3058,"Shop 17 / 48 - 52 Sydney Road, COBURG VIC 3058",30/06/2027,Active,Standard registration conditions,Steve Baraz,30/06/2027,Active,Standard licence condition
vpa_public_register,2026-07-29T13:34:38.613Z,https://pharmacy.vic.gov.au/register-search/,Central Pharmacy Logistics,"Unit 9, 52 Bakers Road",COBURG NORTH,VIC,3058,"Unit 9, 52 Bakers Road, COBURG NORTH VIC 3058",30/06/2027,Active,Specific registration condition | Standard registration conditions,CPL Pharmacy Pty Ltd,30/06/2027,Active,Standard licence condition
vpa_public_register,2026-07-29T13:34:38.613Z,https://pharmacy.vic.gov.au/register-search/,CHEMIST WAREHOUSE COBURG,409-413 Sydney Road,Coburg,VIC,3058,"409-413 Sydney Road, Coburg VIC 3058",30/06/2027,Active,Standard registration conditions,EAST YARRA FRIENDLY SOCIETY PTY LTD,30/06/2027,Active,Standard licence condition
vpa_public_register,2026-07-29T13:34:38.613Z,https://pharmacy.vic.gov.au/register-search/,CHEMIST WAREHOUSE COBURG,409-413 Sydney Road,Coburg,VIC,3058,"409-413 Sydney Road, Coburg VIC 3058",30/06/2027,Active,Standard registration conditions,John Paris,30/06/2027,Active,Standard licence condition
vpa_public_register,2026-07-29T13:34:38.613Z,https://pharmacy.vic.gov.au/register-search/,Community Health Pharmacy Coburg Village,"Shop 8 Coburg North Village, 174 - 196 Gaffney Street",COBURG NORTH,VIC,3058,"Shop 8 Coburg North Village, 174 - 196 Gaffney Street, COBURG NORTH VIC 3058",30/06/2027,Active,Standard registration conditions,FRIENDLY PHARMACY (VIC) LTD,30/06/2027,Active,Standard licence condition
vpa_public_register,2026-07-29T13:34:38.613Z,https://pharmacy.vic.gov.au/register-search/,Direct Chemist Outlet  Coburg North,11-17 Orvieto Street,COBURG NORTH,VIC,3058,"11-17 Orvieto Street, COBURG NORTH VIC 3058",30/06/2027,Active,Standard registration conditions,Pitty Varghese,30/06/2027,Active,Standard licence condition
vpa_public_register,2026-07-29T13:34:38.613Z,https://pharmacy.vic.gov.au/register-search/,Direct Chemist Outlet  Coburg North,11-17 Orvieto Street,COBURG NORTH,VIC,3058,"11-17 Orvieto Street, COBURG NORTH VIC 3058",30/06/2027,Active,Standard registration conditions,RENJITH RAGHAVAN,30/06/2027,Active,Standard licence condition
vpa_public_register,2026-07-29T13:34:38.613Z,https://pharmacy.vic.gov.au/register-search/,Direct Chemist Outlet  Coburg North,11-17 Orvieto Street,COBURG NORTH,VIC,3058,"11-17 Orvieto Street, COBURG NORTH VIC 3058",30/06/2027,Active,Standard registration conditions,venkata kakaral,30/06/2027,Active,Standard licence condition
vpa_public_register,2026-07-29T13:34:38.613Z,https://pharmacy.vic.gov.au/register-search/,Direct Chemist Outlet Pentridge,"T01, Building 9, 1 Champ Street",COBURG,VIC,3058,"T01, Building 9, 1 Champ Street, COBURG VIC 3058",30/06/2027,Active,Standard registration conditions,Pitty Varghese,30/06/2027,Active,Standard licence condition
vpa_public_register,2026-07-29T13:34:38.613Z,https://pharmacy.vic.gov.au/register-search/,Direct Chemist Outlet Pentridge,"T01, Building 9, 1 Champ Street",COBURG,VIC,3058,"T01, Building 9, 1 Champ Street, COBURG VIC 3058",30/06/2027,Active,Standard registration conditions,RENJITH RAGHAVAN,30/06/2027,Active,Standard licence condition
vpa_public_register,2026-07-29T13:34:38.613Z,https://pharmacy.vic.gov.au/register-search/,Direct Chemist Outlet Pentridge,"T01, Building 9, 1 Champ Street",COBURG,VIC,3058,"T01, Building 9, 1 Champ Street, COBURG VIC 3058",30/06/2027,Active,Standard registration conditions,venkata kakaral,30/06/2027,Active,Standard licence condition
vpa_public_register,2026-07-29T13:34:38.613Z,https://pharmacy.vic.gov.au/register-search/,Gogo Med Online  Pharmacy,19A Norfolk Court,COBURG NORTH,VIC,3058,"19A Norfolk Court, COBURG NORTH VIC 3058",30/06/2027,Active,Standard registration conditions | Specific registration condition,Jeren Yu,30/06/2027,Active,Standard licence condition
vpa_public_register,2026-07-29T13:34:38.613Z,https://pharmacy.vic.gov.au/register-search/,Halfpenny Discount Pharmacy,385 Sydney Road,COBURG,VIC,3058,"385 Sydney Road, COBURG VIC 3058",30/06/2027,Active,Standard registration conditions,Monark Health Pty Ltd,30/06/2027,Active,Standard licence condition
vpa_public_register,2026-07-29T13:34:38.613Z,https://pharmacy.vic.gov.au/register-search/,Healthline Pharmacy,GF 96-98 Bell Street,Coburg,VIC,3058,"GF 96-98 Bell Street, Coburg VIC 3058",30/06/2027,Active,Standard registration conditions,Rajesh Dudhani,30/06/2027,Active,Standard licence condition
vpa_public_register,2026-07-29T13:34:38.613Z,https://pharmacy.vic.gov.au/register-search/,HPS  Pharmacies Coburg,"Warehouse 4, 51 Moreland Road",Coburg,VIC,3058,"Warehouse 4, 51 Moreland Road, Coburg VIC 3058",30/06/2027,Active,Standard registration conditions,HSP VIC No. 1 Pty Ltd,30/06/2027,Active,Standard licence condition
vpa_public_register,2026-07-29T13:34:38.613Z,https://pharmacy.vic.gov.au/register-search/,HPS Pharmacies John Fawkner,"Part Ground Floor John Fawkner Private Hospital, 275 Moreland Road",COBURG,VIC,3058,"Part Ground Floor John Fawkner Private Hospital, 275 Moreland Road, COBURG VIC 3058",30/06/2027,Active,Standard registration conditions,HSP VIC No. 4 Pty Ltd,30/06/2027,Active,Standard licence condition
vpa_public_register,2026-07-29T13:34:38.613Z,https://pharmacy.vic.gov.au/register-search/,Pharmacy 4 Less Coburg,1-3B Louisa Street,Coburg,VIC,3058,"1-3B Louisa Street, Coburg VIC 3058",30/06/2027,Active,Standard registration conditions,PCY COB Pty Ltd,30/06/2027,Active,Standard licence condition
vpa_public_register,2026-07-29T13:34:38.613Z,https://pharmacy.vic.gov.au/register-search/,Regency Compounding Pharmacy,"Shop 5, Coburg Hill Shopping Centre, 153 - 167 Elizabeth Street",Coburg North,VIC,3058,"Shop 5, Coburg Hill Shopping Centre, 153 - 167 Elizabeth Street, Coburg North VIC 3058",30/06/2027,Active,Standard registration conditions,Hung Luu,30/06/2027,Active,Standard licence condition
vpa_public_register,2026-07-29T13:34:38.613Z,https://pharmacy.vic.gov.au/register-search/,Regency Compounding Pharmacy,"Shop 5, Coburg Hill Shopping Centre, 153 - 167 Elizabeth Street",Coburg North,VIC,3058,"Shop 5, Coburg Hill Shopping Centre, 153 - 167 Elizabeth Street, Coburg North VIC 3058",30/06/2027,Active,Standard registration conditions,Ngoc Pham,30/06/2027,Active,Standard licence condition
vpa_public_register,2026-07-29T13:34:38.613Z,https://pharmacy.vic.gov.au/register-search/,SABLE PHARMACY,"Shop 1, 95 Bell Street",Coburg,VIC,3058,"Shop 1, 95 Bell Street, Coburg VIC 3058",30/06/2027,Active,Standard registration conditions | Specific registration condition,Sable Pharmaceutical Pty Ltd,30/06/2027,Active,Standard licence condition
vpa_public_register,2026-07-29T13:34:38.613Z,https://pharmacy.vic.gov.au/register-search/,Chemist Warehouse Greenvale,"Shops 3 & 4, 212 - 220 Greenvale Road",Greenvale,VIC,3059,"Shops 3 & 4, 212 - 220 Greenvale Road, Greenvale VIC 3059",30/06/2027,Active,Standard registration conditions,Basma Astepho,30/06/2027,Active,Standard licence condition
vpa_public_register,2026-07-29T13:34:38.613Z,https://pharmacy.vic.gov.au/register-search/,Chemist Warehouse Greenvale,"Shops 3 & 4, 212 - 220 Greenvale Road",Greenvale,VIC,3059,"Shops 3 & 4, 212 - 220 Greenvale Road, Greenvale VIC 3059",30/06/2027,Active,Standard registration conditions,Esther Finocchiaro,30/06/2027,Active,Standard licence condition
vpa_public_register,2026-07-29T13:34:38.613Z,https://pharmacy.vic.gov.au/register-search/,Chemist Warehouse Greenvale,"Shops 3 & 4, 212 - 220 Greenvale Road",Greenvale,VIC,3059,"Shops 3 & 4, 212 - 220 Greenvale Road, Greenvale VIC 3059",30/06/2027,Active,Standard registration conditions,Richard Kozaris,30/06/2027,Active,Standard licence condition
vpa_public_register,2026-07-29T13:34:38.613Z,https://pharmacy.vic.gov.au/register-search/,Direct Chemist Outlet Greenvale Village Pharmacy,"Shop G11, Greenvale Shopping Centre, Corner Greenvale Drive & Mickleham Road",Greenvale,VIC,3059,"Shop G11, Greenvale Shopping Centre, Corner Greenvale Drive & Mickleham Road, Greenvale VIC 3059",30/06/2027,Active,Standard registration conditions,Abraam Investments Pty Ltd,30/06/2027,Active,Standard licence condition
vpa_public_register,2026-07-29T13:34:38.613Z,https://pharmacy.vic.gov.au/register-search/,Chemist Discount Centre Fawkner,63-65 Bonwick Street,Fawkner,VIC,3060,"63-65 Bonwick Street, Fawkner VIC 3060",30/06/2027,Active,Standard registration conditions,Ahmed Ibrahim,30/06/2027,Active,Standard licence condition
vpa_public_register,2026-07-29T13:34:38.613Z,https://pharmacy.vic.gov.au/register-search/,Chemist Discount Centre Fawkner,63-65 Bonwick Street,Fawkner,VIC,3060,"63-65 Bonwick Street, Fawkner VIC 3060",30/06/2027,Active,Standard registration conditions,Dalia Ibrahim,30/06/2027,Active,Standard licence condition
vpa_public_register,2026-07-29T13:34:38.613Z,https://pharmacy.vic.gov.au/register-search/,Pharmacy World East Fawkner,60 Bonwick Street,FAWKNER,VIC,3060,"60 Bonwick Street, FAWKNER VIC 3060",30/06/2027,Active,Standard registration conditions,Ahmed Ibrahim,30/06/2027,Active,Standard licence condition
vpa_public_register,2026-07-29T13:34:38.613Z,https://pharmacy.vic.gov.au/register-search/,Pharmacy World East Fawkner,60 Bonwick Street,FAWKNER,VIC,3060,"60 Bonwick Street, FAWKNER VIC 3060",30/06/2027,Active,Standard registration conditions,Dalia Ibrahim,30/06/2027,Active,Standard licence condition
vpa_public_register,2026-07-29T13:34:38.613Z,https://pharmacy.vic.gov.au/register-search/,Priceline Pharmacy Fawkner,46 - 48 Bonwick Street,Fawkner,VIC,3060,"46 - 48 Bonwick Street, Fawkner VIC 3060",30/06/2027,Active,Standard registration conditions,Ahmed Ibrahim,30/06/2027,Active,Standard licence condition
vpa_public_register,2026-07-29T13:34:38.613Z,https://pharmacy.vic.gov.au/register-search/,Priceline Pharmacy Fawkner,46 - 48 Bonwick Street,Fawkner,VIC,3060,"46 - 48 Bonwick Street, Fawkner VIC 3060",30/06/2027,Active,Standard registration conditions,Dalia Ibrahim,30/06/2027,Active,Standard licence condition
vpa_public_register,2026-07-29T13:34:38.613Z,https://pharmacy.vic.gov.au/register-search/,Campbellfield Pharmacy,"Shop 1B, Campbellfield Plaza Shopping Centre",CAMPBELLFIELD,VIC,3061,"Shop 1B, Campbellfield Plaza Shopping Centre, CAMPBELLFIELD VIC 3061",30/06/2027,Active,Standard registration conditions,An Dao,30/06/2027,Active,Standard licence condition
vpa_public_register,2026-07-29T13:34:38.613Z,https://pharmacy.vic.gov.au/register-search/,Campbellfield Pharmacy,"Shop 1B, Campbellfield Plaza Shopping Centre",CAMPBELLFIELD,VIC,3061,"Shop 1B, Campbellfield Plaza Shopping Centre, CAMPBELLFIELD VIC 3061",30/06/2027,Active,Standard registration conditions,Thu Tran,30/06/2027,Active,Standard licence condition
vpa_public_register,2026-07-29T13:34:38.613Z,https://pharmacy.vic.gov.au/register-search/,Campbellfield Pharmacy,"Shop 1B, Campbellfield Plaza Shopping Centre",CAMPBELLFIELD,VIC,3061,"Shop 1B, Campbellfield Plaza Shopping Centre, CAMPBELLFIELD VIC 3061",30/06/2027,Active,Standard registration conditions,Tu Nguyen,30/06/2027,Active,Standard licence condition
vpa_public_register,2026-07-29T13:34:38.613Z,https://pharmacy.vic.gov.au/register-search/,Chemist Warehouse Campbellfield Distribution Centre,Part 1463 Sydney Road,CAMPBELLFIELD,VIC,3061,"Part 1463 Sydney Road, CAMPBELLFIELD VIC 3061",30/06/2027,Active,Standard registration conditions,Bruno Crisafi,30/06/2027,Active,Standard licence condition
vpa_public_register,2026-07-29T13:34:38.613Z,https://pharmacy.vic.gov.au/register-search/,Chemist Warehouse Campbellfield Distribution Centre,Part 1463 Sydney Road,CAMPBELLFIELD,VIC,3061,"Part 1463 Sydney Road, CAMPBELLFIELD VIC 3061",30/06/2027,Active,Standard registration conditions,Katharine McLaren,30/06/2027,Active,Standard licence condition
vpa_public_register,2026-07-29T13:34:38.613Z,https://pharmacy.vic.gov.au/register-search/,FORDGATE PHARMACY,343 Barry Road,Campbellfield,VIC,3061,"343 Barry Road, Campbellfield VIC 3061",30/06/2027,Active,Standard registration conditions,MIRSA PTY LTD,30/06/2027,Active,Standard licence condition
vpa_public_register,2026-07-29T13:34:38.613Z,https://pharmacy.vic.gov.au/register-search/,Chemist Discount Centre Craigieburn,"Shop D00-02A, Craigieburn Central, 340 Craigieburn Road",Craigieburn,VIC,3064,"Shop D00-02A, Craigieburn Central, 340 Craigieburn Road, Craigieburn VIC 3064",30/06/2027,Active,Standard registration conditions,All Pharmacy Pty Ltd,30/06/2027,Active,Standard licence condition
vpa_public_register,2026-07-29T13:34:38.613Z,https://pharmacy.vic.gov.au/register-search/,Chemist Warehouse Craigieburn,"Shop 4 & 5, 1 - 9 Mareeba Way",Craigieburn,VIC,3064,"Shop 4 & 5, 1 - 9 Mareeba Way, Craigieburn VIC 3064",30/06/2027,Active,Standard registration conditions,Brett Clark,30/06/2027,Active,Standard licence condition
vpa_public_register,2026-07-29T13:34:38.613Z,https://pharmacy.vic.gov.au/register-search/,Chemist Warehouse Craigieburn,"Shop 4 & 5, 1 - 9 Mareeba Way",Craigieburn,VIC,3064,"Shop 4 & 5, 1 - 9 Mareeba Way, Craigieburn VIC 3064",30/06/2027,Active,Standard registration conditions,Eugene Kan,30/06/2027,Active,Standard licence condition
vpa_public_register,2026-07-29T13:34:38.613Z,https://pharmacy.vic.gov.au/register-search/,Chemist Warehouse Craigieburn - Highlands Shopping Centre,"Shop 9 Highlands Shopping Centre, Cnr Aitken and 300-332 Grand Boulevard",Craigieburn,VIC,3064,"Shop 9 Highlands Shopping Centre, Cnr Aitken and 300-332 Grand Boulevard, Craigieburn VIC 3064",30/06/2027,Active,Standard registration conditions,Vivien Katsavos,30/06/2027,Active,Standard licence condition
vpa_public_register,2026-07-29T13:34:38.613Z,https://pharmacy.vic.gov.au/register-search/,Chemist Warehouse Craigieburn Junction,"Building F, Craigieburn Junction, 420-440 Craigieburn Road",Craigieburn,VIC,3064,"Building F, Craigieburn Junction, 420-440 Craigieburn Road, Craigieburn VIC 3064",30/06/2027,Active,Standard registration conditions,Pharmacy O2310 Pty Ltd,30/06/2027,Active,Standard licence condition
vpa_public_register,2026-07-29T13:34:38.613Z,https://pharmacy.vic.gov.au/register-search/,Chemist Warehouse Kalkallo,"Shop 20, Kallo Town Centre, 44 Toyon Road",KALKALLO,VIC,3064,"Shop 20, Kallo Town Centre, 44 Toyon Road, KALKALLO VIC 3064",30/06/2027,Active,Standard registration conditions,Pharmacy O2467 Pty Ltd,30/06/2027,Active,Standard licence condition
vpa_public_register,2026-07-29T13:34:38.613Z,https://pharmacy.vic.gov.au/register-search/,Chemist Warehouse Merrifield City Shopping Centre Mickleham,"Shop MM02, Merrifield City Shopping Centre, 250-270 Donnybrook Road",MICKLEHAM,VIC,3064,"Shop MM02, Merrifield City Shopping Centre, 250-270 Donnybrook Road, MICKLEHAM VIC 3064",30/06/2027,Active,Standard registration conditions,Eugene Kan,30/06/2027,Active,Standard licence condition
vpa_public_register,2026-07-29T13:34:38.613Z,https://pharmacy.vic.gov.au/register-search/,Chemist Warehouse Roxburgh Village,"RP02 Roxburgh Village, Corner Somerton Road and David Munroe Drive",Roxburgh Park,VIC,3064,"RP02 Roxburgh Village, Corner Somerton Road and David Munroe Drive, Roxburgh Park VIC 3064",30/06/2027,Active,Standard registration conditions,Paul Katsavos,30/06/2027,Active,Standard licence condition
vpa_public_register,2026-07-29T13:34:38.613Z,https://pharmacy.vic.gov.au/register-search/,Chemist Warehouse Roxburgh Village,"RP02 Roxburgh Village, Corner Somerton Road and David Munroe Drive",Roxburgh Park,VIC,3064,"RP02 Roxburgh Village, Corner Somerton Road and David Munroe Drive, Roxburgh Park VIC 3064",30/06/2027,Active,Standard registration conditions,Vincent Crisafi,30/06/2027,Active,Standard licence condition
vpa_public_register,2026-07-29T13:34:38.613Z,https://pharmacy.vic.gov.au/register-search/,CRAIGIEBURN HEALTH SERVICE PHARMACY DEPARTMENT,121 Lygon Drive,Craigieburn,VIC,3064,"121 Lygon Drive, Craigieburn VIC 3064",30/06/2027,Active,,NORTHERN HEALTH,30/06/2027,Active,Standard licence condition
vpa_public_register,2026-07-29T13:34:38.613Z,https://pharmacy.vic.gov.au/register-search/,Direct Chemist Outlet Botanical Village,24/175 Ellscott Boulevard,Mickleham,VIC,3064,"24/175 Ellscott Boulevard, Mickleham VIC 3064",30/06/2027,Active,Standard registration conditions,Harris Paviluppillai,30/06/2027,Active,Standard licence condition
vpa_public_register,2026-07-29T13:34:38.613Z,https://pharmacy.vic.gov.au/register-search/,Direct Chemist Outlet Botanical Village,24/175 Ellscott Boulevard,Mickleham,VIC,3064,"24/175 Ellscott Boulevard, Mickleham VIC 3064",30/06/2027,Active,Standard registration conditions,Mark Pullyblank,30/06/2027,Active,Standard licence condition
vpa_public_register,2026-07-29T13:34:38.613Z,https://pharmacy.vic.gov.au/register-search/,Direct Chemist Outlet Botanical Village,24/175 Ellscott Boulevard,Mickleham,VIC,3064,"24/175 Ellscott Boulevard, Mickleham VIC 3064",30/06/2027,Active,Standard registration conditions,Preety Munder,30/06/2027,Active,Standard licence condition
vpa_public_register,2026-07-29T13:34:38.613Z,https://pharmacy.vic.gov.au/register-search/,Direct Chemist Outlet Craigieburn,"Shop 27, 32 - 36 Craigieburn Road",Craigieburn,VIC,3064,"Shop 27, 32 - 36 Craigieburn Road, Craigieburn VIC 3064",30/06/2027,Active,Standard registration conditions,Salih Uzuncakmak,30/06/2027,Active,Standard licence condition
vpa_public_register,2026-07-29T13:34:38.613Z,https://pharmacy.vic.gov.au/register-search/,Direct Chemist Outlet Craigieburn Village,"Shop 8, Craigieburn Village, 330 Brookfield Boulevard",Craigieburn,VIC,3064,"Shop 8, Craigieburn Village, 330 Brookfield Boulevard, Craigieburn VIC 3064",30/06/2027,Active,Standard registration conditions,Matthew Liubinas,30/06/2027,Active,Standard licence condition
vpa_public_register,2026-07-29T13:34:38.613Z,https://pharmacy.vic.gov.au/register-search/,Direct Chemist Outlet Craigieburn Village,"Shop 8, Craigieburn Village, 330 Brookfield Boulevard",Craigieburn,VIC,3064,"Shop 8, Craigieburn Village, 330 Brookfield Boulevard, Craigieburn VIC 3064",30/06/2027,Active,Standard registration conditions,PHARMACY GROUP - CBV PTY LTD,30/06/2027,Active,Standard licence condition
vpa_public_register,2026-07-29T13:34:38.613Z,https://pharmacy.vic.gov.au/register-search/,Priceline Craigieburn Pharmacy,"Shop 9B, Craigieburn Plaza",Craigieburn,VIC,3064,"Shop 9B, Craigieburn Plaza, Craigieburn VIC 3064",30/06/2027,Active,Standard registration conditions,Craigieburn Pharmacy Pty Ltd,30/06/2027,Active,Standard licence condition
vpa_public_register,2026-07-29T13:34:38.613Z,https://pharmacy.vic.gov.au/register-search/,Priceline Pharmacy Craigieburn Central,"Shop D00-29, Craigieburn Central, 340 Craigieburn Road",Craigieburn,VIC,3064,"Shop D00-29, Craigieburn Central, 340 Craigieburn Road, Craigieburn VIC 3064",30/06/2027,Active,Standard registration conditions,PL Craigieburn Central Pty Ltd,30/06/2027,Active,Standard licence condition
vpa_public_register,2026-07-29T13:34:38.613Z,https://pharmacy.vic.gov.au/register-search/,TerryWhite Chemmart Greenvale Lakes,"Shop T02 & T03 Greenvale Lakes Shopping Centre, 200 - 230 James Mirams Drive",ROXBURGH PARK,VIC,3064,"Shop T02 & T03 Greenvale Lakes Shopping Centre, 200 - 230 James Mirams Drive, ROXBURGH PARK VIC 3064",30/06/2027,Active,Standard registration conditions,Bronperry Pty Ltd,30/06/2027,Active,Standard licence condition
vpa_public_register,2026-07-29T13:34:38.613Z,https://pharmacy.vic.gov.au/register-search/,TerryWhite Chemmart Greenvale Lakes,"Shop T02 & T03 Greenvale Lakes Shopping Centre, 200 - 230 James Mirams Drive",ROXBURGH PARK,VIC,3064,"Shop T02 & T03 Greenvale Lakes Shopping Centre, 200 - 230 James Mirams Drive, ROXBURGH PARK VIC 3064",30/06/2027,Active,Standard registration conditions,Greenvale Lakes Pharmacy Pty Ltd,30/06/2027,Active,Standard licence condition
vpa_public_register,2026-07-29T13:34:38.613Z,https://pharmacy.vic.gov.au/register-search/,Tom Lane Pharmacy Craigieburn,"Pharmacy Shop Craigieburn Medical & Dental Centre, Cnr Central Park Avenue & Aitken Boulevard",Craigieburn,VIC,3064,"Pharmacy Shop Craigieburn Medical & Dental Centre, Cnr Central Park Avenue & Aitken Boulevard, Craigieburn VIC 3064",30/06/2027,Active,Standard registration conditions,Rachael Hall,30/06/2027,Active,Standard licence condition
vpa_public_register,2026-07-29T13:34:38.613Z,https://pharmacy.vic.gov.au/register-search/,Tom Lane Pharmacy Craigieburn,"Pharmacy Shop Craigieburn Medical & Dental Centre, Cnr Central Park Avenue & Aitken Boulevard",Craigieburn,VIC,3064,"Pharmacy Shop Craigieburn Medical & Dental Centre, Cnr Central Park Avenue & Aitken Boulevard, Craigieburn VIC 3064",30/06/2027,Active,Standard registration conditions,Ting Zhang Shi,30/06/2027,Active,Standard licence condition
vpa_public_register,2026-07-29T13:34:38.613Z,https://pharmacy.vic.gov.au/register-search/,Tom Lane Pharmacy Craigieburn,"Pharmacy Shop Craigieburn Medical & Dental Centre, Cnr Central Park Avenue & Aitken Boulevard",Craigieburn,VIC,3064,"Pharmacy Shop Craigieburn Medical & Dental Centre, Cnr Central Park Avenue & Aitken Boulevard, Craigieburn VIC 3064",30/06/2027,Active,Standard registration conditions,Vassilios Spiliopoulos,30/06/2027,Active,Standard licence condition
vpa_public_register,2026-07-29T13:34:38.613Z,https://pharmacy.vic.gov.au/register-search/,Tom Lane Pharmacy Craigieburn,"Pharmacy Shop Craigieburn Medical & Dental Centre, Cnr Central Park Avenue & Aitken Boulevard",Craigieburn,VIC,3064,"Pharmacy Shop Craigieburn Medical & Dental Centre, Cnr Central Park Avenue & Aitken Boulevard, Craigieburn VIC 3064",30/06/2027,Active,Standard registration conditions,Widjojo Khoo,30/06/2027,Active,Standard licence condition
vpa_public_register,2026-07-29T13:34:38.613Z,https://pharmacy.vic.gov.au/register-search/,Your Discount Pharmacy,"Shop 5, 101 Ravenhill Blvd",ROXBURGH PARK,VIC,3064,"Shop 5, 101 Ravenhill Blvd, ROXBURGH PARK VIC 3064",30/06/2027,Active,Standard registration conditions,Rx Pharmacy Holdings Pty Ltd,30/06/2027,Active,Standard licence condition
vpa_public_register,2026-07-29T13:34:38.613Z,https://pharmacy.vic.gov.au/register-search/,Cann Life Dispensary,379 - 381 Smith Street,Fitzroy,VIC,3065,"379 - 381 Smith Street, Fitzroy VIC 3065",30/06/2027,Active,Standard registration conditions,Cann Life Pty Ltd,30/06/2027,Active,Standard licence condition
vpa_public_register,2026-07-29T13:34:38.613Z,https://pharmacy.vic.gov.au/register-search/,CHEMIST WAREHOUSE FITZROY,206-210 Brunswick Street,FITZROY,VIC,3065,"206-210 Brunswick Street, FITZROY VIC 3065",30/06/2027,Active,Standard registration conditions,EAST YARRA FRIENDLY SOCIETY PTY LTD,30/06/2027,Active,Standard licence condition
vpa_public_register,2026-07-29T13:34:38.613Z,https://pharmacy.vic.gov.au/register-search/,CHEMIST WAREHOUSE FITZROY,206-210 Brunswick Street,FITZROY,VIC,3065,"206-210 Brunswick Street, FITZROY VIC 3065",30/06/2027,Active,Standard registration conditions,M & V Logics Pty Ltd,30/06/2027,Active,Standard licence condition
vpa_public_register,2026-07-29T13:34:38.613Z,https://pharmacy.vic.gov.au/register-search/,Chemist Warehouse Fitzroy - Smith Street,"Shop 10, 397 Smith Street",FITZROY,VIC,3065,"Shop 10, 397 Smith Street, FITZROY VIC 3065",30/06/2027,Active,Standard registration conditions,Pharmacy O2375 Pty Ltd,30/06/2027,Active,Standard licence condition
vpa_public_register,2026-07-29T13:34:38.613Z,https://pharmacy.vic.gov.au/register-search/,HEALTHSMART PHARMACY VICTORIA PARADE,55 Victoria Parade,FITZROY,VIC,3065,"55 Victoria Parade, FITZROY VIC 3065",30/06/2027,Active,Standard registration conditions,Healthsmart Pharmacy Victoria Parade Pty Ltd,30/06/2027,Active,Standard licence condition
vpa_public_register,2026-07-29T13:34:38.613Z,https://pharmacy.vic.gov.au/register-search/,Patels Pharmacy,445 Brunswick Street,FITZROY,VIC,3065,"445 Brunswick Street, FITZROY VIC 3065",30/06/2027,Active,Standard registration conditions,Mansukh Patel,30/06/2027,Active,Standard licence condition
vpa_public_register,2026-07-29T13:34:38.613Z,https://pharmacy.vic.gov.au/register-search/,Slade Pharmacy Fitzroy,"St Vincent's Private Hospital, Fitzroy, 59 Victoria Parade",FITZROY,VIC,3065,"St Vincent's Private Hospital, Fitzroy, 59 Victoria Parade, FITZROY VIC 3065",30/06/2027,Active,Standard registration conditions,Begelow Group Pty Ltd,30/06/2027,Active,Standard licence condition
vpa_public_register,2026-07-29T13:34:38.613Z,https://pharmacy.vic.gov.au/register-search/,ST VINCENT'S HOSPITAL PHARMACY DEPARTMENT,"Central Pharmacy, Ground Floor, Building A (Main Hospital), 41 Victoria Parade",Fitzroy,VIC,3065,"Central Pharmacy, Ground Floor, Building A (Main Hospital), 41 Victoria Parade, Fitzroy VIC 3065",30/06/2027,Active,,ST VINCENT'S HOSPITAL (MELBOURNE) PTY LTD,30/06/2027,Active,Standard licence condition
vpa_public_register,2026-07-29T13:34:38.613Z,https://pharmacy.vic.gov.au/register-search/,CHEMIST WAREHOUSE COLLINGWOOD,244- 246 Smith Street,Collingwood,VIC,3066,"244- 246 Smith Street, Collingwood VIC 3066",30/06/2027,Active,Standard registration conditions,EAST YARRA FRIENDLY SOCIETY PTY LTD,30/06/2027,Active,Standard licence condition
vpa_public_register,2026-07-29T13:34:38.613Z,https://pharmacy.vic.gov.au/register-search/,CHEMIST WAREHOUSE COLLINGWOOD,244- 246 Smith Street,Collingwood,VIC,3066,"244- 246 Smith Street, Collingwood VIC 3066",30/06/2027,Active,Standard registration conditions,Sam Gries,30/06/2027,Active,Standard licence condition
vpa_public_register,2026-07-29T13:34:38.613Z,https://pharmacy.vic.gov.au/register-search/,CHEMIST WAREHOUSE COLLINGWOOD,244- 246 Smith Street,Collingwood,VIC,3066,"244- 246 Smith Street, Collingwood VIC 3066",30/06/2027,Active,Standard registration conditions,TCSL Pty Ltd,30/06/2027,Active,Standard licence condition
vpa_public_register,2026-07-29T13:34:38.613Z,https://pharmacy.vic.gov.au/register-search/,Melbourne IVF Pharmacy,"Part Level 5, ""T3 Collingwood"", 36 Wellington Street",Collingwood,VIC,3066,"Part Level 5, ""T3 Collingwood"", 36 Wellington Street, Collingwood VIC 3066",30/06/2027,Active,Standard registration conditions,Pharmacy Co Pty Ltd,30/06/2027,Active,Standard licence condition
vpa_public_register,2026-07-29T13:34:38.613Z,https://pharmacy.vic.gov.au/register-search/,NEWTON & LEUNG PHARMACY,272 Smith Street,Collingwood,VIC,3066,"272 Smith Street, Collingwood VIC 3066",30/06/2027,Active,Standard registration conditions,Johnny Phu,30/06/2027,Active,Standard licence condition
vpa_public_register,2026-07-29T13:34:38.613Z,https://pharmacy.vic.gov.au/register-search/,NEWTON & LEUNG PHARMACY,272 Smith Street,Collingwood,VIC,3066,"272 Smith Street, Collingwood VIC 3066",30/06/2027,Active,Standard registration conditions,Wan Lim,30/06/2027,Active,Standard licence condition
vpa_public_register,2026-07-29T13:34:38.613Z,https://pharmacy.vic.gov.au/register-search/,Smith Street Soul Pattinson Chemist,148 Smith Street,COLLINGWOOD,VIC,3066,"148 Smith Street, COLLINGWOOD VIC 3066",30/06/2027,Active,Standard registration conditions,Reza Etemadmoghadam,30/06/2027,Active,Standard licence condition
vpa_public_register,2026-07-29T13:34:38.613Z,https://pharmacy.vic.gov.au/register-search/,CHEMIST WAREHOUSE THE HIVE S/C  ABBOTSFORD,"Shop 10, The Hive Shopping Centre, 313 - 325 Victoria Street",Abbotsford,VIC,3067,"Shop 10, The Hive Shopping Centre, 313 - 325 Victoria Street, Abbotsford VIC 3067",30/06/2027,Active,Standard registration conditions,Sam Gries,30/06/2027,Active,Standard licence condition
vpa_public_register,2026-07-29T13:34:38.613Z,https://pharmacy.vic.gov.au/register-search/,CLIFTON HILL PHARMACY,340 Queens Parade,CLIFTON HILL,VIC,3068,"340 Queens Parade, CLIFTON HILL VIC 3068",30/06/2027,Active,Standard registration conditions,CLIFTON HILL PHARMACY PTY LTD,30/06/2027,Active,Standard licence condition
vpa_public_register,2026-07-29T13:34:38.613Z,https://pharmacy.vic.gov.au/register-search/,EQUAL HEALTH PHARMACY,337 - 339 St Georges Road,Fitzroy North,VIC,3068,"337 - 339 St Georges Road, Fitzroy North VIC 3068",30/06/2027,Active,Standard registration conditions,The Pharmacy People Pty Ltd,30/06/2027,Active,Standard licence condition
vpa_public_register,2026-07-29T13:34:38.613Z,https://pharmacy.vic.gov.au/register-search/,NORTH FITZROY PHARMACY,35 Best Street,Fitzroy North,VIC,3068,"35 Best Street, Fitzroy North VIC 3068",30/06/2027,Active,Standard registration conditions,GRENELLE ENTERPRISES PTY LTD,30/06/2027,Active,Standard licence condition
vpa_public_register,2026-07-29T13:34:38.613Z,https://pharmacy.vic.gov.au/register-search/,CHEMIST WAREHOUSE - NORTHCOTE,381 - 385 High Street,Northcote,VIC,3070,"381 - 385 High Street, Northcote VIC 3070",30/06/2027,Active,Standard registration conditions,Frank Nigro,30/06/2027,Active,Standard licence condition
vpa_public_register,2026-07-29T13:34:38.613Z,https://pharmacy.vic.gov.au/register-search/,CHEMIST WAREHOUSE - NORTHCOTE,381 - 385 High Street,Northcote,VIC,3070,"381 - 385 High Street, Northcote VIC 3070",30/06/2027,Active,Standard registration conditions,Lucia Zappone,30/06/2027,Active,Standard licence condition
vpa_public_register,2026-07-29T13:34:38.613Z,https://pharmacy.vic.gov.au/register-search/,Direct Chemist Outlet Northcote,"Shop GX06/GX07, Northcote Shopping Plaza, 3 Separation Street",Northcote,VIC,3070,"Shop GX06/GX07, Northcote Shopping Plaza, 3 Separation Street, Northcote VIC 3070",30/06/2027,Active,Standard registration conditions,Bishoy Nasserallah,30/06/2027,Active,Standard licence condition
vpa_public_register,2026-07-29T13:34:38.613Z,https://pharmacy.vic.gov.au/register-search/,Healthsave Northcote Pharmacy,"Shop 4, Northcote Plaza, Separation Street",NORTHCOTE,VIC,3070,"Shop 4, Northcote Plaza, Separation Street, NORTHCOTE VIC 3070",30/06/2027,Active,Standard registration conditions,Bishoy Nasserallah,30/06/2027,Active,Standard licence condition
vpa_public_register,2026-07-29T13:34:38.613Z,https://pharmacy.vic.gov.au/register-search/,ROCCHI'S PHARMACY,293 - 295 High Street,Northcote,VIC,3070,"293 - 295 High Street, Northcote VIC 3070",30/06/2027,Active,Standard registration conditions,Samson Chan,30/06/2027,Active,Standard licence condition
vpa_public_register,2026-07-29T13:34:38.613Z,https://pharmacy.vic.gov.au/register-search/,Westgarth Pharmacy,64 High Street,NORTHCOTE,VIC,3070,"64 High Street, NORTHCOTE VIC 3070",30/06/2027,Active,Standard registration conditions,Claire Elovaris,30/06/2027,Active,Standard licence condition
vpa_public_register,2026-07-29T13:34:38.613Z,https://pharmacy.vic.gov.au/register-search/,Westgarth Pharmacy,64 High Street,NORTHCOTE,VIC,3070,"64 High Street, NORTHCOTE VIC 3070",30/06/2027,Active,Standard registration conditions,Stephanie Miridakis,30/06/2027,Active,Standard licence condition
vpa_public_register,2026-07-29T13:34:38.613Z,https://pharmacy.vic.gov.au/register-search/,Direct Chemist Outlet Thornbury,658 High Street,Thornbury,VIC,3071,"658 High Street, Thornbury VIC 3071",30/06/2027,Active,Standard registration conditions,Mark Nour,30/06/2027,Active,Standard licence condition
vpa_public_register,2026-07-29T13:34:38.613Z,https://pharmacy.vic.gov.au/register-search/,Direct Chemist Outlet Thornbury,658 High Street,Thornbury,VIC,3071,"658 High Street, Thornbury VIC 3071",30/06/2027,Active,Standard registration conditions,Shirley Malek,30/06/2027,Active,Standard licence condition
vpa_public_register,2026-07-29T13:34:38.613Z,https://pharmacy.vic.gov.au/register-search/,NORMANBY PHARMACY,705 High Street,Thornbury,VIC,3071,"705 High Street, Thornbury VIC 3071",30/06/2027,Active,Standard registration conditions,Normanby Health Care Group Pty Ltd,30/06/2027,Active,Standard licence condition
vpa_public_register,2026-07-29T13:34:38.613Z,https://pharmacy.vic.gov.au/register-search/,SPIRO KOUTSIS PHARMACY,925 High Street,Thornbury,VIC,3071,"925 High Street, Thornbury VIC 3071",30/06/2027,Active,Standard registration conditions,Spiro Koutsis,30/06/2027,Active,Standard licence condition
vpa_public_register,2026-07-29T13:34:38.613Z,https://pharmacy.vic.gov.au/register-search/,STEVE KOLLIOU LINK PHARMACY,408A Station Street,Thornbury,VIC,3071,"408A Station Street, Thornbury VIC 3071",30/06/2027,Active,Standard registration conditions,Spilios Kolliou,30/06/2027,Active,Standard licence condition
vpa_public_register,2026-07-29T13:34:38.613Z,https://pharmacy.vic.gov.au/register-search/,Amcal Northland,"Tenancy F007, Northland Shopping Centre, 2-50 Murray Road",PRESTON,VIC,3072,"Tenancy F007, Northland Shopping Centre, 2-50 Murray Road, PRESTON VIC 3072",30/06/2027,Active,Standard registration conditions,EAST YARRA FRIENDLY SOCIETY PTY LTD,30/06/2027,Active,Standard licence condition
vpa_public_register,2026-07-29T13:34:38.613Z,https://pharmacy.vic.gov.au/register-search/,Amcal Northland,"Tenancy F007, Northland Shopping Centre, 2-50 Murray Road",PRESTON,VIC,3072,"Tenancy F007, Northland Shopping Centre, 2-50 Murray Road, PRESTON VIC 3072",30/06/2027,Active,Standard registration conditions,JACK GANCE,30/06/2027,Active,Standard licence condition
vpa_public_register,2026-07-29T13:34:38.613Z,https://pharmacy.vic.gov.au/register-search/,Amcal Pharmacy Preston,247 - 249 Murray Road,Preston,VIC,3072,"247 - 249 Murray Road, Preston VIC 3072",30/06/2027,Active,Standard registration conditions,HWPH Pty Ltd,30/06/2027,Active,Standard licence condition
vpa_public_register,2026-07-29T13:34:38.613Z,https://pharmacy.vic.gov.au/register-search/,Amcal Pharmacy Preston,247 - 249 Murray Road,Preston,VIC,3072,"247 - 249 Murray Road, Preston VIC 3072",30/06/2027,Active,Standard registration conditions,Knox DM Pty Ltd,30/06/2027,Active,Standard licence condition
vpa_public_register,2026-07-29T13:34:38.613Z,https://pharmacy.vic.gov.au/register-search/,ANGELA LOMBARDI PHARMACY,277 Gilbert Road,Preston West,VIC,3072,"277 Gilbert Road, Preston West VIC 3072",30/06/2027,Active,Standard registration conditions,Angela Lombardi,30/06/2027,Active,Standard licence condition
vpa_public_register,2026-07-29T13:34:38.613Z,https://pharmacy.vic.gov.au/register-search/,Chemist Warehouse Northland Shopping Centre,"Shop M0003 Northland Shopping Centre, 2 - 50 Murray Road",PRESTON,VIC,3072,"Shop M0003 Northland Shopping Centre, 2 - 50 Murray Road, PRESTON VIC 3072",30/06/2027,Active,Standard registration conditions,EAST YARRA FRIENDLY SOCIETY PTY LTD,30/06/2027,Active,Standard licence condition
vpa_public_register,2026-07-29T13:34:38.613Z,https://pharmacy.vic.gov.au/register-search/,Chemist Warehouse Northland Shopping Centre,"Shop M0003 Northland Shopping Centre, 2 - 50 Murray Road",PRESTON,VIC,3072,"Shop M0003 Northland Shopping Centre, 2 - 50 Murray Road, PRESTON VIC 3072",30/06/2027,Active,Standard registration conditions,Mario Verrocchi,30/06/2027,Active,Standard licence condition
vpa_public_register,2026-07-29T13:34:38.613Z,https://pharmacy.vic.gov.au/register-search/,CHEMIST WAREHOUSE PRESTON,475 High Street,Preston,VIC,3072,"475 High Street, Preston VIC 3072",30/06/2027,Active,Standard registration conditions,EAST YARRA FRIENDLY SOCIETY PTY LTD,30/06/2027,Active,Standard licence condition
vpa_public_register,2026-07-29T13:34:38.613Z,https://pharmacy.vic.gov.au/register-search/,Chemist Warehouse Preston - Home Co Distribution Centre,"Tenancy T08, 85 Chifley Drive",PRESTON,VIC,3072,"Tenancy T08, 85 Chifley Drive, PRESTON VIC 3072",30/06/2027,Active,Standard registration conditions,Jeffrey Wasley,30/06/2027,Active,Standard licence condition
vpa_public_register,2026-07-29T13:34:38.613Z,https://pharmacy.vic.gov.au/register-search/,Direct Chemist Outlet Preston,431 High Street,PRESTON,VIC,3072,"431 High Street, PRESTON VIC 3072",30/06/2027,Active,Standard registration conditions,Pharmamed Group Pty Ltd,30/06/2027,Active,Standard licence condition
vpa_public_register,2026-07-29T13:34:38.613Z,https://pharmacy.vic.gov.au/register-search/,Medipharmacy Compounding,407 High Street,Preston,VIC,3072,"407 High Street, Preston VIC 3072",30/06/2027,Active,Standard registration conditions,Vincent Tran,30/06/2027,Active,Standard licence condition
vpa_public_register,2026-07-29T13:34:38.613Z,https://pharmacy.vic.gov.au/register-search/,MEDSAFE PHARMACY,104 - 106 Miller Street,PRESTON,VIC,3072,"104 - 106 Miller Street, PRESTON VIC 3072",30/06/2027,Active,Standard registration conditions,Yateen Khatri,30/06/2027,Active,Standard licence condition
vpa_public_register,2026-07-29T13:34:38.613Z,https://pharmacy.vic.gov.au/register-search/,Preston Community Pharmacy,548 Murray Road,Preston,VIC,3072,"548 Murray Road, Preston VIC 3072",30/06/2027,Active,Standard registration conditions,St Leontius Pty Ltd,30/06/2027,Active,Standard licence condition
vpa_public_register,2026-07-29T13:34:38.613Z,https://pharmacy.vic.gov.au/register-search/,Preston South Pharmacy,2/50 Plenty Road,PRESTON SOUTH,VIC,3072,"2/50 Plenty Road, PRESTON SOUTH VIC 3072",30/06/2027,Active,Standard registration conditions,Yateen Khatri,30/06/2027,Active,Standard licence condition
vpa_public_register,2026-07-29T13:34:38.613Z,https://pharmacy.vic.gov.au/register-search/,Amcal Reservoir,4 - 8 Edwardes Street,Reservoir,VIC,3073,"4 - 8 Edwardes Street, Reservoir VIC 3073",30/06/2027,Active,Standard registration conditions,EAST YARRA FRIENDLY SOCIETY PTY LTD,30/06/2027,Active,Standard licence condition
vpa_public_register,2026-07-29T13:34:38.613Z,https://pharmacy.vic.gov.au/register-search/,Amcal Reservoir,4 - 8 Edwardes Street,Reservoir,VIC,3073,"4 - 8 Edwardes Street, Reservoir VIC 3073",30/06/2027,Active,Standard registration conditions,Frank Nigro,30/06/2027,Active,Standard licence condition
vpa_public_register,2026-07-29T13:34:38.613Z,https://pharmacy.vic.gov.au/register-search/,Chemist Warehouse Reservoir Central Shopping Centre,"Shop 18, Reservoir Central Shopping Centre, 830 Plenty Road",RESERVOIR,VIC,3073,"Shop 18, Reservoir Central Shopping Centre, 830 Plenty Road, RESERVOIR VIC 3073",30/06/2027,Active,Standard registration conditions,EAST YARRA FRIENDLY SOCIETY PTY LTD,30/06/2027,Active,Standard licence condition
vpa_public_register,2026-07-29T13:34:38.613Z,https://pharmacy.vic.gov.au/register-search/,Direct Chemist Outlet Reservoir,"Shop T13, Summerhill Shopping Centre, 850 Plenty Road",RESERVOIR,VIC,3073,"Shop T13, Summerhill Shopping Centre, 850 Plenty Road, RESERVOIR VIC 3073",30/06/2027,Active,Standard registration conditions,Summerhill Pharmacy Reservoir Pty Ltd,30/06/2027,Active,Standard licence condition
vpa_public_register,2026-07-29T13:34:38.613Z,https://pharmacy.vic.gov.au/register-search/,Discount Drug Store Broadway,270 The Broadway,Reservoir,VIC,3073,"270 The Broadway, Reservoir VIC 3073",30/06/2027,Active,Standard registration conditions,Sam Gance,30/06/2027,Active,Standard licence condition
vpa_public_register,2026-07-29T13:34:38.613Z,https://pharmacy.vic.gov.au/register-search/,HIGH STREET PRESTON PHARMACY,"Shop 1, 518-538 High Street",PRESTON,VIC,3073,"Shop 1, 518-538 High Street, PRESTON VIC 3073",30/06/2027,Active,Standard registration conditions,Le Anh Huynh,30/06/2027,Active,Standard licence condition
vpa_public_register,2026-07-29T13:34:38.613Z,https://pharmacy.vic.gov.au/register-search/,HIGH STREET PRESTON PHARMACY,"Shop 1, 518-538 High Street",PRESTON,VIC,3073,"Shop 1, 518-538 High Street, PRESTON VIC 3073",30/06/2027,Active,Standard registration conditions,Minh Ta,30/06/2027,Active,Standard licence condition
vpa_public_register,2026-07-29T13:34:38.613Z,https://pharmacy.vic.gov.au/register-search/,JOSEPH AMERENA RESERVOIR PHARMACY,27 - 29 McFadzean Avenue,Reservoir,VIC,3073,"27 - 29 McFadzean Avenue, Reservoir VIC 3073",30/06/2027,Active,Standard registration conditions,Joseph Amerena,30/06/2027,Active,Standard licence condition
vpa_public_register,2026-07-29T13:34:38.613Z,https://pharmacy.vic.gov.au/register-search/,Lakeside Pharmacy,714 Gilbert Road,Reservoir,VIC,3073,"714 Gilbert Road, Reservoir VIC 3073",30/06/2027,Active,Standard registration conditions,Lakeside Pharmacy Pty Ltd,30/06/2027,Active,Standard licence condition
vpa_public_register,2026-07-29T13:34:38.613Z,https://pharmacy.vic.gov.au/register-search/,NIGHT OWL PHARMACY,743A Gilbert Road,Reservoir,VIC,3073,"743A Gilbert Road, Reservoir VIC 3073",30/06/2027,Active,Standard registration conditions,Nightowl Pharmacy (Victoria) Pty Ltd,30/06/2027,Active,Standard licence condition
vpa_public_register,2026-07-29T13:34:38.613Z,https://pharmacy.vic.gov.au/register-search/,Reservoir Pharmacy,35 Massey Avenue,RESERVOIR,VIC,3073,"35 Massey Avenue, RESERVOIR VIC 3073",30/06/2027,Active,Standard registration conditions,Joseph Amerena,30/06/2027,Active,Standard licence condition
vpa_public_register,2026-07-29T13:34:38.613Z,https://pharmacy.vic.gov.au/register-search/,Spring Street Reservoir Pharmacy,119 Spring Street,Reservoir,VIC,3073,"119 Spring Street, Reservoir VIC 3073",30/06/2027,Active,Standard registration conditions,Pharmacy O2531 Pty Ltd,30/06/2027,Active,Standard licence condition
vpa_public_register,2026-07-29T13:34:38.613Z,https://pharmacy.vic.gov.au/register-search/,TerryWhite Chemmart Reservoir,62 Gertz Avenue,Reservoir,VIC,3073,"62 Gertz Avenue, Reservoir VIC 3073",30/06/2027,Active,Standard registration conditions,Gertz Pharmacy Pty Ltd,30/06/2027,Active,Standard licence condition
vpa_public_register,2026-07-29T13:34:38.613Z,https://pharmacy.vic.gov.au/register-search/,TerryWhite Chemmart Reservoir,62 Gertz Avenue,Reservoir,VIC,3073,"62 Gertz Avenue, Reservoir VIC 3073",30/06/2027,Active,Standard registration conditions,Hyhuanguyen Pty Ltd,30/06/2027,Active,Standard licence condition
vpa_public_register,2026-07-29T13:34:38.613Z,https://pharmacy.vic.gov.au/register-search/,TerryWhite Chemmart Reservoir,62 Gertz Avenue,Reservoir,VIC,3073,"62 Gertz Avenue, Reservoir VIC 3073",30/06/2027,Active,Standard registration conditions,MLNGUYEN Pty Ltd,30/06/2027,Active,Standard licence condition
vpa_public_register,2026-07-29T13:34:38.613Z,https://pharmacy.vic.gov.au/register-search/,VIOLET SOLIMAN'S PHARMACY,41 Johnson Street,Keon Park,VIC,3073,"41 Johnson Street, Keon Park VIC 3073",30/06/2027,Active,Standard registration conditions,Violet Soliman,30/06/2027,Active,Standard licence condition
vpa_public_register,2026-07-29T13:34:38.613Z,https://pharmacy.vic.gov.au/register-search/,Australian Radiopharmacy Group,19 Prime Street,Thomastown,VIC,3074,"19 Prime Street, Thomastown VIC 3074",30/06/2027,Active,Standard registration conditions,Australian Radiopharmacy Group Pty Ltd,30/06/2027,Active,Standard licence condition
vpa_public_register,2026-07-29T13:34:38.613Z,https://pharmacy.vic.gov.au/register-search/,Chemist Warehouse Thomastown,239 - 243 High Street,Thomastown,VIC,3074,"239 - 243 High Street, Thomastown VIC 3074",30/06/2027,Active,Standard registration conditions,Pharmacy O2406 Pty Ltd,30/06/2027,Active,Standard licence condition
vpa_public_register,2026-07-29T13:34:38.613Z,https://pharmacy.vic.gov.au/register-search/,JOE ARDI'S PHARMACY,"Shops 4 & 7, 122 Main Street",Thomastown,VIC,3074,"Shops 4 & 7, 122 Main Street, Thomastown VIC 3074",30/06/2027,Active,Standard registration conditions,Edgars Pharma Pty Ltd,30/06/2027,Active,Standard licence condition
vpa_public_register,2026-07-29T13:34:38.613Z,https://pharmacy.vic.gov.au/register-search/,JOE ARDI'S PHARMACY,"Shops 4 & 7, 122 Main Street",Thomastown,VIC,3074,"Shops 4 & 7, 122 Main Street, Thomastown VIC 3074",30/06/2027,Active,Standard registration conditions,NB Hao Pty Ltd,30/06/2027,Active,Standard licence condition
vpa_public_register,2026-07-29T13:34:38.613Z,https://pharmacy.vic.gov.au/register-search/,Chemist Warehouse Lalor,300 Station Street,Lalor,VIC,3075,"300 Station Street, Lalor VIC 3075",30/06/2027,Active,Standard registration conditions,Pharmacy O2407 Pty Ltd,30/06/2027,Active,Standard licence condition
vpa_public_register,2026-07-29T13:34:38.613Z,https://pharmacy.vic.gov.au/register-search/,Direct Chemist Outlet Lalor,340 Station Street,Lalor,VIC,3075,"340 Station Street, Lalor VIC 3075",30/06/2027,Active,Standard registration conditions,LALOR PHARMACY PTY LTD,30/06/2027,Active,Standard licence condition
vpa_public_register,2026-07-29T13:34:38.613Z,https://pharmacy.vic.gov.au/register-search/,Lalor Community Pharmacy,288 Station Street,Lalor,VIC,3075,"288 Station Street, Lalor VIC 3075",30/06/2027,Active,Standard registration conditions,Tayebi & Co Pty Ltd,30/06/2027,Active,Standard licence condition
vpa_public_register,2026-07-29T13:34:38.613Z,https://pharmacy.vic.gov.au/register-search/,LORNE STREET PHARMACY,22-24 Lorne Street,Lalor,VIC,3075,"22-24 Lorne Street, Lalor VIC 3075",30/06/2027,Active,Standard registration conditions,Alexandros Arnokouros,30/06/2027,Active,Standard licence condition
vpa_public_register,2026-07-29T13:34:38.613Z,https://pharmacy.vic.gov.au/register-search/,LORNE STREET PHARMACY,22-24 Lorne Street,Lalor,VIC,3075,"22-24 Lorne Street, Lalor VIC 3075",30/06/2027,Active,Standard registration conditions,Anthony Klinkatsis,30/06/2027,Active,Standard licence condition
vpa_public_register,2026-07-29T13:34:38.613Z,https://pharmacy.vic.gov.au/register-search/,PRICELINE PHARMACY LALOR PLAZA,"Shop 19, 22 McKimmies Road",Lalor,VIC,3075,"Shop 19, 22 McKimmies Road, Lalor VIC 3075",30/06/2027,Active,Standard registration conditions,Lalor Plaza Pharmacy Pty Ltd,30/06/2027,Active,Standard licence condition
vpa_public_register,2026-07-29T13:34:38.613Z,https://pharmacy.vic.gov.au/register-search/,Rochdale Pharmacy,"Rochdale Medical Centre, 1A Rochdale Square",LALOR,VIC,3075,"Rochdale Medical Centre, 1A Rochdale Square, LALOR VIC 3075",30/06/2027,Active,Standard registration conditions,John Chapkoun,30/06/2027,Active,Standard licence condition
vpa_public_register,2026-07-29T13:34:38.613Z,https://pharmacy.vic.gov.au/register-search/,Chemist Depot Epping,"Shop 216a, Epping Plaza Shopping Centre, Corner High & Cooper Streets",EPPING,VIC,3076,"Shop 216a, Epping Plaza Shopping Centre, Corner High & Cooper Streets, EPPING VIC 3076",30/06/2027,Active,Standard registration conditions,Bishoy Attia,30/06/2027,Active,Standard licence condition
vpa_public_register,2026-07-29T13:34:38.613Z,https://pharmacy.vic.gov.au/register-search/,Chemist Depot Epping,"Shop 216a, Epping Plaza Shopping Centre, Corner High & Cooper Streets",EPPING,VIC,3076,"Shop 216a, Epping Plaza Shopping Centre, Corner High & Cooper Streets, EPPING VIC 3076",30/06/2027,Active,Standard registration conditions,Rany Morcos,30/06/2027,Active,Standard licence condition
vpa_public_register,2026-07-29T13:34:38.613Z,https://pharmacy.vic.gov.au/register-search/,Chemist Warehouse Epping,"Shop 15 & 16, Dalton Village, 371 Dalton Road",Epping,VIC,3076,"Shop 15 & 16, Dalton Village, 371 Dalton Road, Epping VIC 3076",30/06/2027,Active,Standard registration conditions,Frank Nigro,30/06/2027,Active,Standard licence condition
vpa_public_register,2026-07-29T13:34:38.613Z,https://pharmacy.vic.gov.au/register-search/,Chemist Warehouse Epping,"Shop 15 & 16, Dalton Village, 371 Dalton Road",Epping,VIC,3076,"Shop 15 & 16, Dalton Village, 371 Dalton Road, Epping VIC 3076",30/06/2027,Active,Standard registration conditions,Sam Gance,30/06/2027,Active,Standard licence condition
vpa_public_register,2026-07-29T13:34:38.613Z,https://pharmacy.vic.gov.au/register-search/,Chemist Warehouse Epping Homemaker Centre,"Block D, Tenancy 1, Epping Home & Life, 560 - 650 High Street",Epping,VIC,3076,"Block D, Tenancy 1, Epping Home & Life, 560 - 650 High Street, Epping VIC 3076",30/06/2027,Active,Standard registration conditions,Frank Nigro,30/06/2027,Active,Standard licence condition
vpa_public_register,2026-07-29T13:34:38.613Z,https://pharmacy.vic.gov.au/register-search/,Chemist Warehouse Pacific Epping S/C,"Shop 246, Epping Plaza Shopping Centre, Cnr High & Cooper Streets",Epping,VIC,3076,"Shop 246, Epping Plaza Shopping Centre, Cnr High & Cooper Streets, Epping VIC 3076",30/06/2027,Active,Standard registration conditions,Lucia Zappone,30/06/2027,Active,Standard licence condition
vpa_public_register,2026-07-29T13:34:38.613Z,https://pharmacy.vic.gov.au/register-search/,GREENBROOK PHARMACY,"Shop 6 & 7, Greenbrook Shopping Centre, 53 McDonalds Road",Epping,VIC,3076,"Shop 6 & 7, Greenbrook Shopping Centre, 53 McDonalds Road, Epping VIC 3076",30/06/2027,Active,Standard registration conditions,Kathy Min Hang Pang,30/06/2027,Active,Standard licence condition
vpa_public_register,2026-07-29T13:34:38.613Z,https://pharmacy.vic.gov.au/register-search/,GREENBROOK PHARMACY,"Shop 6 & 7, Greenbrook Shopping Centre, 53 McDonalds Road",Epping,VIC,3076,"Shop 6 & 7, Greenbrook Shopping Centre, 53 McDonalds Road, Epping VIC 3076",30/06/2027,Active,Standard registration conditions,KMP Pharmacies Pty Ltd,30/06/2027,Active,Standard licence condition
vpa_public_register,2026-07-29T13:34:38.613Z,https://pharmacy.vic.gov.au/register-search/,Lyndarum Pharmacy Select,"Shop 7, Epping North Shopping Centre, 2 Lyndarum Drive",Epping North,VIC,3076,"Shop 7, Epping North Shopping Centre, 2 Lyndarum Drive, Epping North VIC 3076",30/06/2027,Active,Standard registration conditions,Vivien Katsavos,30/06/2027,Active,Standard licence condition
vpa_public_register,2026-07-29T13:34:38.613Z,https://pharmacy.vic.gov.au/register-search/,NORTHERN HOSPITAL PHARMACY DEPARTMENT,"Northern Hospital Pharmacy Department, 185 Cooper Streets",Epping,VIC,3076,"Northern Hospital Pharmacy Department, 185 Cooper Streets, Epping VIC 3076",30/06/2027,Active,,NORTHERN HEALTH,30/06/2027,Active,Standard licence condition
vpa_public_register,2026-07-29T13:34:38.613Z,https://pharmacy.vic.gov.au/register-search/,Northern Private Hospital Pharmacy Department,12 Osburn Place,Epping,VIC,3076,"12 Osburn Place, Epping VIC 3076",30/06/2027,Active,,Northern Private Hospital - Ramsay Healthcare,30/06/2027,Active,Standard licence condition
vpa_public_register,2026-07-29T13:34:38.613Z,https://pharmacy.vic.gov.au/register-search/,Pharmacy Select Epping Aurora Village,"Shop 9, Aurora Village, 315A Harvest Home Road",EPPING,VIC,3076,"Shop 9, Aurora Village, 315A Harvest Home Road, EPPING VIC 3076",30/06/2027,Active,Standard registration conditions,Chris Kolonis,30/06/2027,Active,Standard licence condition
vpa_public_register,2026-07-29T13:34:38.613Z,https://pharmacy.vic.gov.au/register-search/,Priceline Pharmacy Epping,"Shop 049, Pacific Epping, Cnr High & Cooper Streets",EPPING,VIC,3076,"Shop 049, Pacific Epping, Cnr High & Cooper Streets, EPPING VIC 3076",30/06/2027,Active,Standard registration conditions,Hea Pharmacy Pty Ltd,30/06/2027,Active,Standard licence condition
vpa_public_register,2026-07-29T13:34:38.613Z,https://pharmacy.vic.gov.au/register-search/,Wombat Pharmacy Epping,"Suite 4, 230 Cooper Street",Epping,VIC,3076,"Suite 4, 230 Cooper Street, Epping VIC 3076",30/06/2027,Active,Standard registration conditions,AZ PCY Pty Ltd,30/06/2027,Active,Standard licence condition
vpa_public_register,2026-07-29T13:34:38.613Z,https://pharmacy.vic.gov.au/register-search/,Amcal Alphington,"Tenancy AG.02, The Bend (Artisan District), 31-39 Mills Boulevard",Alphington,VIC,3078,"Tenancy AG.02, The Bend (Artisan District), 31-39 Mills Boulevard, Alphington VIC 3078",30/06/2027,Active,Standard registration conditions,Pharmacy O2430 Pty Ltd,30/06/2027,Active,Standard licence condition
vpa_public_register,2026-07-29T13:34:38.613Z,https://pharmacy.vic.gov.au/register-search/,CHEMIST WAREHOUSE FAIRFIELD,136a - 138 Station Street,FAIRFIELD,VIC,3078,"136a - 138 Station Street, FAIRFIELD VIC 3078",30/06/2027,Active,Standard registration conditions,Frank Nigro,30/06/2027,Active,Standard licence condition
vpa_public_register,2026-07-29T13:34:38.613Z,https://pharmacy.vic.gov.au/register-search/,CURA HEALTH PHARMACY,340 Darebin Road,Alphington,VIC,3078,"340 Darebin Road, Alphington VIC 3078",30/06/2027,Active,Standard registration conditions,Cura Connect Healthcare Pty Ltd,30/06/2027,Active,Standard licence condition
vpa_public_register,2026-07-29T13:34:38.613Z,https://pharmacy.vic.gov.au/register-search/,FAIRFIELD PHARMACY,88E Station Street,Fairfield,VIC,3078,"88E Station Street, Fairfield VIC 3078",30/06/2027,Active,Standard registration conditions,George Orfanos,30/06/2027,Active,Standard licence condition
vpa_public_register,2026-07-29T13:34:38.613Z,https://pharmacy.vic.gov.au/register-search/,TerryWhite Chemmart Fairfield VIC,112 - 114 Station Street,Fairfield,VIC,3078,"112 - 114 Station Street, Fairfield VIC 3078",30/06/2027,Active,Standard registration conditions,Florence Yeoh,30/06/2027,Active,Standard licence condition
vpa_public_register,2026-07-29T13:34:38.613Z,https://pharmacy.vic.gov.au/register-search/,TerryWhite Chemmart Fairfield VIC,112 - 114 Station Street,Fairfield,VIC,3078,"112 - 114 Station Street, Fairfield VIC 3078",30/06/2027,Active,Standard registration conditions,Manojkumar Vassan,30/06/2027,Active,Standard licence condition
vpa_public_register,2026-07-29T13:34:38.613Z,https://pharmacy.vic.gov.au/register-search/,TerryWhite Chemmart Fairfield VIC,112 - 114 Station Street,Fairfield,VIC,3078,"112 - 114 Station Street, Fairfield VIC 3078",30/06/2027,Active,Standard registration conditions,Tiong-Kie Lim,30/06/2027,Active,Standard licence condition
vpa_public_register,2026-07-29T13:34:38.613Z,https://pharmacy.vic.gov.au/register-search/,Chemist Warehouse Ivanhoe,117 Upper Heidelberg Road,IVANHOE,VIC,3079,"117 Upper Heidelberg Road, IVANHOE VIC 3079",30/06/2027,Active,Standard registration conditions,Fabian Tascone,30/06/2027,Active,Standard licence condition
vpa_public_register,2026-07-29T13:34:38.613Z,https://pharmacy.vic.gov.au/register-search/,EAST IVANHOE PHARMACY,254 Lower Heidelberg Road,Ivanhoe East,VIC,3079,"254 Lower Heidelberg Road, Ivanhoe East VIC 3079",30/06/2027,Active,Standard registration conditions,Mariam Shaker,30/06/2027,Active,Standard licence condition
vpa_public_register,2026-07-29T13:34:38.613Z,https://pharmacy.vic.gov.au/register-search/,Ivanhoe Plaza Pharmacy,"Shop 9, Ivanhoe Plaza, 4-12 Livingstone Street",IVANHOE,VIC,3079,"Shop 9, Ivanhoe Plaza, 4-12 Livingstone Street, IVANHOE VIC 3079",30/06/2027,Active,Standard registration conditions,Tok Hung,30/06/2027,Active,Standard licence condition
vpa_public_register,2026-07-29T13:34:38.613Z,https://pharmacy.vic.gov.au/register-search/,MOUNTS PHARMACY,135 Upper Heidelberg Road,Ivanhoe,VIC,3079,"135 Upper Heidelberg Road, Ivanhoe VIC 3079",30/06/2027,Active,Standard registration conditions,Anthony Ho,30/06/2027,Active,Standard licence condition
vpa_public_register,2026-07-29T13:34:38.613Z,https://pharmacy.vic.gov.au/register-search/,MOUNTS PHARMACY,135 Upper Heidelberg Road,Ivanhoe,VIC,3079,"135 Upper Heidelberg Road, Ivanhoe VIC 3079",30/06/2027,Active,Standard registration conditions,Samson Chan,30/06/2027,Active,Standard licence condition
vpa_public_register,2026-07-29T13:34:38.613Z,https://pharmacy.vic.gov.au/register-search/,MOUNTS PHARMACY,135 Upper Heidelberg Road,Ivanhoe,VIC,3079,"135 Upper Heidelberg Road, Ivanhoe VIC 3079",30/06/2027,Active,Standard registration conditions,Tok Hung,30/06/2027,Active,Standard licence condition
vpa_public_register,2026-07-29T13:34:38.613Z,https://pharmacy.vic.gov.au/register-search/,Pharmacy 234,234 Waterdale Road,IVANHOE,VIC,3079,"234 Waterdale Road, IVANHOE VIC 3079",30/06/2027,Active,Standard registration conditions,Pauline Grace,30/06/2027,Active,Standard licence condition
vpa_public_register,2026-07-29T13:34:38.613Z,https://pharmacy.vic.gov.au/register-search/,Pharmacy 234,234 Waterdale Road,IVANHOE,VIC,3079,"234 Waterdale Road, IVANHOE VIC 3079",30/06/2027,Active,Standard registration conditions,Ramses Grace,30/06/2027,Active,Standard licence condition
vpa_public_register,2026-07-29T13:34:38.613Z,https://pharmacy.vic.gov.au/register-search/,Amcal Pharmacy Heidelberg West,555 Waterdale Road,HEIDELBERG WEST,VIC,3081,"555 Waterdale Road, HEIDELBERG WEST VIC 3081",30/06/2027,Active,Standard registration conditions,Jack Moosawi,30/06/2027,Active,Standard licence condition
vpa_public_register,2026-07-29T13:34:38.613Z,https://pharmacy.vic.gov.au/register-search/,Chemist Warehouse Heidelberg West,"Shop 1, 318 Bell Street",Heidelberg West,VIC,3081,"Shop 1, 318 Bell Street, Heidelberg West VIC 3081",30/06/2027,Active,Standard registration conditions,Jeffrey Wasley,30/06/2027,Active,Standard licence condition
vpa_public_register,2026-07-29T13:34:38.613Z,https://pharmacy.vic.gov.au/register-search/,Chemist Warehouse Heidelberg West,"Shop 1, 318 Bell Street",Heidelberg West,VIC,3081,"Shop 1, 318 Bell Street, Heidelberg West VIC 3081",30/06/2027,Active,Standard registration conditions,Mojgan Ghabachi,30/06/2027,Active,Standard licence condition
vpa_public_register,2026-07-29T13:34:38.613Z,https://pharmacy.vic.gov.au/register-search/,Direct Chemist Outlet - Heidelberg West,"Shop 1, 15 - 23 The Mall, Bell Street",West Heidelberg,VIC,3081,"Shop 1, 15 - 23 The Mall, Bell Street, West Heidelberg VIC 3081",30/06/2027,Active,Standard registration conditions,Heidelberg West Discount Pharmacy Australia Pty Ltd,30/06/2027,Active,Standard licence condition
vpa_public_register,2026-07-29T13:34:38.613Z,https://pharmacy.vic.gov.au/register-search/,HEIDELBERG REPATRIATION HOSPITAL PHARMACY DEPARTMENT,300 Waterdale Road,Heidelberg West,VIC,3081,"300 Waterdale Road, Heidelberg West VIC 3081",30/06/2027,Active,,AUSTIN HEALTH,30/06/2027,Active,Standard licence condition
vpa_public_register,2026-07-29T13:34:38.613Z,https://pharmacy.vic.gov.au/register-search/,Amcal Westfield Plenty Valley,"Shop 16, Westfield Plenty Valley",Mill Park,VIC,3082,"Shop 16, Westfield Plenty Valley, Mill Park VIC 3082",30/06/2027,Active,Standard registration conditions,Lucia Zappone,30/06/2027,Active,Standard licence condition
vpa_public_register,2026-07-29T13:34:38.613Z,https://pharmacy.vic.gov.au/register-search/,Amcal Westfield Plenty Valley,"Shop 16, Westfield Plenty Valley",Mill Park,VIC,3082,"Shop 16, Westfield Plenty Valley, Mill Park VIC 3082",30/06/2027,Active,Standard registration conditions,Nabil Ghosn,30/06/2027,Active,Standard licence condition
vpa_public_register,2026-07-29T13:34:38.613Z,https://pharmacy.vic.gov.au/register-search/,Amcal Westfield Plenty Valley,"Shop 16, Westfield Plenty Valley",Mill Park,VIC,3082,"Shop 16, Westfield Plenty Valley, Mill Park VIC 3082",30/06/2027,Active,Standard registration conditions,Vivien Katsavos,30/06/2027,Active,Standard licence condition
vpa_public_register,2026-07-29T13:34:38.613Z,https://pharmacy.vic.gov.au/register-search/,Chemist Warehouse Westfield Plenty Valley,"Shop MM3, Westfield Plenty Valley, 415 McDonalds Road",MILL PARK,VIC,3082,"Shop MM3, Westfield Plenty Valley, 415 McDonalds Road, MILL PARK VIC 3082",30/06/2027,Active,Standard registration conditions,Lucia Zappone,30/06/2027,Active,Standard licence condition
vpa_public_register,2026-07-29T13:34:38.613Z,https://pharmacy.vic.gov.au/register-search/,Chemist Warehouse Westfield Plenty Valley,"Shop MM3, Westfield Plenty Valley, 415 McDonalds Road",MILL PARK,VIC,3082,"Shop MM3, Westfield Plenty Valley, 415 McDonalds Road, MILL PARK VIC 3082",30/06/2027,Active,Standard registration conditions,Nabil Ghosn,30/06/2027,Active,Standard licence condition
vpa_public_register,2026-07-29T13:34:38.613Z,https://pharmacy.vic.gov.au/register-search/,Chemist Warehouse Westfield Plenty Valley,"Shop MM3, Westfield Plenty Valley, 415 McDonalds Road",MILL PARK,VIC,3082,"Shop MM3, Westfield Plenty Valley, 415 McDonalds Road, MILL PARK VIC 3082",30/06/2027,Active,Standard registration conditions,Sotto Kouzas,30/06/2027,Active,Standard licence condition
vpa_public_register,2026-07-29T13:34:38.613Z,https://pharmacy.vic.gov.au/register-search/,Fullife Pharmacy Mill Park,"Shop 50, The Stables Centre, Childs Road",Mill Park,VIC,3082,"Shop 50, The Stables Centre, Childs Road, Mill Park VIC 3082",30/06/2027,Active,Standard registration conditions,MILL PARK PHARMACY PTY LTD,30/06/2027,Active,Standard licence condition
vpa_public_register,2026-07-29T13:34:38.613Z,https://pharmacy.vic.gov.au/register-search/,Fullife Pharmacy Rivergum,"Shop 1, Rivergum Village, 538 Plenty Road",Mill Park,VIC,3082,"Shop 1, Rivergum Village, 538 Plenty Road, Mill Park VIC 3082",30/06/2027,Active,Standard registration conditions,RIVERGUM PHARMACY PTY LTD,30/06/2027,Active,Standard licence condition
vpa_public_register,2026-07-29T13:34:38.613Z,https://pharmacy.vic.gov.au/register-search/,Fullife Pharmacy Superclinic,250 Childs Road,Mill Park,VIC,3082,"250 Childs Road, Mill Park VIC 3082",30/06/2027,Active,Standard registration conditions,Superclinic Pharmacy Pty Ltd,30/06/2027,Active,Standard licence condition
vpa_public_register,2026-07-29T13:34:38.613Z,https://pharmacy.vic.gov.au/register-search/,ANDREW PLACE PHARMACY,3 Andrew Place,Bundoora,VIC,3083,"3 Andrew Place, Bundoora VIC 3083",30/06/2027,Active,Standard registration conditions,PHAN & ASSOCIATES PTY LTD,30/06/2027,Active,Standard licence condition
vpa_public_register,2026-07-29T13:34:38.613Z,https://pharmacy.vic.gov.au/register-search/,Bundoora Medical Centre Pharmacy,"Suite 2, 12 Ormond Boulevard",BUNDOORA,VIC,3083,"Suite 2, 12 Ormond Boulevard, BUNDOORA VIC 3083",30/06/2027,Active,Standard registration conditions,Sandown Health Plus Pty Ltd,30/06/2027,Active,Standard licence condition
vpa_public_register,2026-07-29T13:34:38.613Z,https://pharmacy.vic.gov.au/register-search/,CHEMIST WAREHOUSE BUNDOORA,"Unit 2 and Shop 3, 93 - 97 Plenty Road",Bundoora,VIC,3083,"Unit 2 and Shop 3, 93 - 97 Plenty Road, Bundoora VIC 3083",30/06/2027,Active,Standard registration conditions,3BWong Holdings Pty Ltd,30/06/2027,Active,Standard licence condition
vpa_public_register,2026-07-29T13:34:38.613Z,https://pharmacy.vic.gov.au/register-search/,CHEMIST WAREHOUSE BUNDOORA,"Unit 2 and Shop 3, 93 - 97 Plenty Road",Bundoora,VIC,3083,"Unit 2 and Shop 3, 93 - 97 Plenty Road, Bundoora VIC 3083",30/06/2027,Active,Standard registration conditions,LP Guo Pty Ltd,30/06/2027,Active,Standard licence condition
vpa_public_register,2026-07-29T13:34:38.613Z,https://pharmacy.vic.gov.au/register-search/,CHEMIST WAREHOUSE BUNDOORA,"Unit 2 and Shop 3, 93 - 97 Plenty Road",Bundoora,VIC,3083,"Unit 2 and Shop 3, 93 - 97 Plenty Road, Bundoora VIC 3083",30/06/2027,Active,Standard registration conditions,Philip Colasante,30/06/2027,Active,Standard licence condition
vpa_public_register,2026-07-29T13:34:38.613Z,https://pharmacy.vic.gov.au/register-search/,CHEMIST WAREHOUSE BUNDOORA,"Unit 2 and Shop 3, 93 - 97 Plenty Road",Bundoora,VIC,3083,"Unit 2 and Shop 3, 93 - 97 Plenty Road, Bundoora VIC 3083",30/06/2027,Active,Standard registration conditions,Tony Ung,30/06/2027,Active,Standard licence condition
vpa_public_register,2026-07-29T13:34:38.613Z,https://pharmacy.vic.gov.au/register-search/,Chemist Warehouse Polaris Shopping Centre,"Shop H1, Polaris Shopping Centre, 1056 - 1140 Plenty Road",Bundoora,VIC,3083,"Shop H1, Polaris Shopping Centre, 1056 - 1140 Plenty Road, Bundoora VIC 3083",30/06/2027,Active,Standard registration conditions,Pharmacy O2515 Pty Ltd,30/06/2027,Active,Standard licence condition
vpa_public_register,2026-07-29T13:34:38.613Z,https://pharmacy.vic.gov.au/register-search/,HPS Pharmacies Bundoora,"Northpark Private Hospital, Corner Plenty & Greenhills Roads",BUNDOORA,VIC,3083,"Northpark Private Hospital, Corner Plenty & Greenhills Roads, BUNDOORA VIC 3083",30/06/2027,Active,Standard registration conditions,HSP VIC No. 1 Pty Ltd,30/06/2027,Active,Standard licence condition
vpa_public_register,2026-07-29T13:34:38.613Z,https://pharmacy.vic.gov.au/register-search/,KINGSBURY PHARMACY,9 Link Street,Kingsbury,VIC,3083,"9 Link Street, Kingsbury VIC 3083",30/06/2027,Active,Standard registration conditions,W2W Pty Ltd,30/06/2027,Active,Standard licence condition
vpa_public_register,2026-07-29T13:34:38.613Z,https://pharmacy.vic.gov.au/register-search/,PRICELINE PHARMACY BUNDOORA,39A Plenty Road,Bundoora,VIC,3083,"39A Plenty Road, Bundoora VIC 3083",30/06/2027,Active,Standard registration conditions,Jennifer Macklin,30/06/2027,Active,Standard licence condition
vpa_public_register,2026-07-29T13:34:38.613Z,https://pharmacy.vic.gov.au/register-search/,Priceline Pharmacy University Hill,"Shop G03, University Hill Town Centre, 1 Janefield Drive",BUNDOORA,VIC,3083,"Shop G03, University Hill Town Centre, 1 Janefield Drive, BUNDOORA VIC 3083",30/06/2027,Active,Standard registration conditions,Jennifer Macklin,30/06/2027,Active,Standard licence condition
vpa_public_register,2026-07-29T13:34:38.613Z,https://pharmacy.vic.gov.au/register-search/,AUSTIN HOSPITAL PHARMACY DEPARTMENT,145 Studley Road,HEIDELBERG,VIC,3084,"145 Studley Road, HEIDELBERG VIC 3084",30/06/2027,Active,,AUSTIN HEALTH,30/06/2027,Active,Standard licence condition
vpa_public_register,2026-07-29T13:34:38.613Z,https://pharmacy.vic.gov.au/register-search/,Blooms The Chemist Rosanna,108 Lower Plenty Road,Rosanna,VIC,3084,"108 Lower Plenty Road, Rosanna VIC 3084",30/06/2027,Active,Standard registration conditions,Abdallah Pharmacy Pty Ltd,30/06/2027,Active,Standard licence condition
vpa_public_register,2026-07-29T13:34:38.613Z,https://pharmacy.vic.gov.au/register-search/,Blooms The Chemist Rosanna,108 Lower Plenty Road,Rosanna,VIC,3084,"108 Lower Plenty Road, Rosanna VIC 3084",30/06/2027,Active,Standard registration conditions,Jamaly Pharmacy Pty Ltd,30/06/2027,Active,Standard licence condition
vpa_public_register,2026-07-29T13:34:38.613Z,https://pharmacy.vic.gov.au/register-search/,Blooms The Chemist Rosanna,108 Lower Plenty Road,Rosanna,VIC,3084,"108 Lower Plenty Road, Rosanna VIC 3084",30/06/2027,Active,Standard registration conditions,Leslie Pharmacy Rosanna Pty Ltd,30/06/2027,Active,Standard licence condition
vpa_public_register,2026-07-29T13:34:38.613Z,https://pharmacy.vic.gov.au/register-search/,Chemist Warehouse Heidelberg,126 - 128 Burgundy Street,HEIDELBERG,VIC,3084,"126 - 128 Burgundy Street, HEIDELBERG VIC 3084",30/06/2027,Active,Standard registration conditions,Jolimia Pty Ltd,30/06/2027,Active,Standard licence condition
vpa_public_register,2026-07-29T13:34:38.613Z,https://pharmacy.vic.gov.au/register-search/,Chemist Warehouse Heidelberg,126 - 128 Burgundy Street,HEIDELBERG,VIC,3084,"126 - 128 Burgundy Street, HEIDELBERG VIC 3084",30/06/2027,Active,Standard registration conditions,Phi Truong,30/06/2027,Active,Standard licence condition
vpa_public_register,2026-07-29T13:34:38.613Z,https://pharmacy.vic.gov.au/register-search/,Chemist Warehouse Heidelberg Warringal Shopping Centre,"Warringal Shopping Centre, Shop 28, 56 Burgundy Street",Heidelberg,VIC,3084,"Warringal Shopping Centre, Shop 28, 56 Burgundy Street, Heidelberg VIC 3084",30/06/2027,Active,Standard registration conditions,EAST YARRA FRIENDLY SOCIETY PTY LTD,30/06/2027,Active,Standard licence condition
vpa_public_register,2026-07-29T13:34:38.613Z,https://pharmacy.vic.gov.au/register-search/,Chemist Warehouse Heidelberg Warringal Shopping Centre,"Warringal Shopping Centre, Shop 28, 56 Burgundy Street",Heidelberg,VIC,3084,"Warringal Shopping Centre, Shop 28, 56 Burgundy Street, Heidelberg VIC 3084",30/06/2027,Active,Standard registration conditions,Phi Truong,30/06/2027,Active,Standard licence condition
vpa_public_register,2026-07-29T13:34:38.613Z,https://pharmacy.vic.gov.au/register-search/,Chemist Warehouse Rosanna,"Ground Floor, 125 - 127 Lower Plenty Road",ROSANNA,VIC,3084,"Ground Floor, 125 - 127 Lower Plenty Road, ROSANNA VIC 3084",30/06/2027,Active,Standard registration conditions,Anthony Bassaly,30/06/2027,Active,Standard licence condition
vpa_public_register,2026-07-29T13:34:38.613Z,https://pharmacy.vic.gov.au/register-search/,Chemist Warehouse Rosanna,"Ground Floor, 125 - 127 Lower Plenty Road",ROSANNA,VIC,3084,"Ground Floor, 125 - 127 Lower Plenty Road, ROSANNA VIC 3084",30/06/2027,Active,Standard registration conditions,Mojgan Ghabachi,30/06/2027,Active,Standard licence condition
vpa_public_register,2026-07-29T13:34:38.613Z,https://pharmacy.vic.gov.au/register-search/,DISCOUNT PHARMACY AUSTRALIA VIEWBANK,"Suite 3, Viewbank Medical Centre, Cnr Martins Lane and Lower Plenty Road",Viewbank,VIC,3084,"Suite 3, Viewbank Medical Centre, Cnr Martins Lane and Lower Plenty Road, Viewbank VIC 3084",30/06/2027,Active,Standard registration conditions,DPV Discount Pharmacy Australia Pty Ltd,30/06/2027,Active,Standard licence condition
vpa_public_register,2026-07-29T13:34:38.613Z,https://pharmacy.vic.gov.au/register-search/,GRACE PHARMACY,110 Burgundy Street,Heidelberg,VIC,3084,"110 Burgundy Street, Heidelberg VIC 3084",30/06/2027,Active,Standard registration conditions,Pauline Grace,30/06/2027,Active,Standard licence condition
vpa_public_register,2026-07-29T13:34:38.613Z,https://pharmacy.vic.gov.au/register-search/,GRACE PHARMACY,110 Burgundy Street,Heidelberg,VIC,3084,"110 Burgundy Street, Heidelberg VIC 3084",30/06/2027,Active,Standard registration conditions,Ramses Grace,30/06/2027,Active,Standard licence condition
vpa_public_register,2026-07-29T13:34:38.613Z,https://pharmacy.vic.gov.au/register-search/,GREVILLE ROAD PHARMACY,51 Greville Road,Rosanna East,VIC,3084,"51 Greville Road, Rosanna East VIC 3084",30/06/2027,Active,Standard registration conditions,Bharti Ravjee,30/06/2027,Active,Standard licence condition
vpa_public_register,2026-07-29T13:34:38.613Z,https://pharmacy.vic.gov.au/register-search/,Heidelberg Healthcare Pharmacy & Compounding,119 Burgundy Street,Heidelberg,VIC,3084,"119 Burgundy Street, Heidelberg VIC 3084",30/06/2027,Active,Standard registration conditions,Heidelberg Community Pharmacy Pty Ltd,30/06/2027,Active,Standard licence condition
vpa_public_register,2026-07-29T13:34:38.613Z,https://pharmacy.vic.gov.au/register-search/,MERCY HOSPITAL FOR WOMEN PHARMACY DEPARTMENT,"2nd level (1st floor), 163 Studley Road",Heidelberg,VIC,3084,"2nd level (1st floor), 163 Studley Road, Heidelberg VIC 3084",30/06/2027,Active,,MERCY HEALTH,30/06/2027,Active,Standard licence condition
vpa_public_register,2026-07-29T13:34:38.613Z,https://pharmacy.vic.gov.au/register-search/,ROSANNA PHARMACY,107 Lower Plenty Road,Rosanna,VIC,3084,"107 Lower Plenty Road, Rosanna VIC 3084",30/06/2027,Active,Standard registration conditions,NKF Health Pty Ltd,30/06/2027,Active,Standard licence condition
vpa_public_register,2026-07-29T13:34:38.613Z,https://pharmacy.vic.gov.au/register-search/,WARRINGAL PRIVATE HOSPITAL PHARMACY DEPARTMENT,216 Burgundy Street,Heidelberg,VIC,3084,"216 Burgundy Street, Heidelberg VIC 3084",30/06/2027,Active,,HCOA OPERATIONS (AUSTRALIA) PTY LTD,30/06/2027,Active,Standard licence condition
vpa_public_register,2026-07-29T13:34:38.613Z,https://pharmacy.vic.gov.au/register-search/,MACLEOD PHARMACY,70 Aberdeen Road,Macleod,VIC,3085,"70 Aberdeen Road, Macleod VIC 3085",30/06/2027,Active,Standard registration conditions,Martin Hung Nguyen,30/06/2027,Active,Standard licence condition
vpa_public_register,2026-07-29T13:34:38.613Z,https://pharmacy.vic.gov.au/register-search/,MACLEOD PHARMACY,70 Aberdeen Road,Macleod,VIC,3085,"70 Aberdeen Road, Macleod VIC 3085",30/06/2027,Active,Standard registration conditions,Peter Urban,30/06/2027,Active,Standard licence condition
vpa_public_register,2026-07-29T13:34:38.613Z,https://pharmacy.vic.gov.au/register-search/,MACLEOD PHARMACY,70 Aberdeen Road,Macleod,VIC,3085,"70 Aberdeen Road, Macleod VIC 3085",30/06/2027,Active,Standard registration conditions,Seong Chua,30/06/2027,Active,Standard licence condition
vpa_public_register,2026-07-29T13:34:38.613Z,https://pharmacy.vic.gov.au/register-search/,MACLEOD PHARMACY,70 Aberdeen Road,Macleod,VIC,3085,"70 Aberdeen Road, Macleod VIC 3085",30/06/2027,Active,Standard registration conditions,Steven Aronowicz,30/06/2027,Active,Standard licence condition
vpa_public_register,2026-07-29T13:34:38.613Z,https://pharmacy.vic.gov.au/register-search/,Chemist Warehouse Watsonia,"Shop 6 & 7, 103 - 105 Watsonia Road",WATSONIA,VIC,3087,"Shop 6 & 7, 103 - 105 Watsonia Road, WATSONIA VIC 3087",30/06/2027,Active,Standard registration conditions,Pharmacy O2359 Pty Ltd,30/06/2027,Active,Standard licence condition
vpa_public_register,2026-07-29T13:34:38.613Z,https://pharmacy.vic.gov.au/register-search/,Diamond Village Discount Chemist,6 / 78 Nepean Street,WATSONIA,VIC,3087,"6 / 78 Nepean Street, WATSONIA VIC 3087",30/06/2027,Active,Standard registration conditions,Hesham Mobarek,30/06/2027,Active,Standard licence condition
vpa_public_register,2026-07-29T13:34:38.613Z,https://pharmacy.vic.gov.au/register-search/,Diamond Village Discount Chemist,6 / 78 Nepean Street,WATSONIA,VIC,3087,"6 / 78 Nepean Street, WATSONIA VIC 3087",30/06/2027,Active,Standard registration conditions,Mohamad Kobayssi,30/06/2027,Active,Standard licence condition
vpa_public_register,2026-07-29T13:34:38.613Z,https://pharmacy.vic.gov.au/register-search/,Good Health Pharmacy Watsonia,83 Watsonia Road,Watsonia,VIC,3087,"83 Watsonia Road, Watsonia VIC 3087",30/06/2027,Active,Standard registration conditions,MB Pharma Pty Ltd,30/06/2027,Active,Standard licence condition
vpa_public_register,2026-07-29T13:34:38.613Z,https://pharmacy.vic.gov.au/register-search/,Pharmacy 4 Less Watsonia,49 Watsonia Road,Watsonia,VIC,3087,"49 Watsonia Road, Watsonia VIC 3087",30/06/2027,Active,Standard registration conditions,Hesham Mobarek,30/06/2027,Active,Standard licence condition
vpa_public_register,2026-07-29T13:34:38.613Z,https://pharmacy.vic.gov.au/register-search/,Pharmacy 4 Less Watsonia,49 Watsonia Road,Watsonia,VIC,3087,"49 Watsonia Road, Watsonia VIC 3087",30/06/2027,Active,Standard registration conditions,Mohamad Kobayssi,30/06/2027,Active,Standard licence condition
vpa_public_register,2026-07-29T13:34:38.613Z,https://pharmacy.vic.gov.au/register-search/,Watsonia Compounding Pharmacy,"Shop 9, 78 Nepean Street",Watsonia,VIC,3087,"Shop 9, 78 Nepean Street, Watsonia VIC 3087",30/06/2027,Active,Standard registration conditions,Lan-Huong Thi Vo,30/06/2027,Active,Standard licence condition
vpa_public_register,2026-07-29T13:34:38.613Z,https://pharmacy.vic.gov.au/register-search/,BRIAR HILL PHARMACY,1/111 Mountain View Road,Briar Hill,VIC,3088,"1/111 Mountain View Road, Briar Hill VIC 3088",30/06/2027,Active,Standard registration conditions,Briar Hill Pharmacy Pty Ltd,30/06/2027,Active,Standard licence condition
vpa_public_register,2026-07-29T13:34:38.613Z,https://pharmacy.vic.gov.au/register-search/,CHEMIST WAREHOUSE - GREENSBOROUGH,48-50 Main Street,GREENSBOROUGH,VIC,3088,"48-50 Main Street, GREENSBOROUGH VIC 3088",30/06/2027,Active,Standard registration conditions,BF Assets Pty Ltd,30/06/2027,Active,Standard licence condition
vpa_public_register,2026-07-29T13:34:38.613Z,https://pharmacy.vic.gov.au/register-search/,CHEMIST WAREHOUSE - GREENSBOROUGH,48-50 Main Street,GREENSBOROUGH,VIC,3088,"48-50 Main Street, GREENSBOROUGH VIC 3088",30/06/2027,Active,Standard registration conditions,EAST YARRA FRIENDLY SOCIETY PTY LTD,30/06/2027,Active,Standard licence condition
vpa_public_register,2026-07-29T13:34:38.613Z,https://pharmacy.vic.gov.au/register-search/,Chemist Warehouse Greensborough Plaza,"Shop 111 Greensborough Plaza, 25 Main Street",GREENSBOROUGH,VIC,3088,"Shop 111 Greensborough Plaza, 25 Main Street, GREENSBOROUGH VIC 3088",30/06/2027,Active,Standard registration conditions,Adrian Verrocchi,30/06/2027,Active,Standard licence condition
vpa_public_register,2026-07-29T13:34:38.613Z,https://pharmacy.vic.gov.au/register-search/,Chemist Warehouse Greensborough Plaza,"Shop 111 Greensborough Plaza, 25 Main Street",GREENSBOROUGH,VIC,3088,"Shop 111 Greensborough Plaza, 25 Main Street, GREENSBOROUGH VIC 3088",30/06/2027,Active,Standard registration conditions,BF Assets Pty Ltd,30/06/2027,Active,Standard licence condition
vpa_public_register,2026-07-29T13:34:38.613Z,https://pharmacy.vic.gov.au/register-search/,Priceline Pharmacy Greensborough Plaza,"Shop 383 Greensborough Plaza, 25 Main Street",GREENSBOROUGH,VIC,3088,"Shop 383 Greensborough Plaza, 25 Main Street, GREENSBOROUGH VIC 3088",30/06/2027,Active,Standard registration conditions,MPharma Pty Ltd,30/06/2027,Active,Standard licence condition
vpa_public_register,2026-07-29T13:34:38.613Z,https://pharmacy.vic.gov.au/register-search/,Tom Lane Pharmacy,9 - 13 Flintoff Street,GREENSBOROUGH,VIC,3088,"9 - 13 Flintoff Street, GREENSBOROUGH VIC 3088",30/06/2027,Active,Standard registration conditions,Ting Zhang Shi,30/06/2027,Active,Standard licence condition
vpa_public_register,2026-07-29T13:34:38.613Z,https://pharmacy.vic.gov.au/register-search/,Tom Lane Pharmacy,9 - 13 Flintoff Street,GREENSBOROUGH,VIC,3088,"9 - 13 Flintoff Street, GREENSBOROUGH VIC 3088",30/06/2027,Active,Standard registration conditions,Vassilios Spiliopoulos,30/06/2027,Active,Standard licence condition
vpa_public_register,2026-07-29T13:34:38.613Z,https://pharmacy.vic.gov.au/register-search/,Tom Lane Pharmacy,9 - 13 Flintoff Street,GREENSBOROUGH,VIC,3088,"9 - 13 Flintoff Street, GREENSBOROUGH VIC 3088",30/06/2027,Active,Standard registration conditions,Widjojo Khoo,30/06/2027,Active,Standard licence condition
vpa_public_register,2026-07-29T13:34:38.613Z,https://pharmacy.vic.gov.au/register-search/,Tom Lane Pharmacy St Helena,"Shops 10 & 11, St Helena Marketplace, 214 Aquaduct Road",ST HELENA,VIC,3088,"Shops 10 & 11, St Helena Marketplace, 214 Aquaduct Road, ST HELENA VIC 3088",30/06/2027,Active,Standard registration conditions,Ting Zhang Shi,30/06/2027,Active,Standard licence condition
vpa_public_register,2026-07-29T13:34:38.613Z,https://pharmacy.vic.gov.au/register-search/,Tom Lane Pharmacy St Helena,"Shops 10 & 11, St Helena Marketplace, 214 Aquaduct Road",ST HELENA,VIC,3088,"Shops 10 & 11, St Helena Marketplace, 214 Aquaduct Road, ST HELENA VIC 3088",30/06/2027,Active,Standard registration conditions,Vassilios Spiliopoulos,30/06/2027,Active,Standard licence condition
vpa_public_register,2026-07-29T13:34:38.613Z,https://pharmacy.vic.gov.au/register-search/,Tom Lane Pharmacy St Helena,"Shops 10 & 11, St Helena Marketplace, 214 Aquaduct Road",ST HELENA,VIC,3088,"Shops 10 & 11, St Helena Marketplace, 214 Aquaduct Road, ST HELENA VIC 3088",30/06/2027,Active,Standard registration conditions,Widjojo Khoo,30/06/2027,Active,Standard licence condition
vpa_public_register,2026-07-29T13:34:38.613Z,https://pharmacy.vic.gov.au/register-search/,DIAMOND CREEK PHARMACY,"Shop 3, Diamond Creek Shopping Station, 67 Main Hurstbridge Road",DIAMOND CREEK,VIC,3089,"Shop 3, Diamond Creek Shopping Station, 67 Main Hurstbridge Road, DIAMOND CREEK VIC 3089",30/06/2027,Active,Standard registration conditions,Chee Kheong Wong,30/06/2027,Active,Standard licence condition
vpa_public_register,2026-07-29T13:34:38.613Z,https://pharmacy.vic.gov.au/register-search/,DIAMOND CREEK PHARMACY,"Shop 3, Diamond Creek Shopping Station, 67 Main Hurstbridge Road",DIAMOND CREEK,VIC,3089,"Shop 3, Diamond Creek Shopping Station, 67 Main Hurstbridge Road, DIAMOND CREEK VIC 3089",30/06/2027,Active,Standard registration conditions,Daniel Cheesbrough,30/06/2027,Active,Standard licence condition
vpa_public_register,2026-07-29T13:34:38.613Z,https://pharmacy.vic.gov.au/register-search/,DIAMOND CREEK PHARMACY,"Shop 3, Diamond Creek Shopping Station, 67 Main Hurstbridge Road",DIAMOND CREEK,VIC,3089,"Shop 3, Diamond Creek Shopping Station, 67 Main Hurstbridge Road, DIAMOND CREEK VIC 3089",30/06/2027,Active,Standard registration conditions,Daniel Cheesbrough,30/06/2027,Active,Standard licence condition
vpa_public_register,2026-07-29T13:34:38.613Z,https://pharmacy.vic.gov.au/register-search/,DIAMOND CREEK PHARMACY,"Shop 3, Diamond Creek Shopping Station, 67 Main Hurstbridge Road",DIAMOND CREEK,VIC,3089,"Shop 3, Diamond Creek Shopping Station, 67 Main Hurstbridge Road, DIAMOND CREEK VIC 3089",30/06/2027,Active,Standard registration conditions,Gordon Ngan,30/06/2027,Active,Standard licence condition
vpa_public_register,2026-07-29T13:34:38.613Z,https://pharmacy.vic.gov.au/register-search/,PRICELINE PHARMACY DIAMOND CREEK,66 Main Hurstbridge Road,Diamond Creek,VIC,3089,"66 Main Hurstbridge Road, Diamond Creek VIC 3089",30/06/2027,Active,Standard registration conditions,Chee Kheong Wong,30/06/2027,Active,Standard licence condition
vpa_public_register,2026-07-29T13:34:38.613Z,https://pharmacy.vic.gov.au/register-search/,PRICELINE PHARMACY DIAMOND CREEK,66 Main Hurstbridge Road,Diamond Creek,VIC,3089,"66 Main Hurstbridge Road, Diamond Creek VIC 3089",30/06/2027,Active,Standard registration conditions,Daniel Cheesbrough,30/06/2027,Active,Standard licence condition
vpa_public_register,2026-07-29T13:34:38.613Z,https://pharmacy.vic.gov.au/register-search/,PRICELINE PHARMACY DIAMOND CREEK,66 Main Hurstbridge Road,Diamond Creek,VIC,3089,"66 Main Hurstbridge Road, Diamond Creek VIC 3089",30/06/2027,Active,Standard registration conditions,Daniel Cheesbrough,30/06/2027,Active,Standard licence condition
vpa_public_register,2026-07-29T13:34:38.613Z,https://pharmacy.vic.gov.au/register-search/,PRICELINE PHARMACY DIAMOND CREEK,66 Main Hurstbridge Road,Diamond Creek,VIC,3089,"66 Main Hurstbridge Road, Diamond Creek VIC 3089",30/06/2027,Active,Standard registration conditions,Gordon Ngan,30/06/2027,Active,Standard licence condition
vpa_public_register,2026-07-29T13:34:38.613Z,https://pharmacy.vic.gov.au/register-search/,Eco-Life Pharmacy,2 / 285 Diamond Creek Road,PLENTY,VIC,3090,"2 / 285 Diamond Creek Road, PLENTY VIC 3090",30/06/2027,Active,Standard registration conditions,Vassilios Spiliopoulos,30/06/2027,Active,Standard licence condition
vpa_public_register,2026-07-29T13:34:38.613Z,https://pharmacy.vic.gov.au/register-search/,Chemist Warehouse Lower Plenty,"Retail 1, 45-49 Main Road",LOWER PLENTY,VIC,3093,"Retail 1, 45-49 Main Road, LOWER PLENTY VIC 3093",30/06/2027,Active,Standard registration conditions,MVJ Investments Pty Ltd,30/06/2027,Active,Standard licence condition
vpa_public_register,2026-07-29T13:34:38.613Z,https://pharmacy.vic.gov.au/register-search/,TerryWhite Chemmart Montmorency,45 Were Street,Montmorency,VIC,3094,"45 Were Street, Montmorency VIC 3094",30/06/2027,Active,Standard registration conditions,Montmorency Health Pty Ltd,30/06/2027,Active,Standard licence condition
vpa_public_register,2026-07-29T13:34:38.613Z,https://pharmacy.vic.gov.au/register-search/,Chemist Warehouse Eltham Village Shopping Centre,"Shop 10, Eltham Village S/C, 906 Main Road",Eltham,VIC,3095,"Shop 10, Eltham Village S/C, 906 Main Road, Eltham VIC 3095",30/06/2027,Active,Standard registration conditions,Anthony Bassaly,30/06/2027,Active,Standard licence condition
vpa_public_register,2026-07-29T13:34:38.613Z,https://pharmacy.vic.gov.au/register-search/,Chemist Warehouse Eltham Village Shopping Centre,"Shop 10, Eltham Village S/C, 906 Main Road",Eltham,VIC,3095,"Shop 10, Eltham Village S/C, 906 Main Road, Eltham VIC 3095",30/06/2027,Active,Standard registration conditions,Cartel Investments Pty Ltd,30/06/2027,Active,Standard licence condition
vpa_public_register,2026-07-29T13:34:38.613Z,https://pharmacy.vic.gov.au/register-search/,Eltham North Pharmacy,1170-1172 Main Road,Eltham,VIC,3095,"1170-1172 Main Road, Eltham VIC 3095",30/06/2027,Active,Standard registration conditions,Dezheng Dang,30/06/2027,Active,Standard licence condition
vpa_public_register,2026-07-29T13:34:38.613Z,https://pharmacy.vic.gov.au/register-search/,Eltham Ridge Pharmacy,Part 284 Bolton Street,Eltham,VIC,3095,"Part 284 Bolton Street, Eltham VIC 3095",30/06/2027,Active,Standard registration conditions,Lewi Karalis,30/06/2027,Active,Standard licence condition
vpa_public_register,2026-07-29T13:34:38.613Z,https://pharmacy.vic.gov.au/register-search/,RESEARCH PHARMACY,"Shop 8, 1540 Main Road",Research,VIC,3095,"Shop 8, 1540 Main Road, Research VIC 3095",30/06/2027,Active,Standard registration conditions,Yiling Pty Ltd,30/06/2027,Active,Standard licence condition
vpa_public_register,2026-07-29T13:34:38.613Z,https://pharmacy.vic.gov.au/register-search/,TerryWhite Chemmart Eltham Town Centre,"Shop 4, 6 - 20 Luck Street",Eltham,VIC,3095,"Shop 4, 6 - 20 Luck Street, Eltham VIC 3095",30/06/2027,Active,Standard registration conditions,Freddiek Pty Ltd,30/06/2027,Active,Standard licence condition
vpa_public_register,2026-07-29T13:34:38.613Z,https://pharmacy.vic.gov.au/register-search/,Thompsons TerryWhite Chemmart Eltham,962-966 Main Road,Eltham,VIC,3095,"962-966 Main Road, Eltham VIC 3095",30/06/2027,Active,Standard registration conditions,Freddiek Pty Ltd,30/06/2027,Active,Standard licence condition
vpa_public_register,2026-07-29T13:34:38.613Z,https://pharmacy.vic.gov.au/register-search/,HURSTBRIDGE PHARMACY,"Shop 7, 912 Main Road",Hurstbridge,VIC,3099,"Shop 7, 912 Main Road, Hurstbridge VIC 3099",30/06/2027,Active,Standard registration conditions,Shumei Liu,30/06/2027,Active,Standard licence condition
vpa_public_register,2026-07-29T13:34:38.613Z,https://pharmacy.vic.gov.au/register-search/,Caritas Christi Hospice Pharmacy Department,104 Studley Park Road,KEW,VIC,3101,"104 Studley Park Road, KEW VIC 3101",30/06/2027,Active,,ST VINCENT'S HOSPITAL (MELBOURNE) PTY LTD,30/06/2027,Active,Standard licence condition
vpa_public_register,2026-07-29T13:34:38.613Z,https://pharmacy.vic.gov.au/register-search/,Chemist Warehouse Kew,119 - 123 High Street,Kew,VIC,3101,"119 - 123 High Street, Kew VIC 3101",30/06/2027,Active,Standard registration conditions,Adrian Sebastiano,30/06/2027,Active,Standard licence condition
vpa_public_register,2026-07-29T13:34:38.613Z,https://pharmacy.vic.gov.au/register-search/,Chemist Warehouse Kew,119 - 123 High Street,Kew,VIC,3101,"119 - 123 High Street, Kew VIC 3101",30/06/2027,Active,Standard registration conditions,Bruno Crisafi,30/06/2027,Active,Standard licence condition
vpa_public_register,2026-07-29T13:34:38.613Z,https://pharmacy.vic.gov.au/register-search/,Cotham Road Pharmacy,118 Cotham Road,Kew,VIC,3101,"118 Cotham Road, Kew VIC 3101",30/06/2027,Active,Standard registration conditions,Cotham Pharmacy Pty Ltd,30/06/2027,Active,Standard licence condition
vpa_public_register,2026-07-29T13:34:38.613Z,https://pharmacy.vic.gov.au/register-search/,Edge Compounding Pharmacy,120 Cotham Road,KEW,VIC,3101,"120 Cotham Road, KEW VIC 3101",30/06/2027,Active,Standard registration conditions,Trinity Compounding Pty Ltd,30/06/2027,Active,Standard licence condition
vpa_public_register,2026-07-29T13:34:38.613Z,https://pharmacy.vic.gov.au/register-search/,I HEALTH PHARMACY,1131 Burke Road,Kew,VIC,3101,"1131 Burke Road, Kew VIC 3101",30/06/2027,Active,Specific registration condition | Standard registration conditions,CA Dispensary Pty Ltd,30/06/2027,Active,Standard licence condition
vpa_public_register,2026-07-29T13:34:38.613Z,https://pharmacy.vic.gov.au/register-search/,ST GEORGE'S HOSPITAL PHARMACY DEPARTMENT,283 Cotham Road,Kew,VIC,3101,"283 Cotham Road, Kew VIC 3101",30/06/2027,Active,,ST VINCENT'S HEALTH SERVICE,30/06/2027,Active,Standard licence condition
vpa_public_register,2026-07-29T13:34:38.613Z,https://pharmacy.vic.gov.au/register-search/,Star Pharmacy Kew,157 - 163 High Street,Kew,VIC,3101,"157 - 163 High Street, Kew VIC 3101",30/06/2027,Active,Standard registration conditions,Aphrodite Barbayannis,30/06/2027,Active,Standard licence condition
vpa_public_register,2026-07-29T13:34:38.613Z,https://pharmacy.vic.gov.au/register-search/,Willsmere Village Pharmacy,101 Willsmere Road,Kew North,VIC,3101,"101 Willsmere Road, Kew North VIC 3101",30/06/2027,Active,Standard registration conditions,Lim Health Pharmacy Pty Ltd,30/06/2027,Active,Standard licence condition
vpa_public_register,2026-07-29T13:34:38.613Z,https://pharmacy.vic.gov.au/register-search/,TerryWhite Chemmart Kew East,637 High Street,Kew East,VIC,3102,"637 High Street, Kew East VIC 3102",30/06/2027,Active,Standard registration conditions,Stephen Chan,30/06/2027,Active,Standard licence condition
vpa_public_register,2026-07-29T13:34:38.613Z,https://pharmacy.vic.gov.au/register-search/,TerryWhite Chemmart Kew East,637 High Street,Kew East,VIC,3102,"637 High Street, Kew East VIC 3102",30/06/2027,Active,Standard registration conditions,Tat hei Billy Chu,30/06/2027,Active,Standard licence condition
vpa_public_register,2026-07-29T13:34:38.613Z,https://pharmacy.vic.gov.au/register-search/,BALWYN EAST PHARMACY,395 Belmore Road,Balwyn,VIC,3103,"395 Belmore Road, Balwyn VIC 3103",30/06/2027,Active,Standard registration conditions,Arthur Kyriakos,30/06/2027,Active,Standard licence condition
vpa_public_register,2026-07-29T13:34:38.613Z,https://pharmacy.vic.gov.au/register-search/,CASEY'S PHARMACY,1052 Burke Road,Balwyn,VIC,3103,"1052 Burke Road, Balwyn VIC 3103",30/06/2027,Active,Standard registration conditions,Anna Ho,30/06/2027,Active,Standard licence condition
vpa_public_register,2026-07-29T13:34:38.613Z,https://pharmacy.vic.gov.au/register-search/,Chemist Warehouse Balwyn,252 - 254 Whitehorse Road,BALWYN,VIC,3103,"252 - 254 Whitehorse Road, BALWYN VIC 3103",30/06/2027,Active,Standard registration conditions,Esther Finocchiaro,30/06/2027,Active,Standard licence condition
vpa_public_register,2026-07-29T13:34:38.613Z,https://pharmacy.vic.gov.au/register-search/,Chemist Warehouse Balwyn,252 - 254 Whitehorse Road,BALWYN,VIC,3103,"252 - 254 Whitehorse Road, BALWYN VIC 3103",30/06/2027,Active,Standard registration conditions,MC & DC Pty Ltd,30/06/2027,Active,Standard licence condition
vpa_public_register,2026-07-29T13:34:38.613Z,https://pharmacy.vic.gov.au/register-search/,DEEPDENE PHARMACY,73 Whitehorse Road,Balwyn,VIC,3103,"73 Whitehorse Road, Balwyn VIC 3103",30/06/2027,Active,Standard registration conditions,PHI Healthcare Pty Ltd,30/06/2027,Active,Standard licence condition
vpa_public_register,2026-07-29T13:34:38.613Z,https://pharmacy.vic.gov.au/register-search/,Midtown Pharmacy Balwyn,397 Whitehorse Road,Balwyn,VIC,3103,"397 Whitehorse Road, Balwyn VIC 3103",30/06/2027,Active,Standard registration conditions,Seong Chua,30/06/2027,Active,Standard licence condition
vpa_public_register,2026-07-29T13:34:38.613Z,https://pharmacy.vic.gov.au/register-search/,Midtown Pharmacy Balwyn,397 Whitehorse Road,Balwyn,VIC,3103,"397 Whitehorse Road, Balwyn VIC 3103",30/06/2027,Active,Standard registration conditions,Stephen Chan,30/06/2027,Active,Standard licence condition
vpa_public_register,2026-07-29T13:34:38.613Z,https://pharmacy.vic.gov.au/register-search/,Midtown Pharmacy Balwyn,397 Whitehorse Road,Balwyn,VIC,3103,"397 Whitehorse Road, Balwyn VIC 3103",30/06/2027,Active,Standard registration conditions,Tat hei Billy Chu,30/06/2027,Active,Standard licence condition
vpa_public_register,2026-07-29T13:34:38.613Z,https://pharmacy.vic.gov.au/register-search/,Priceline Pharmacy Balwyn,Part of 427 Whitehorse Road,BALWYN,VIC,3103,"Part of 427 Whitehorse Road, BALWYN VIC 3103",30/06/2027,Active,Standard registration conditions,Ali Eqbal,30/06/2027,Active,Standard licence condition
vpa_public_register,2026-07-29T13:34:38.613Z,https://pharmacy.vic.gov.au/register-search/,Priceline Pharmacy Balwyn,Part of 427 Whitehorse Road,BALWYN,VIC,3103,"Part of 427 Whitehorse Road, BALWYN VIC 3103",30/06/2027,Active,Standard registration conditions,Mina Ghobrial,30/06/2027,Active,Standard licence condition
vpa_public_register,2026-07-29T13:34:38.613Z,https://pharmacy.vic.gov.au/register-search/,TerryWhite Chemmart Balwyn,"Shop 1B, 310 - 314 Whitehorse Road",Balwyn,VIC,3103,"Shop 1B, 310 - 314 Whitehorse Road, Balwyn VIC 3103",30/06/2027,Active,Standard registration conditions | Specific registration condition,Balwyn Pharma Pty Ltd,30/06/2027,Active,Standard licence condition
vpa_public_register,2026-07-29T13:34:38.613Z,https://pharmacy.vic.gov.au/register-search/,AMCAL NORTH BALWYN PHARMACY,81 Doncaster Road,Balwyn North,VIC,3104,"81 Doncaster Road, Balwyn North VIC 3104",30/06/2027,Active,Standard registration conditions,David Lam,30/06/2027,Active,Standard licence condition
vpa_public_register,2026-07-29T13:34:38.613Z,https://pharmacy.vic.gov.au/register-search/,AMCAL NORTH BALWYN PHARMACY,81 Doncaster Road,Balwyn North,VIC,3104,"81 Doncaster Road, Balwyn North VIC 3104",30/06/2027,Active,Standard registration conditions,Sam Koroneos,30/06/2027,Active,Standard licence condition
vpa_public_register,2026-07-29T13:34:38.613Z,https://pharmacy.vic.gov.au/register-search/,Balwyn North Discount Drug Store,394 - 398 Balwyn Road,Balwyn North,VIC,3104,"394 - 398 Balwyn Road, Balwyn North VIC 3104",30/06/2027,Active,Standard registration conditions,David McConville,30/06/2027,Active,Standard licence condition
vpa_public_register,2026-07-29T13:34:38.613Z,https://pharmacy.vic.gov.au/register-search/,Balwyn North Discount Drug Store,394 - 398 Balwyn Road,Balwyn North,VIC,3104,"394 - 398 Balwyn Road, Balwyn North VIC 3104",30/06/2027,Active,Standard registration conditions,Gideon Gunn,30/06/2027,Active,Standard licence condition
vpa_public_register,2026-07-29T13:34:38.613Z,https://pharmacy.vic.gov.au/register-search/,Balwyn North Discount Drug Store,394 - 398 Balwyn Road,Balwyn North,VIC,3104,"394 - 398 Balwyn Road, Balwyn North VIC 3104",30/06/2027,Active,Standard registration conditions,Lai Kit Kwan,30/06/2027,Active,Standard licence condition
vpa_public_register,2026-07-29T13:34:38.613Z,https://pharmacy.vic.gov.au/register-search/,Balwyn North Discount Drug Store,394 - 398 Balwyn Road,Balwyn North,VIC,3104,"394 - 398 Balwyn Road, Balwyn North VIC 3104",30/06/2027,Active,Standard registration conditions,Ling Zhao,30/06/2027,Active,Standard licence condition
vpa_public_register,2026-07-29T13:34:38.613Z,https://pharmacy.vic.gov.au/register-search/,Balwyn North Discount Drug Store,394 - 398 Balwyn Road,Balwyn North,VIC,3104,"394 - 398 Balwyn Road, Balwyn North VIC 3104",30/06/2027,Active,Standard registration conditions,Po-Han Chen,30/06/2027,Active,Standard licence condition
vpa_public_register,2026-07-29T13:34:38.613Z,https://pharmacy.vic.gov.au/register-search/,Balwyn North Discount Drug Store,394 - 398 Balwyn Road,Balwyn North,VIC,3104,"394 - 398 Balwyn Road, Balwyn North VIC 3104",30/06/2027,Active,Standard registration conditions,Yet Khor,30/06/2027,Active,Standard licence condition
vpa_public_register,2026-07-29T13:34:38.613Z,https://pharmacy.vic.gov.au/register-search/,Balwyn Pharmacy & Post Office,247A Belmore Road,Balwyn North,VIC,3104,"247A Belmore Road, Balwyn North VIC 3104",30/06/2027,Active,Standard registration conditions,Ly Health BN Pty Ltd,30/06/2027,Active,Standard licence condition
vpa_public_register,2026-07-29T13:34:38.613Z,https://pharmacy.vic.gov.au/register-search/,GREYTHORN AMCAL PHARMACY,297-301 Doncaster Road,Balwyn North,VIC,3104,"297-301 Doncaster Road, Balwyn North VIC 3104",30/06/2027,Active,Standard registration conditions,Arthur Kyriakos,30/06/2027,Active,Standard licence condition
vpa_public_register,2026-07-29T13:34:38.613Z,https://pharmacy.vic.gov.au/register-search/,NORTH BALWYN PHARMACY,12 Doncaster Road,Balwyn North,VIC,3104,"12 Doncaster Road, Balwyn North VIC 3104",30/06/2027,Active,Standard registration conditions,Lu Song,30/06/2027,Active,Standard licence condition
vpa_public_register,2026-07-29T13:34:38.613Z,https://pharmacy.vic.gov.au/register-search/,NORTH BALWYN PHARMACY,12 Doncaster Road,Balwyn North,VIC,3104,"12 Doncaster Road, Balwyn North VIC 3104",30/06/2027,Active,Standard registration conditions,Yu Cao,30/06/2027,Active,Standard licence condition
vpa_public_register,2026-07-29T13:34:38.613Z,https://pharmacy.vic.gov.au/register-search/,PharmacySmart Compounding Balwyn North,67 Doncaster Road,BALWYN NORTH,VIC,3104,"67 Doncaster Road, BALWYN NORTH VIC 3104",30/06/2027,Active,Standard registration conditions | Specific registration condition,Andrew Lau,30/06/2027,Active,Standard licence condition
vpa_public_register,2026-07-29T13:34:38.613Z,https://pharmacy.vic.gov.au/register-search/,Chemist Warehouse Bulleen Plaza,"Shop 2A, 2E & 2F, Bulleen Plaza, 79 - 109 Manningham Road",Bulleen,VIC,3105,"Shop 2A, 2E & 2F, Bulleen Plaza, 79 - 109 Manningham Road, Bulleen VIC 3105",30/06/2027,Active,Standard registration conditions,3BWong Holdings Pty Ltd,30/06/2027,Active,Standard licence condition
vpa_public_register,2026-07-29T13:34:38.613Z,https://pharmacy.vic.gov.au/register-search/,Chemist Warehouse Bulleen Plaza,"Shop 2A, 2E & 2F, Bulleen Plaza, 79 - 109 Manningham Road",Bulleen,VIC,3105,"Shop 2A, 2E & 2F, Bulleen Plaza, 79 - 109 Manningham Road, Bulleen VIC 3105",30/06/2027,Active,Standard registration conditions,Jolimia Pty Ltd,30/06/2027,Active,Standard licence condition
vpa_public_register,2026-07-29T13:34:38.613Z,https://pharmacy.vic.gov.au/register-search/,Chemist Warehouse Bulleen Plaza,"Shop 2A, 2E & 2F, Bulleen Plaza, 79 - 109 Manningham Road",Bulleen,VIC,3105,"Shop 2A, 2E & 2F, Bulleen Plaza, 79 - 109 Manningham Road, Bulleen VIC 3105",30/06/2027,Active,Standard registration conditions,LP Guo Pty Ltd,30/06/2027,Active,Standard licence condition
vpa_public_register,2026-07-29T13:34:38.613Z,https://pharmacy.vic.gov.au/register-search/,Chemist Warehouse Bulleen Plaza,"Shop 2A, 2E & 2F, Bulleen Plaza, 79 - 109 Manningham Road",Bulleen,VIC,3105,"Shop 2A, 2E & 2F, Bulleen Plaza, 79 - 109 Manningham Road, Bulleen VIC 3105",30/06/2027,Active,Standard registration conditions,Tony Ung,30/06/2027,Active,Standard licence condition
vpa_public_register,2026-07-29T13:34:38.613Z,https://pharmacy.vic.gov.au/register-search/,Newport Discount Pharmacy,31 Mason Street,Newport,VIC,3105,"31 Mason Street, Newport VIC 3105",30/06/2027,Active,Standard registration conditions,Irene Vergos,30/06/2027,Active,Standard licence condition
vpa_public_register,2026-07-29T13:34:38.613Z,https://pharmacy.vic.gov.au/register-search/,Newport Discount Pharmacy,31 Mason Street,Newport,VIC,3105,"31 Mason Street, Newport VIC 3105",30/06/2027,Active,Standard registration conditions,Rebecca Kordos,30/06/2027,Active,Standard licence condition
vpa_public_register,2026-07-29T13:34:38.613Z,https://pharmacy.vic.gov.au/register-search/,Shane Johnson Pharmacy,123A Thompsons Road,Bulleen,VIC,3105,"123A Thompsons Road, Bulleen VIC 3105",30/06/2027,Active,Standard registration conditions,Shane Johnson,30/06/2027,Active,Standard licence condition
vpa_public_register,2026-07-29T13:34:38.613Z,https://pharmacy.vic.gov.au/register-search/,Chemist Warehouse Templestowe,21A - 23 Anderson Street,Templestowe,VIC,3106,"21A - 23 Anderson Street, Templestowe VIC 3106",30/06/2027,Active,Standard registration conditions,Anna Nipperess,30/06/2027,Active,Standard licence condition
vpa_public_register,2026-07-29T13:34:38.613Z,https://pharmacy.vic.gov.au/register-search/,Chemist Warehouse Templestowe,21A - 23 Anderson Street,Templestowe,VIC,3106,"21A - 23 Anderson Street, Templestowe VIC 3106",30/06/2027,Active,Standard registration conditions,LWC Pharmacy Pty Ltd,30/06/2027,Active,Standard licence condition
vpa_public_register,2026-07-29T13:34:38.613Z,https://pharmacy.vic.gov.au/register-search/,Chemist Warehouse Templestowe,21A - 23 Anderson Street,Templestowe,VIC,3106,"21A - 23 Anderson Street, Templestowe VIC 3106",30/06/2027,Active,Standard registration conditions,Templestowe Pharmacy Pty Ltd,30/06/2027,Active,Standard licence condition
vpa_public_register,2026-07-29T13:34:38.613Z,https://pharmacy.vic.gov.au/register-search/,M A JOHNSON PHARMACY,1 Macedon Road,Lower Templestowe,VIC,3107,"1 Macedon Road, Lower Templestowe VIC 3107",30/06/2027,Active,Standard registration conditions,Daniel Chen,30/06/2027,Active,Standard licence condition
vpa_public_register,2026-07-29T13:34:38.613Z,https://pharmacy.vic.gov.au/register-search/,M A JOHNSON PHARMACY,1 Macedon Road,Lower Templestowe,VIC,3107,"1 Macedon Road, Lower Templestowe VIC 3107",30/06/2027,Active,Standard registration conditions,Dolores Burke,30/06/2027,Active,Standard licence condition
vpa_public_register,2026-07-29T13:34:38.613Z,https://pharmacy.vic.gov.au/register-search/,M A JOHNSON PHARMACY,1 Macedon Road,Lower Templestowe,VIC,3107,"1 Macedon Road, Lower Templestowe VIC 3107",30/06/2027,Active,Standard registration conditions,Edward Johnson,30/06/2027,Active,Standard licence condition
vpa_public_register,2026-07-29T13:34:38.613Z,https://pharmacy.vic.gov.au/register-search/,M A JOHNSON PHARMACY,1 Macedon Road,Lower Templestowe,VIC,3107,"1 Macedon Road, Lower Templestowe VIC 3107",30/06/2027,Active,Standard registration conditions,Foo-Yoon Fong,30/06/2027,Active,Standard licence condition
vpa_public_register,2026-07-29T13:34:38.613Z,https://pharmacy.vic.gov.au/register-search/,M A JOHNSON PHARMACY,1 Macedon Road,Lower Templestowe,VIC,3107,"1 Macedon Road, Lower Templestowe VIC 3107",30/06/2027,Active,Standard registration conditions,Margaret Johnson,30/06/2027,Active,Standard licence condition
vpa_public_register,2026-07-29T13:34:38.613Z,https://pharmacy.vic.gov.au/register-search/,MACEDON PLAZA PHARMACY,"13 & 14 Macedon Plaza S/C, 325 Manningham Road",Lower Templestowe,VIC,3107,"13 & 14 Macedon Plaza S/C, 325 Manningham Road, Lower Templestowe VIC 3107",30/06/2027,Active,Standard registration conditions,Daniel Chen,30/06/2027,Active,Standard licence condition
vpa_public_register,2026-07-29T13:34:38.613Z,https://pharmacy.vic.gov.au/register-search/,MACEDON PLAZA PHARMACY,"13 & 14 Macedon Plaza S/C, 325 Manningham Road",Lower Templestowe,VIC,3107,"13 & 14 Macedon Plaza S/C, 325 Manningham Road, Lower Templestowe VIC 3107",30/06/2027,Active,Standard registration conditions,Dolores Burke,30/06/2027,Active,Standard licence condition
vpa_public_register,2026-07-29T13:34:38.613Z,https://pharmacy.vic.gov.au/register-search/,MACEDON PLAZA PHARMACY,"13 & 14 Macedon Plaza S/C, 325 Manningham Road",Lower Templestowe,VIC,3107,"13 & 14 Macedon Plaza S/C, 325 Manningham Road, Lower Templestowe VIC 3107",30/06/2027,Active,Standard registration conditions,Edward Johnson,30/06/2027,Active,Standard licence condition
vpa_public_register,2026-07-29T13:34:38.613Z,https://pharmacy.vic.gov.au/register-search/,MACEDON PLAZA PHARMACY,"13 & 14 Macedon Plaza S/C, 325 Manningham Road",Lower Templestowe,VIC,3107,"13 & 14 Macedon Plaza S/C, 325 Manningham Road, Lower Templestowe VIC 3107",30/06/2027,Active,Standard registration conditions,Foo-Yoon Fong,30/06/2027,Active,Standard licence condition
vpa_public_register,2026-07-29T13:34:38.613Z,https://pharmacy.vic.gov.au/register-search/,MACEDON PLAZA PHARMACY,"13 & 14 Macedon Plaza S/C, 325 Manningham Road",Lower Templestowe,VIC,3107,"13 & 14 Macedon Plaza S/C, 325 Manningham Road, Lower Templestowe VIC 3107",30/06/2027,Active,Standard registration conditions,Margaret Johnson,30/06/2027,Active,Standard licence condition
vpa_public_register,2026-07-29T13:34:38.613Z,https://pharmacy.vic.gov.au/register-search/,MANNINGHAM PHARMACY,200 High Street,Lower Templestowe,VIC,3107,"200 High Street, Lower Templestowe VIC 3107",30/06/2027,Active,Standard registration conditions,Daniel Chen,30/06/2027,Active,Standard licence condition
vpa_public_register,2026-07-29T13:34:38.613Z,https://pharmacy.vic.gov.au/register-search/,MANNINGHAM PHARMACY,200 High Street,Lower Templestowe,VIC,3107,"200 High Street, Lower Templestowe VIC 3107",30/06/2027,Active,Standard registration conditions,Dolores Burke,30/06/2027,Active,Standard licence condition
vpa_public_register,2026-07-29T13:34:38.613Z,https://pharmacy.vic.gov.au/register-search/,MANNINGHAM PHARMACY,200 High Street,Lower Templestowe,VIC,3107,"200 High Street, Lower Templestowe VIC 3107",30/06/2027,Active,Standard registration conditions,Edward Johnson,30/06/2027,Active,Standard licence condition
vpa_public_register,2026-07-29T13:34:38.613Z,https://pharmacy.vic.gov.au/register-search/,MANNINGHAM PHARMACY,200 High Street,Lower Templestowe,VIC,3107,"200 High Street, Lower Templestowe VIC 3107",30/06/2027,Active,Standard registration conditions,Foo-Yoon Fong,30/06/2027,Active,Standard licence condition
vpa_public_register,2026-07-29T13:34:38.613Z,https://pharmacy.vic.gov.au/register-search/,MANNINGHAM PHARMACY,200 High Street,Lower Templestowe,VIC,3107,"200 High Street, Lower Templestowe VIC 3107",30/06/2027,Active,Standard registration conditions,Margaret Johnson,30/06/2027,Active,Standard licence condition
vpa_public_register,2026-07-29T13:34:38.613Z,https://pharmacy.vic.gov.au/register-search/,Amcal Doncaster,"Shop 1124, Westfield Doncaster Shopping Town",Doncaster,VIC,3108,"Shop 1124, Westfield Doncaster Shopping Town, Doncaster VIC 3108",30/06/2027,Active,Standard registration conditions,EAST YARRA FRIENDLY SOCIETY PTY LTD,30/06/2027,Active,Standard licence condition
vpa_public_register,2026-07-29T13:34:38.613Z,https://pharmacy.vic.gov.au/register-search/,Amcal Dontown,"Shop GO38/9, Westfield Doncaster Shopping Town",DONCASTER,VIC,3108,"Shop GO38/9, Westfield Doncaster Shopping Town, DONCASTER VIC 3108",30/06/2027,Active,Standard registration conditions,EAST YARRA FRIENDLY SOCIETY PTY LTD,30/06/2027,Active,Standard licence condition
vpa_public_register,2026-07-29T13:34:38.613Z,https://pharmacy.vic.gov.au/register-search/,CHEMIST WAREHOUSE - DONCASTER,"Unit 2, 710 & 712 - 714 Doncaster Road",DONCASTER,VIC,3108,"Unit 2, 710 & 712 - 714 Doncaster Road, DONCASTER VIC 3108",30/06/2027,Active,Standard registration conditions,EAST YARRA FRIENDLY SOCIETY PTY LTD,30/06/2027,Active,Standard licence condition
vpa_public_register,2026-07-29T13:34:38.613Z,https://pharmacy.vic.gov.au/register-search/,Amcal Tunstall Square Pharmacy,10 Tunstall Square,Doncaster East,VIC,3109,"10 Tunstall Square, Doncaster East VIC 3109",30/06/2027,Active,Standard registration conditions,David Lam,30/06/2027,Active,Standard licence condition
vpa_public_register,2026-07-29T13:34:38.613Z,https://pharmacy.vic.gov.au/register-search/,Amcal Tunstall Square Pharmacy,10 Tunstall Square,Doncaster East,VIC,3109,"10 Tunstall Square, Doncaster East VIC 3109",30/06/2027,Active,Standard registration conditions,Sam Koroneos,30/06/2027,Active,Standard licence condition
vpa_public_register,2026-07-29T13:34:38.613Z,https://pharmacy.vic.gov.au/register-search/,Chemist Warehouse Tunstall Square,"67A,B & C & 68,69,70 & 71 Tunstall Square",Doncaster East,VIC,3109,"67A,B & C & 68,69,70 & 71 Tunstall Square, Doncaster East VIC 3109",30/06/2027,Active,Standard registration conditions,Craig Gordon,30/06/2027,Active,Standard licence condition
vpa_public_register,2026-07-29T13:34:38.613Z,https://pharmacy.vic.gov.au/register-search/,DONCASTER PHARMACY,"Shop 6-7 Devon Plaza, 958-978 Doncaster Road",Doncaster East,VIC,3109,"Shop 6-7 Devon Plaza, 958-978 Doncaster Road, Doncaster East VIC 3109",30/06/2027,Active,Standard registration conditions,Doncaster Pharmacy Pty Ltd,30/06/2027,Active,Standard licence condition
vpa_public_register,2026-07-29T13:34:38.613Z,https://pharmacy.vic.gov.au/register-search/,JACKSON COURT PHARMACY,64 Jackson Court,Doncaster East,VIC,3109,"64 Jackson Court, Doncaster East VIC 3109",30/06/2027,Active,Standard registration conditions,Anthony Ho,30/06/2027,Active,Standard licence condition
vpa_public_register,2026-07-29T13:34:38.613Z,https://pharmacy.vic.gov.au/register-search/,JACKSON COURT PHARMACY,64 Jackson Court,Doncaster East,VIC,3109,"64 Jackson Court, Doncaster East VIC 3109",30/06/2027,Active,Standard registration conditions,Samson Chan,30/06/2027,Active,Standard licence condition
vpa_public_register,2026-07-29T13:34:38.613Z,https://pharmacy.vic.gov.au/register-search/,JACKSON COURT PHARMACY,64 Jackson Court,Doncaster East,VIC,3109,"64 Jackson Court, Doncaster East VIC 3109",30/06/2027,Active,Standard registration conditions,Tok Hung,30/06/2027,Active,Standard licence condition
vpa_public_register,2026-07-29T13:34:38.613Z,https://pharmacy.vic.gov.au/register-search/,Priceline Pharmacy The Pines,"Shop 24 'The Pines' S/C, 181 Reynolds Road",Doncaster East,VIC,3109,"Shop 24 'The Pines' S/C, 181 Reynolds Road, Doncaster East VIC 3109",30/06/2027,Active,Standard registration conditions,Lydia Issac,30/06/2027,Active,Standard licence condition
vpa_public_register,2026-07-29T13:34:38.613Z,https://pharmacy.vic.gov.au/register-search/,Ramsay Pharmacy Tunstall Square,53 Tunstall Square,DONCASTER EAST,VIC,3109,"53 Tunstall Square, DONCASTER EAST VIC 3109",30/06/2027,Active,Standard registration conditions,Pharmire Pty Ltd,30/06/2027,Active,Standard licence condition
vpa_public_register,2026-07-29T13:34:38.613Z,https://pharmacy.vic.gov.au/register-search/,TerryWhite Chemmart Doncaster East,274-276 Blackburn Road,Doncaster East,VIC,3109,"274-276 Blackburn Road, Doncaster East VIC 3109",30/06/2027,Active,Standard registration conditions,Kishor Khatri,30/06/2027,Active,Standard licence condition
vpa_public_register,2026-07-29T13:34:38.613Z,https://pharmacy.vic.gov.au/register-search/,TerryWhite Chemmart Doncaster East,274-276 Blackburn Road,Doncaster East,VIC,3109,"274-276 Blackburn Road, Doncaster East VIC 3109",30/06/2027,Active,Standard registration conditions,Sreedar Sreenivasan,30/06/2027,Active,Standard licence condition
vpa_public_register,2026-07-29T13:34:38.613Z,https://pharmacy.vic.gov.au/register-search/,TerryWhite Chemmart Doncaster East,274-276 Blackburn Road,Doncaster East,VIC,3109,"274-276 Blackburn Road, Doncaster East VIC 3109",30/06/2027,Active,Standard registration conditions,Yateen Khatri,30/06/2027,Active,Standard licence condition
vpa_public_register,2026-07-29T13:34:38.613Z,https://pharmacy.vic.gov.au/register-search/,Tom Lane Pharmacy The Pines,"Shop 85 & 86, The Pines Shopping Centre, 181 Reynolds Road",Doncaster East,VIC,3109,"Shop 85 & 86, The Pines Shopping Centre, 181 Reynolds Road, Doncaster East VIC 3109",30/06/2027,Active,Standard registration conditions,George Pajic,30/06/2027,Active,Standard licence condition
vpa_public_register,2026-07-29T13:34:38.613Z,https://pharmacy.vic.gov.au/register-search/,Tom Lane Pharmacy The Pines,"Shop 85 & 86, The Pines Shopping Centre, 181 Reynolds Road",Doncaster East,VIC,3109,"Shop 85 & 86, The Pines Shopping Centre, 181 Reynolds Road, Doncaster East VIC 3109",30/06/2027,Active,Standard registration conditions,Ting Zhang Shi,30/06/2027,Active,Standard licence condition
vpa_public_register,2026-07-29T13:34:38.613Z,https://pharmacy.vic.gov.au/register-search/,Tom Lane Pharmacy The Pines,"Shop 85 & 86, The Pines Shopping Centre, 181 Reynolds Road",Doncaster East,VIC,3109,"Shop 85 & 86, The Pines Shopping Centre, 181 Reynolds Road, Doncaster East VIC 3109",30/06/2027,Active,Standard registration conditions,Vassilios Spiliopoulos,30/06/2027,Active,Standard licence condition
vpa_public_register,2026-07-29T13:34:38.613Z,https://pharmacy.vic.gov.au/register-search/,Tom Lane Pharmacy The Pines,"Shop 85 & 86, The Pines Shopping Centre, 181 Reynolds Road",Doncaster East,VIC,3109,"Shop 85 & 86, The Pines Shopping Centre, 181 Reynolds Road, Doncaster East VIC 3109",30/06/2027,Active,Standard registration conditions,Widjojo Khoo,30/06/2027,Active,Standard licence condition
vpa_public_register,2026-07-29T13:34:38.613Z,https://pharmacy.vic.gov.au/register-search/,Neighbourhood Pharmacy Warrandyte,"Unit 5 and Part of Goldfields Plaza, Unit 6-7",Warrandyte,VIC,3113,"Unit 5 and Part of Goldfields Plaza, Unit 6-7, Warrandyte VIC 3113",30/06/2027,Active,Standard registration conditions,Warrandyte Healthcare Pty Ltd,30/06/2027,Active,Standard licence condition
vpa_public_register,2026-07-29T13:34:38.613Z,https://pharmacy.vic.gov.au/register-search/,Park Orchards Pharmacy,596 Park Road,PARK ORCHARDS,VIC,3114,"596 Park Road, PARK ORCHARDS VIC 3114",30/06/2027,Active,Standard registration conditions,Austpharma Pty Ltd,30/06/2027,Active,Standard licence condition
vpa_public_register,2026-07-29T13:34:38.613Z,https://pharmacy.vic.gov.au/register-search/,Chemist Warehouse Chirnside Park,"Shop L01 720, Chirnside Park Shopping Centre, 239 - 241 Maroondah Highway",Chirnside Park,VIC,3116,"Shop L01 720, Chirnside Park Shopping Centre, 239 - 241 Maroondah Highway, Chirnside Park VIC 3116",30/06/2027,Active,Standard registration conditions,Esther Finocchiaro,30/06/2027,Active,Standard licence condition
vpa_public_register,2026-07-29T13:34:38.613Z,https://pharmacy.vic.gov.au/register-search/,Chemist Warehouse Chirnside Park,"Shop L01 720, Chirnside Park Shopping Centre, 239 - 241 Maroondah Highway",Chirnside Park,VIC,3116,"Shop L01 720, Chirnside Park Shopping Centre, 239 - 241 Maroondah Highway, Chirnside Park VIC 3116",30/06/2027,Active,Standard registration conditions,Marcello Verrocchi,30/06/2027,Active,Standard licence condition
vpa_public_register,2026-07-29T13:34:38.613Z,https://pharmacy.vic.gov.au/register-search/,Chemist Warehouse Chirnside Park,"Shop L01 720, Chirnside Park Shopping Centre, 239 - 241 Maroondah Highway",Chirnside Park,VIC,3116,"Shop L01 720, Chirnside Park Shopping Centre, 239 - 241 Maroondah Highway, Chirnside Park VIC 3116",30/06/2027,Active,Standard registration conditions,T.S Local Pty Ltd,30/06/2027,Active,Standard licence condition
vpa_public_register,2026-07-29T13:34:38.613Z,https://pharmacy.vic.gov.au/register-search/,Terry White Chemmart Chirnside,"Shops 628/634/635A, Chirnside Park S/C, Maroondah Highway",Chirnside Park,VIC,3116,"Shops 628/634/635A, Chirnside Park S/C, Maroondah Highway, Chirnside Park VIC 3116",30/06/2027,Active,Standard registration conditions,Kim Thanh Au,30/06/2027,Active,Standard licence condition
vpa_public_register,2026-07-29T13:34:38.613Z,https://pharmacy.vic.gov.au/register-search/,Terry White Chemmart Chirnside,"Shops 628/634/635A, Chirnside Park S/C, Maroondah Highway",Chirnside Park,VIC,3116,"Shops 628/634/635A, Chirnside Park S/C, Maroondah Highway, Chirnside Park VIC 3116",30/06/2027,Active,Standard registration conditions,Uccellini Investments Pty Ltd,30/06/2027,Active,Standard licence condition
vpa_public_register,2026-07-29T13:34:38.613Z,https://pharmacy.vic.gov.au/register-search/,Amcal   Burnley Pharmacy,394 Burnley Street,Burnley,VIC,3121,"394 Burnley Street, Burnley VIC 3121",30/06/2027,Active,Standard registration conditions,Burnley Street Chemist Pty Ltd,30/06/2027,Active,Standard licence condition
vpa_public_register,2026-07-29T13:34:38.613Z,https://pharmacy.vic.gov.au/register-search/,Blistr,442 Bridge Road,Richmond,VIC,3121,"442 Bridge Road, Richmond VIC 3121",30/06/2026,Active,Standard registration conditions,Blistr Pty Ltd,30/06/2026,Active,Standard licence condition
vpa_public_register,2026-07-29T13:34:38.613Z,https://pharmacy.vic.gov.au/register-search/,Bridge Road Pharmacy,"Shop 1,, 246 Bridge Road",Richmond,VIC,3121,"Shop 1,, 246 Bridge Road, Richmond VIC 3121",30/06/2027,Active,Standard registration conditions,George Tambassis,30/06/2027,Active,Standard licence condition
vpa_public_register,2026-07-29T13:34:38.613Z,https://pharmacy.vic.gov.au/register-search/,Budding Wellness Richmond Pharmacy & Dispensary,242 - 244 Swan Street,Richmond,VIC,3121,"242 - 244 Swan Street, Richmond VIC 3121",30/06/2027,Active,Standard registration conditions,AGKA Sunshine Pty Ltd,30/06/2027,Active,Standard licence condition
vpa_public_register,2026-07-29T13:34:38.613Z,https://pharmacy.vic.gov.au/register-search/,Chemist Warehouse Richmond,335-341 Bridge Road,RICHMOND,VIC,3121,"335-341 Bridge Road, RICHMOND VIC 3121",30/06/2027,Active,Standard registration conditions,Sam Gries,30/06/2027,Active,Standard licence condition
vpa_public_register,2026-07-29T13:34:38.613Z,https://pharmacy.vic.gov.au/register-search/,Chemist Warehouse Swan Street Richmond,210 Swan Street,Richmond,VIC,3121,"210 Swan Street, Richmond VIC 3121",30/06/2027,Active,Standard registration conditions,Sam Gries,30/06/2027,Active,Standard licence condition
vpa_public_register,2026-07-29T13:34:38.613Z,https://pharmacy.vic.gov.au/register-search/,Chemist Warehouse Victoria Gardens S/C,"SP041 Victoria Gardens S/C, 620 Victoria Street",RICHMOND,VIC,3121,"SP041 Victoria Gardens S/C, 620 Victoria Street, RICHMOND VIC 3121",30/06/2027,Active,Standard registration conditions,Nancy Jian,30/06/2027,Active,Standard licence condition
vpa_public_register,2026-07-29T13:34:38.613Z,https://pharmacy.vic.gov.au/register-search/,Chemist Warehouse Victoria Gardens S/C,"SP041 Victoria Gardens S/C, 620 Victoria Street",RICHMOND,VIC,3121,"SP041 Victoria Gardens S/C, 620 Victoria Street, RICHMOND VIC 3121",30/06/2027,Active,Standard registration conditions,WSJC Pty Ltd,30/06/2027,Active,Standard licence condition
vpa_public_register,2026-07-29T13:34:38.613Z,https://pharmacy.vic.gov.au/register-search/,HPS Pharmacies - Richmond,"The Melbourne Clinic, 130 Church Street",RICHMOND,VIC,3121,"The Melbourne Clinic, 130 Church Street, RICHMOND VIC 3121",30/06/2027,Active,Standard registration conditions,HSP VIC No. 6 Pty Ltd,30/06/2027,Active,Standard licence condition
vpa_public_register,2026-07-29T13:34:38.613Z,https://pharmacy.vic.gov.au/register-search/,Priceline Pharmacy Richmond Traders,"Tenancy T1 & T2 Richmond Quarter, 261 - 271 Bridge Road",RICHMOND,VIC,3121,"Tenancy T1 & T2 Richmond Quarter, 261 - 271 Bridge Road, RICHMOND VIC 3121",30/06/2027,Active,Standard registration conditions,George Tambassis,30/06/2027,Active,Standard licence condition
vpa_public_register,2026-07-29T13:34:38.613Z,https://pharmacy.vic.gov.au/register-search/,RICHMOND PHARMACY,246C Victoria Street,Richmond,VIC,3121,"246C Victoria Street, Richmond VIC 3121",30/06/2027,Active,Standard registration conditions,THAO NGUYEN PHARMACY RICHMOND PTY LTD,30/06/2027,Active,Standard licence condition
vpa_public_register,2026-07-29T13:34:38.613Z,https://pharmacy.vic.gov.au/register-search/,SLADE PHARMACY,89 Bridge Road,Richmond,VIC,3121,"89 Bridge Road, Richmond VIC 3121",30/06/2027,Active,Standard registration conditions | Specific registration condition,David Slade,30/06/2027,Active,Standard licence condition
vpa_public_register,2026-07-29T13:34:38.613Z,https://pharmacy.vic.gov.au/register-search/,Syntro Pharmacy,453 Swan Street,RICHMOND,VIC,3121,"453 Swan Street, RICHMOND VIC 3121",30/06/2027,Active,Standard registration conditions,CT Pharma Pty Ltd,30/06/2027,Active,Standard licence condition
vpa_public_register,2026-07-29T13:34:38.613Z,https://pharmacy.vic.gov.au/register-search/,Thao Nguyen Pharmacy,136 - 138 Victoria Street,Richmond,VIC,3121,"136 - 138 Victoria Street, Richmond VIC 3121",30/06/2027,Active,Standard registration conditions,THAO NGUYEN PHARMACY RICHMOND PTY LTD,30/06/2027,Active,Standard licence condition
vpa_public_register,2026-07-29T13:34:38.613Z,https://pharmacy.vic.gov.au/register-search/,The Pharmacy Common Richmond,"Ground Floor, 521 Bridge Road",RICHMOND,VIC,3121,"Ground Floor, 521 Bridge Road, RICHMOND VIC 3121",30/06/2027,Active,Standard registration conditions,MM Pharmacy Pty Ltd,30/06/2027,Active,Standard licence condition
vpa_public_register,2026-07-29T13:34:38.613Z,https://pharmacy.vic.gov.au/register-search/,Advantage Pharmacy Hawthorn,52 Church Street,HAWTHORN,VIC,3122,"52 Church Street, HAWTHORN VIC 3122",30/06/2027,Active,Standard registration conditions,Xinya Ma,30/06/2027,Active,Standard licence condition
vpa_public_register,2026-07-29T13:34:38.613Z,https://pharmacy.vic.gov.au/register-search/,Arden Health,6 Luton Lane,Hawthorn,VIC,3122,"6 Luton Lane, Hawthorn VIC 3122",30/06/2027,Active,Standard registration conditions,Arden Health Pty Ltd,30/06/2027,Active,Standard licence condition
vpa_public_register,2026-07-29T13:34:38.613Z,https://pharmacy.vic.gov.au/register-search/,Chemist Warehouse Glenferrie Road Hawthorn,744 - 746 Glenferrie Road,Hawthorn,VIC,3122,"744 - 746 Glenferrie Road, Hawthorn VIC 3122",30/06/2027,Active,Standard registration conditions,Bruno Crisafi,30/06/2027,Active,Standard licence condition
vpa_public_register,2026-07-29T13:34:38.613Z,https://pharmacy.vic.gov.au/register-search/,Chemist Warehouse Hawthorn,"Units 3 & 17, 674 - 680 Glenferrie Road",Hawthorn,VIC,3122,"Units 3 & 17, 674 - 680 Glenferrie Road, Hawthorn VIC 3122",30/06/2027,Active,Standard registration conditions,Adrian Sebastiano,30/06/2027,Active,Standard licence condition
vpa_public_register,2026-07-29T13:34:38.613Z,https://pharmacy.vic.gov.au/register-search/,Chemist Warehouse Hawthorn,"Units 3 & 17, 674 - 680 Glenferrie Road",Hawthorn,VIC,3122,"Units 3 & 17, 674 - 680 Glenferrie Road, Hawthorn VIC 3122",30/06/2027,Active,Standard registration conditions,EAST YARRA FRIENDLY SOCIETY PTY LTD,30/06/2027,Active,Standard licence condition
vpa_public_register,2026-07-29T13:34:38.613Z,https://pharmacy.vic.gov.au/register-search/,Hawthorn East Pharmacy,273 - 275 Auburn Road,Hawthorn,VIC,3122,"273 - 275 Auburn Road, Hawthorn VIC 3122",30/06/2027,Active,Standard registration conditions,Sun Woo Lee,30/06/2027,Active,Standard licence condition
vpa_public_register,2026-07-29T13:34:38.613Z,https://pharmacy.vic.gov.au/register-search/,POWER PHARMACY,116 Power Street,Hawthorn,VIC,3122,"116 Power Street, Hawthorn VIC 3122",30/06/2027,Active,Standard registration conditions,Mark Deacon,30/06/2027,Active,Standard licence condition
vpa_public_register,2026-07-29T13:34:38.613Z,https://pharmacy.vic.gov.au/register-search/,Stotts Pharmacy 777 Hawthorn,532 Glenferrie Road,Hawthorn,VIC,3122,"532 Glenferrie Road, Hawthorn VIC 3122",30/06/2027,Active,Standard registration conditions,Afsar Abbas Group VIC Pty Ltd,30/06/2027,Active,Standard licence condition
vpa_public_register,2026-07-29T13:34:38.613Z,https://pharmacy.vic.gov.au/register-search/,Stotts Pharmacy 777 Hawthorn,532 Glenferrie Road,Hawthorn,VIC,3122,"532 Glenferrie Road, Hawthorn VIC 3122",30/06/2027,Active,Standard registration conditions,Brotherson Group VIC Pty Ltd,30/06/2027,Active,Standard licence condition
vpa_public_register,2026-07-29T13:34:38.613Z,https://pharmacy.vic.gov.au/register-search/,Stotts Pharmacy 777 Hawthorn,532 Glenferrie Road,Hawthorn,VIC,3122,"532 Glenferrie Road, Hawthorn VIC 3122",30/06/2027,Active,Standard registration conditions,Speak Group VIC Pty Ltd,30/06/2027,Active,Standard licence condition
vpa_public_register,2026-07-29T13:34:38.613Z,https://pharmacy.vic.gov.au/register-search/,TerryWhite Chemmart Hawthorn,736-738 Glenferrie Road,Hawthorn,VIC,3122,"736-738 Glenferrie Road, Hawthorn VIC 3122",30/06/2027,Active,Standard registration conditions,HAWTHORN CHEMMART PHARMACY PTY LTD,30/06/2027,Active,Standard licence condition
vpa_public_register,2026-07-29T13:34:38.613Z,https://pharmacy.vic.gov.au/register-search/,Carewell Pharmacy Camberwell Road,"Part Premises, Sub Tenancy 2, Ground Floor, 124 Camberwell Road",HAWTHORN EAST,VIC,3123,"Part Premises, Sub Tenancy 2, Ground Floor, 124 Camberwell Road, HAWTHORN EAST VIC 3123",30/06/2027,Active,Standard registration conditions,Carewell Pharmacy Camberwell Road Pty Ltd,30/06/2027,Active,Standard licence condition
vpa_public_register,2026-07-29T13:34:38.613Z,https://pharmacy.vic.gov.au/register-search/,Chemist Warehouse Hawthorn East - Home Co,"Tenancy T5 & Tenancy T5B, 740 - 742 Toorak Road",HAWTHORN EAST,VIC,3123,"Tenancy T5 & Tenancy T5B, 740 - 742 Toorak Road, HAWTHORN EAST VIC 3123",30/06/2027,Active,Standard registration conditions,Khader Ibrahim,30/06/2027,Active,Standard licence condition
vpa_public_register,2026-07-29T13:34:38.613Z,https://pharmacy.vic.gov.au/register-search/,Chemist Warehouse Hawthorn East - Home Co,"Tenancy T5 & Tenancy T5B, 740 - 742 Toorak Road",HAWTHORN EAST,VIC,3123,"Tenancy T5 & Tenancy T5B, 740 - 742 Toorak Road, HAWTHORN EAST VIC 3123",30/06/2027,Active,Standard registration conditions,Mounir Ibrahim,30/06/2027,Active,Standard licence condition
vpa_public_register,2026-07-29T13:34:38.613Z,https://pharmacy.vic.gov.au/register-search/,Hive Compounding Pharmacy,60 Camberwell Road,Hawthorn East,VIC,3123,"60 Camberwell Road, Hawthorn East VIC 3123",30/06/2027,Active,Standard registration conditions,Hive Compounding Pty Ltd,30/06/2027,Active,Standard licence condition
vpa_public_register,2026-07-29T13:34:38.613Z,https://pharmacy.vic.gov.au/register-search/,AMCAL CAMBERWELL,"Shops 104 - 106, The Well @ Camberwell, 13 - 14 Burke Avenue",Camberwell,VIC,3124,"Shops 104 - 106, The Well @ Camberwell, 13 - 14 Burke Avenue, Camberwell VIC 3124",30/06/2027,Active,Standard registration conditions,George Keskerides,30/06/2027,Active,Standard licence condition
vpa_public_register,2026-07-29T13:34:38.613Z,https://pharmacy.vic.gov.au/register-search/,Blooms The Chemist Camberwell,"Shop 2, 660 Burke Road",Camberwell,VIC,3124,"Shop 2, 660 Burke Road, Camberwell VIC 3124",30/06/2027,Active,Standard registration conditions,Jotishna Chandra Pharmacy Operations Pty Ltd,30/06/2027,Active,Standard licence condition
vpa_public_register,2026-07-29T13:34:38.613Z,https://pharmacy.vic.gov.au/register-search/,Burke Road Compounding Pharmacy,1031 Burke Road,CAMBERWELL,VIC,3124,"1031 Burke Road, CAMBERWELL VIC 3124",30/06/2027,Active,Standard registration conditions,Hugh Nguyen,30/06/2027,Active,Standard licence condition
vpa_public_register,2026-07-29T13:34:38.613Z,https://pharmacy.vic.gov.au/register-search/,Chemist Warehouse Burwood VIC,1424 Toorak Road,CAMBERWELL,VIC,3124,"1424 Toorak Road, CAMBERWELL VIC 3124",30/06/2027,Active,Standard registration conditions,Ehab Mikhail,30/06/2027,Active,Standard licence condition
vpa_public_register,2026-07-29T13:34:38.613Z,https://pharmacy.vic.gov.au/register-search/,Chemist Warehouse Burwood VIC,1424 Toorak Road,CAMBERWELL,VIC,3124,"1424 Toorak Road, CAMBERWELL VIC 3124",30/06/2027,Active,Standard registration conditions,Vincent Crisafi,30/06/2027,Active,Standard licence condition
vpa_public_register,2026-07-29T13:34:38.613Z,https://pharmacy.vic.gov.au/register-search/,CHEMIST WAREHOUSE CAMBERWELL,551 Riversdale Road,Camberwell,VIC,3124,"551 Riversdale Road, Camberwell VIC 3124",30/06/2027,Active,Standard registration conditions,Adrian Sebastiano,30/06/2027,Active,Standard licence condition
vpa_public_register,2026-07-29T13:34:38.613Z,https://pharmacy.vic.gov.au/register-search/,CHEMIST WAREHOUSE CAMBERWELL,551 Riversdale Road,Camberwell,VIC,3124,"551 Riversdale Road, Camberwell VIC 3124",30/06/2027,Active,Standard registration conditions,Bruno Crisafi,30/06/2027,Active,Standard licence condition
vpa_public_register,2026-07-29T13:34:38.613Z,https://pharmacy.vic.gov.au/register-search/,CHEMIST WAREHOUSE CAMBERWELL,551 Riversdale Road,Camberwell,VIC,3124,"551 Riversdale Road, Camberwell VIC 3124",30/06/2027,Active,Standard registration conditions,Sam Gance,30/06/2027,Active,Standard licence condition
vpa_public_register,2026-07-29T13:34:38.613Z,https://pharmacy.vic.gov.au/register-search/,Priceline Pharmacy Camberwell,592 Burke Road,CAMBERWELL,VIC,3124,"592 Burke Road, CAMBERWELL VIC 3124",30/06/2027,Active,Standard registration conditions,Healthwell Solutions Pty Ltd,30/06/2027,Active,Standard licence condition
vpa_public_register,2026-07-29T13:34:38.613Z,https://pharmacy.vic.gov.au/register-search/,Shulman & Stephens Pharmacy,732 Riversdale Road,CAMBERWELL,VIC,3124,"732 Riversdale Road, CAMBERWELL VIC 3124",30/06/2027,Active,Standard registration conditions,Stephen Chan,30/06/2027,Active,Standard licence condition
vpa_public_register,2026-07-29T13:34:38.613Z,https://pharmacy.vic.gov.au/register-search/,Slade Pharmacy Camberwell,"Epworth Rehabilitation Camberwell, Lower Ground Floor",Camberwell,VIC,3124,"Epworth Rehabilitation Camberwell, Lower Ground Floor, Camberwell VIC 3124",30/06/2027,Active,Standard registration conditions,Slade Healthcare Pty Ltd,30/06/2027,Active,Standard licence condition
vpa_public_register,2026-07-29T13:34:38.613Z,https://pharmacy.vic.gov.au/register-search/,Central Care Pharmacy Burwood,"Part of Ground Floor, 138 - 140 Burwood Highway",BURWOOD,VIC,3125,"Part of Ground Floor, 138 - 140 Burwood Highway, BURWOOD VIC 3125",30/06/2027,Active,Standard registration conditions,Burwood Pharmacy Pty Ltd,30/06/2027,Active,Standard licence condition
vpa_public_register,2026-07-29T13:34:38.613Z,https://pharmacy.vic.gov.au/register-search/,Maling Road Pharmacy,1 / 121 Maling Road,CANTERBURY,VIC,3126,"1 / 121 Maling Road, CANTERBURY VIC 3126",30/06/2027,Active,Standard registration conditions,Alan Ku,30/06/2027,Active,Standard licence condition
vpa_public_register,2026-07-29T13:34:38.613Z,https://pharmacy.vic.gov.au/register-search/,Dartnells Pharmacy Surrey Hills,376 Canterbury Road,Surrey Hills,VIC,3127,"376 Canterbury Road, Surrey Hills VIC 3127",30/06/2027,Active,Standard registration conditions,Leslie Bassin,30/06/2027,Active,Standard licence condition
vpa_public_register,2026-07-29T13:34:38.613Z,https://pharmacy.vic.gov.au/register-search/,Dartnells Pharmacy Surrey Hills,376 Canterbury Road,Surrey Hills,VIC,3127,"376 Canterbury Road, Surrey Hills VIC 3127",30/06/2027,Active,Standard registration conditions,Stanley Sacks,30/06/2027,Active,Standard licence condition
vpa_public_register,2026-07-29T13:34:38.613Z,https://pharmacy.vic.gov.au/register-search/,MONT ALBERT PHARMACY,40 Hamilton Street,Mont Albert,VIC,3127,"40 Hamilton Street, Mont Albert VIC 3127",30/06/2027,Active,Standard registration conditions,David Ngo,30/06/2027,Active,Standard licence condition
vpa_public_register,2026-07-29T13:34:38.613Z,https://pharmacy.vic.gov.au/register-search/,MONT ALBERT PHARMACY,40 Hamilton Street,Mont Albert,VIC,3127,"40 Hamilton Street, Mont Albert VIC 3127",30/06/2027,Active,Standard registration conditions,Michael Pham,30/06/2027,Active,Standard licence condition
vpa_public_register,2026-07-29T13:34:38.613Z,https://pharmacy.vic.gov.au/register-search/,SURREY HILLS PHARMACY,152 Union Road,SURREY HILLS,VIC,3127,"152 Union Road, SURREY HILLS VIC 3127",30/06/2027,Active,Standard registration conditions,Hung Le,30/06/2027,Active,Standard licence condition
vpa_public_register,2026-07-29T13:34:38.613Z,https://pharmacy.vic.gov.au/register-search/,TerryWhite Chemmart Surrey Hills South,926 Riversdale Road,Surrey Hills,VIC,3127,"926 Riversdale Road, Surrey Hills VIC 3127",30/06/2027,Active,Standard registration conditions,Anna Theophilos,30/06/2027,Active,Standard licence condition
vpa_public_register,2026-07-29T13:34:38.613Z,https://pharmacy.vic.gov.au/register-search/,WATTLE PARK PHARMACY,1123 Riversdale Road,Surrey Hills,VIC,3127,"1123 Riversdale Road, Surrey Hills VIC 3127",30/06/2027,Active,Standard registration conditions | Specific registration condition,Andrew Robinson,30/06/2027,Active,Standard licence condition
vpa_public_register,2026-07-29T13:34:38.613Z,https://pharmacy.vic.gov.au/register-search/,WATTLE PARK PHARMACY,1123 Riversdale Road,Surrey Hills,VIC,3127,"1123 Riversdale Road, Surrey Hills VIC 3127",30/06/2027,Active,Standard registration conditions | Specific registration condition,Benjamin Bradmore,30/06/2027,Active,Standard licence condition
vpa_public_register,2026-07-29T13:34:38.613Z,https://pharmacy.vic.gov.au/register-search/,Whitehorse Road Pharmacy,585 Whitehorse Road,Surrey Hills,VIC,3127,"585 Whitehorse Road, Surrey Hills VIC 3127",30/06/2027,Active,Standard registration conditions,Whitehorse Road Pharmacy Pty Ltd,30/06/2027,Active,Standard licence condition
vpa_public_register,2026-07-29T13:34:38.613Z,https://pharmacy.vic.gov.au/register-search/,Better Value Pharmacy Box Hill,"Shop MM001, Box Hill Central (South Precinct), 1 Main Street",BOX HILL,VIC,3128,"Shop MM001, Box Hill Central (South Precinct), 1 Main Street, BOX HILL VIC 3128",30/06/2027,Active,Standard registration conditions,Allanah Lam Pty Ltd,30/06/2027,Active,Standard licence condition
vpa_public_register,2026-07-29T13:34:38.613Z,https://pharmacy.vic.gov.au/register-search/,Better Value Pharmacy Box Hill,"Shop MM001, Box Hill Central (South Precinct), 1 Main Street",BOX HILL,VIC,3128,"Shop MM001, Box Hill Central (South Precinct), 1 Main Street, BOX HILL VIC 3128",30/06/2027,Active,Standard registration conditions,Binh Thai,30/06/2027,Active,Standard licence condition
vpa_public_register,2026-07-29T13:34:38.613Z,https://pharmacy.vic.gov.au/register-search/,Better Value Pharmacy Box Hill,"Shop MM001, Box Hill Central (South Precinct), 1 Main Street",BOX HILL,VIC,3128,"Shop MM001, Box Hill Central (South Precinct), 1 Main Street, BOX HILL VIC 3128",30/06/2027,Active,Standard registration conditions,Trung Thai,30/06/2027,Active,Standard licence condition
vpa_public_register,2026-07-29T13:34:38.613Z,https://pharmacy.vic.gov.au/register-search/,BOX HILL HOSPITAL PHARMACY DEPARTMENT,"Ground Floor, Box Hill Hospital",Box Hill,VIC,3128,"Ground Floor, Box Hill Hospital, Box Hill VIC 3128",30/06/2027,Active,,EASTERN HEALTH,30/06/2027,Active,Standard licence condition
vpa_public_register,2026-07-29T13:34:38.613Z,https://pharmacy.vic.gov.au/register-search/,BOX HILL SOUTH PHARMACY,878 Canterbury Road,Box Hill South,VIC,3128,"878 Canterbury Road, Box Hill South VIC 3128",30/06/2027,Active,Standard registration conditions,Brighton Health Pharmacy Group Pty Ltd,30/06/2027,Active,Standard licence condition
vpa_public_register,2026-07-29T13:34:38.613Z,https://pharmacy.vic.gov.au/register-search/,Chemist Warehouse Box Hill - Sky Square,"Tenancy LG08, Part Lower Ground Floor, Sky Square",Box Hill,VIC,3128,"Tenancy LG08, Part Lower Ground Floor, Sky Square, Box Hill VIC 3128",30/06/2027,Active,Standard registration conditions,EAST YARRA FRIENDLY SOCIETY PTY LTD,30/06/2027,Active,Standard licence condition
vpa_public_register,2026-07-29T13:34:38.613Z,https://pharmacy.vic.gov.au/register-search/,Chemist Warehouse Box Hill - Sky Square,"Tenancy LG08, Part Lower Ground Floor, Sky Square",Box Hill,VIC,3128,"Tenancy LG08, Part Lower Ground Floor, Sky Square, Box Hill VIC 3128",30/06/2027,Active,Standard registration conditions,Mark Finocchiaro,30/06/2027,Active,Standard licence condition
vpa_public_register,2026-07-29T13:34:38.613Z,https://pharmacy.vic.gov.au/register-search/,Chemist Warehouse Box Hill - Whitehorse Road,"Ground Floor, 969 - 971 Whitehorse Road",Box Hill,VIC,3128,"Ground Floor, 969 - 971 Whitehorse Road, Box Hill VIC 3128",30/06/2027,Active,Standard registration conditions,Mark Finocchiaro,30/06/2027,Active,Standard licence condition
vpa_public_register,2026-07-29T13:34:38.613Z,https://pharmacy.vic.gov.au/register-search/,Chemist Warehouse Box Hill Central,"Shop SP115, Box Hill Central (South Precinct), Main Street",Box Hill,VIC,3128,"Shop SP115, Box Hill Central (South Precinct), Main Street, Box Hill VIC 3128",30/06/2027,Active,Standard registration conditions,Esther Finocchiaro,30/06/2027,Active,Standard licence condition
vpa_public_register,2026-07-29T13:34:38.613Z,https://pharmacy.vic.gov.au/register-search/,Chemist Warehouse Box Hill Central,"Shop SP115, Box Hill Central (South Precinct), Main Street",Box Hill,VIC,3128,"Shop SP115, Box Hill Central (South Precinct), Main Street, Box Hill VIC 3128",30/06/2027,Active,Standard registration conditions,GL Pharm Pty Ltd,30/06/2027,Active,Standard licence condition
vpa_public_register,2026-07-29T13:34:38.613Z,https://pharmacy.vic.gov.au/register-search/,Chemist Warehouse Box Hill Central,"Shop SP115, Box Hill Central (South Precinct), Main Street",Box Hill,VIC,3128,"Shop SP115, Box Hill Central (South Precinct), Main Street, Box Hill VIC 3128",30/06/2027,Active,Standard registration conditions,Marcello Verrocchi,30/06/2027,Active,Standard licence condition
vpa_public_register,2026-07-29T13:34:38.613Z,https://pharmacy.vic.gov.au/register-search/,Chemist Warehouse Box Hill Central,"Shop SP115, Box Hill Central (South Precinct), Main Street",Box Hill,VIC,3128,"Shop SP115, Box Hill Central (South Precinct), Main Street, Box Hill VIC 3128",30/06/2027,Active,Standard registration conditions,Wellone Pty Ltd,30/06/2027,Active,Standard licence condition
vpa_public_register,2026-07-29T13:34:38.613Z,https://pharmacy.vic.gov.au/register-search/,Chemist Warehouse Box Hill South Home Co Distribution Centre,"Tenancy 5, 249 Middleborough Road",BOX HILL SOUTH,VIC,3128,"Tenancy 5, 249 Middleborough Road, BOX HILL SOUTH VIC 3128",30/06/2027,Active,Standard registration conditions,Nancy Jian,30/06/2027,Active,Standard licence condition
vpa_public_register,2026-07-29T13:34:38.613Z,https://pharmacy.vic.gov.au/register-search/,Chemist Warehouse Box Hill South Home Co Distribution Centre,"Tenancy 5, 249 Middleborough Road",BOX HILL SOUTH,VIC,3128,"Tenancy 5, 249 Middleborough Road, BOX HILL SOUTH VIC 3128",30/06/2027,Active,Standard registration conditions,T C Koo Pty Ltd,30/06/2027,Active,Standard licence condition
vpa_public_register,2026-07-29T13:34:38.613Z,https://pharmacy.vic.gov.au/register-search/,Direct Chemist Outlet Kerrimuir,537 Middleborough Road,BOX HILL,VIC,3128,"537 Middleborough Road, BOX HILL VIC 3128",30/06/2027,Active,Standard registration conditions,Adam Nguyen,30/06/2027,Active,Standard licence condition
vpa_public_register,2026-07-29T13:34:38.613Z,https://pharmacy.vic.gov.au/register-search/,Direct Chemist Outlet Kerrimuir,537 Middleborough Road,BOX HILL,VIC,3128,"537 Middleborough Road, BOX HILL VIC 3128",30/06/2027,Active,Standard registration conditions,Wilson Tan,30/06/2027,Active,Standard licence condition
vpa_public_register,2026-07-29T13:34:38.613Z,https://pharmacy.vic.gov.au/register-search/,Healthsmart Pharmacy - Box Hill,"C1, 101 & C2, 102 Box Hill Hospital, 8 Arnold Street",BOX HILL,VIC,3128,"C1, 101 & C2, 102 Box Hill Hospital, 8 Arnold Street, BOX HILL VIC 3128",30/06/2027,Active,Standard registration conditions,Anthony Hrysoudis,30/06/2027,Active,Standard licence condition
vpa_public_register,2026-07-29T13:34:38.613Z,https://pharmacy.vic.gov.au/register-search/,Li's Pharmacy,37 Carrington Road,BOX HILL,VIC,3128,"37 Carrington Road, BOX HILL VIC 3128",30/06/2027,Active,Standard registration conditions,Andrew Li,30/06/2027,Active,Standard licence condition
vpa_public_register,2026-07-29T13:34:38.613Z,https://pharmacy.vic.gov.au/register-search/,Slade Pharmacy Box Hill,"Epworth Eastern Private Hospital, Ground Floor, 1 Arnold Street",Box Hill,VIC,3128,"Epworth Eastern Private Hospital, Ground Floor, 1 Arnold Street, Box Hill VIC 3128",30/06/2027,Active,Standard registration conditions,David Slade,30/06/2027,Active,Standard licence condition
vpa_public_register,2026-07-29T13:34:38.613Z,https://pharmacy.vic.gov.au/register-search/,TerryWhite Chemmart Woodhouse Grove,953 Station Street,Box Hill,VIC,3128,"953 Station Street, Box Hill VIC 3128",30/06/2027,Active,Standard registration conditions,David Vuong,30/06/2027,Active,Standard licence condition
vpa_public_register,2026-07-29T13:34:38.613Z,https://pharmacy.vic.gov.au/register-search/,Blackburn Central Pharmacy,Part of 4/195 Whitehorse Road,BLACKBURN,VIC,3130,"Part of 4/195 Whitehorse Road, BLACKBURN VIC 3130",30/06/2027,Active,Standard registration conditions,Paul Sapardanis,30/06/2027,Active,Standard licence condition
vpa_public_register,2026-07-29T13:34:38.613Z,https://pharmacy.vic.gov.au/register-search/,Blackburn Pharmacy,112-114 South Parade,Blackburn,VIC,3130,"112-114 South Parade, Blackburn VIC 3130",30/06/2027,Active,Standard registration conditions,Blackburn Community Pharmacy Pty Ltd,30/06/2027,Active,Standard licence condition
vpa_public_register,2026-07-29T13:34:38.613Z,https://pharmacy.vic.gov.au/register-search/,Blackburn Public Surgical Centre Pharmacy Department,198 Canterbury Road,Blackburn,VIC,3130,"198 Canterbury Road, Blackburn VIC 3130",30/06/2027,Active,,EASTERN HEALTH,30/06/2027,Active,Standard licence condition
vpa_public_register,2026-07-29T13:34:38.613Z,https://pharmacy.vic.gov.au/register-search/,Chemist Discount Centre Blackburn,107 - 109 Canterbury Road,Blackburn South,VIC,3130,"107 - 109 Canterbury Road, Blackburn South VIC 3130",30/06/2027,Active,Standard registration conditions,SJVP Pharmacy Pty Ltd,30/06/2027,Active,Standard licence condition
vpa_public_register,2026-07-29T13:34:38.613Z,https://pharmacy.vic.gov.au/register-search/,Locumcentral Compounding Pharmacy,7 Lawrence Street,Blackburn South,VIC,3130,"7 Lawrence Street, Blackburn South VIC 3130",30/06/2027,Active,Standard registration conditions,VNCompounding Pty Ltd,30/06/2027,Active,Standard licence condition
vpa_public_register,2026-07-29T13:34:38.613Z,https://pharmacy.vic.gov.au/register-search/,TerryWhite Chemmart Blackburn North,"Shop T5, North Blackburn Shopping Centre, 66 - 104 Springfield Road",BLACKBURN NORTH,VIC,3130,"Shop T5, North Blackburn Shopping Centre, 66 - 104 Springfield Road, BLACKBURN NORTH VIC 3130",30/06/2027,Active,Standard registration conditions,BLACKBURN NORTH PHARMACY PTY LTD,30/06/2027,Active,Standard licence condition
vpa_public_register,2026-07-29T13:34:38.613Z,https://pharmacy.vic.gov.au/register-search/,Atara Pharmacy,490 - 524 Springvale Road,Forest Hill,VIC,3131,"490 - 524 Springvale Road, Forest Hill VIC 3131",30/06/2027,Active,Standard registration conditions,manisha kaur,30/06/2027,Active,Standard licence condition
vpa_public_register,2026-07-29T13:34:38.613Z,https://pharmacy.vic.gov.au/register-search/,CHEMIST WAREHOUSE FOREST HILL,415 Springvale Road,FOREST HILL,VIC,3131,"415 Springvale Road, FOREST HILL VIC 3131",30/06/2027,Active,Standard registration conditions,Alison Tascone,30/06/2027,Active,Standard licence condition
vpa_public_register,2026-07-29T13:34:38.613Z,https://pharmacy.vic.gov.au/register-search/,CHEMIST WAREHOUSE FOREST HILL,415 Springvale Road,FOREST HILL,VIC,3131,"415 Springvale Road, FOREST HILL VIC 3131",30/06/2027,Active,Standard registration conditions,Mark Finocchiaro,30/06/2027,Active,Standard licence condition
vpa_public_register,2026-07-29T13:34:38.613Z,https://pharmacy.vic.gov.au/register-search/,Chemist Warehouse Forest Hill - Brentford Square,502 - 504 Canterbury Road,FOREST HILL,VIC,3131,"502 - 504 Canterbury Road, FOREST HILL VIC 3131",30/06/2027,Active,Standard registration conditions,HX Health Pty Ltd,30/06/2027,Active,Standard licence condition
vpa_public_register,2026-07-29T13:34:38.613Z,https://pharmacy.vic.gov.au/register-search/,DIRECT CHEMIST OUTLET BRENTFORD SQUARE,4 - 6 Brentford Square,Forest Hill,VIC,3131,"4 - 6 Brentford Square, Forest Hill VIC 3131",30/06/2027,Active,Standard registration conditions,Brentford Forest Hill Pty Ltd,30/06/2027,Active,Standard licence condition
vpa_public_register,2026-07-29T13:34:38.613Z,https://pharmacy.vic.gov.au/register-search/,Nunawading Amcal Pharmacy,128 Springvale Road,Nunawading,VIC,3131,"128 Springvale Road, Nunawading VIC 3131",30/06/2027,Active,Standard registration conditions,Rati Ram,30/06/2027,Active,Standard licence condition
vpa_public_register,2026-07-29T13:34:38.613Z,https://pharmacy.vic.gov.au/register-search/,Priceline Pharmacy Forest Hill,"Shop 132 - 135 Forest Hill Chase Shopping Centre, 270 Canterbury Road",Forest Hill,VIC,3131,"Shop 132 - 135 Forest Hill Chase Shopping Centre, 270 Canterbury Road, Forest Hill VIC 3131",30/06/2027,Active,Standard registration conditions,Chau-Ha Trinh,30/06/2027,Active,Standard licence condition
vpa_public_register,2026-07-29T13:34:38.613Z,https://pharmacy.vic.gov.au/register-search/,Priceline Pharmacy Forest Hill,"Shop 132 - 135 Forest Hill Chase Shopping Centre, 270 Canterbury Road",Forest Hill,VIC,3131,"Shop 132 - 135 Forest Hill Chase Shopping Centre, 270 Canterbury Road, Forest Hill VIC 3131",30/06/2027,Active,Standard registration conditions,Thuy Trinh,30/06/2027,Active,Standard licence condition
vpa_public_register,2026-07-29T13:34:38.613Z,https://pharmacy.vic.gov.au/register-search/,TerryWhite Chemmart Forest Hill,"Shop L02 MM02A, Forest Hill Chase Shopping Centre, 270 Canterbury Road",FOREST HILL,VIC,3131,"Shop L02 MM02A, Forest Hill Chase Shopping Centre, 270 Canterbury Road, FOREST HILL VIC 3131",30/06/2027,Active,Standard registration conditions,Forest Hill Chase Pharmacy Pty Ltd,30/06/2027,Active,Standard licence condition
vpa_public_register,2026-07-29T13:34:38.613Z,https://pharmacy.vic.gov.au/register-search/,MITCHAM ROAD PHARMACY,572 Mitcham Road,Mitcham,VIC,3132,"572 Mitcham Road, Mitcham VIC 3132",30/06/2027,Active,Standard registration conditions,George Liarakos,30/06/2027,Active,Standard licence condition
vpa_public_register,2026-07-29T13:34:38.613Z,https://pharmacy.vic.gov.au/register-search/,MITCHAM ROAD PHARMACY,572 Mitcham Road,Mitcham,VIC,3132,"572 Mitcham Road, Mitcham VIC 3132",30/06/2027,Active,Standard registration conditions,Tammy Spyropoulos,30/06/2027,Active,Standard licence condition
vpa_public_register,2026-07-29T13:34:38.613Z,https://pharmacy.vic.gov.au/register-search/,Quality Pharmacy 777 Mitcham,507 Whitehorse Road,Mitcham,VIC,3132,"507 Whitehorse Road, Mitcham VIC 3132",30/06/2027,Active,Standard registration conditions,Fahad Najjar,30/06/2027,Active,Standard licence condition
vpa_public_register,2026-07-29T13:34:38.613Z,https://pharmacy.vic.gov.au/register-search/,RANGEVIEW PHARMACY,570 Mitcham Road,Mitcham,VIC,3132,"570 Mitcham Road, Mitcham VIC 3132",30/06/2027,Active,Standard registration conditions,Kan Tsui,30/06/2027,Active,Standard licence condition
vpa_public_register,2026-07-29T13:34:38.613Z,https://pharmacy.vic.gov.au/register-search/,ATARA Compounding Pharmacy,"Suite 1.09, Level 1, Vermont South Medical Centre",VERMONT SOUTH,VIC,3133,"Suite 1.09, Level 1, Vermont South Medical Centre, VERMONT SOUTH VIC 3133",30/06/2027,Active,Standard registration conditions,MK Pharmacy Enterprises Pty Ltd,30/06/2027,Active,Standard licence condition
vpa_public_register,2026-07-29T13:34:38.613Z,https://pharmacy.vic.gov.au/register-search/,EAST VERMONT PHARMACY,"Shop 2, 607 Canterbury Road",Vermont,VIC,3133,"Shop 2, 607 Canterbury Road, Vermont VIC 3133",30/06/2027,Active,Standard registration conditions,East Vermont Pharmacy Pty Ltd,30/06/2027,Active,Standard licence condition
vpa_public_register,2026-07-29T13:34:38.613Z,https://pharmacy.vic.gov.au/register-search/,VERMONT SOUTH  PHARMACY,"Shop 2A, Vermont South S/C, 495 Burwood Highway",Vermont South,VIC,3133,"Shop 2A, Vermont South S/C, 495 Burwood Highway, Vermont South VIC 3133",30/06/2027,Active,Standard registration conditions,Allan Hau,30/06/2027,Active,Standard licence condition
vpa_public_register,2026-07-29T13:34:38.613Z,https://pharmacy.vic.gov.au/register-search/,VERMONT SOUTH  PHARMACY,"Shop 2A, Vermont South S/C, 495 Burwood Highway",Vermont South,VIC,3133,"Shop 2A, Vermont South S/C, 495 Burwood Highway, Vermont South VIC 3133",30/06/2027,Active,Standard registration conditions,George Tambassis,30/06/2027,Active,Standard licence condition
vpa_public_register,2026-07-29T13:34:38.613Z,https://pharmacy.vic.gov.au/register-search/,VERMONT SOUTH  PHARMACY,"Shop 2A, Vermont South S/C, 495 Burwood Highway",Vermont South,VIC,3133,"Shop 2A, Vermont South S/C, 495 Burwood Highway, Vermont South VIC 3133",30/06/2027,Active,Standard registration conditions,John Laino,30/06/2027,Active,Standard licence condition
vpa_public_register,2026-07-29T13:34:38.613Z,https://pharmacy.vic.gov.au/register-search/,AHPC Pharmacy Outlet,"Shops 1009/1010, Eastland Shopping Centre",RINGWOOD,VIC,3134,"Shops 1009/1010, Eastland Shopping Centre,, RINGWOOD VIC 3134",30/06/2027,Active,Standard registration conditions,Australia Health Products Central Pty Ltd,30/06/2027,Active,Standard licence condition
vpa_public_register,2026-07-29T13:34:38.613Z,https://pharmacy.vic.gov.au/register-search/,Chemist Warehouse Ringwood,131 - 133 Maroondah Highway,Ringwood,VIC,3134,"131 - 133 Maroondah Highway, Ringwood VIC 3134",30/06/2027,Active,Standard registration conditions,EAST YARRA FRIENDLY SOCIETY PTY LTD,30/06/2027,Active,Standard licence condition
vpa_public_register,2026-07-29T13:34:38.613Z,https://pharmacy.vic.gov.au/register-search/,Chemist Warehouse Ringwood,131 - 133 Maroondah Highway,Ringwood,VIC,3134,"131 - 133 Maroondah Highway, Ringwood VIC 3134",30/06/2027,Active,Standard registration conditions,YL Pharmacy Pty Ltd,30/06/2027,Active,Standard licence condition
vpa_public_register,2026-07-29T13:34:38.613Z,https://pharmacy.vic.gov.au/register-search/,Chemist Warehouse Ringwood Lake,293 Maroondah Highway,RINGWOOD,VIC,3134,"293 Maroondah Highway, RINGWOOD VIC 3134",30/06/2027,Active,Standard registration conditions,Jeffrey Wasley,30/06/2027,Active,Standard licence condition
vpa_public_register,2026-07-29T13:34:38.613Z,https://pharmacy.vic.gov.au/register-search/,Chemist Warehouse Ringwood Lake,293 Maroondah Highway,RINGWOOD,VIC,3134,"293 Maroondah Highway, RINGWOOD VIC 3134",30/06/2027,Active,Standard registration conditions,YL Pharmacy Pty Ltd,30/06/2027,Active,Standard licence condition
vpa_public_register,2026-07-29T13:34:38.613Z,https://pharmacy.vic.gov.au/register-search/,CIVIC PHARMACY,44 Warrandyte Road,Ringwood,VIC,3134,"44 Warrandyte Road, Ringwood VIC 3134",30/06/2027,Active,Standard registration conditions,Sumeet Khakh,30/06/2027,Active,Standard licence condition
vpa_public_register,2026-07-29T13:34:38.613Z,https://pharmacy.vic.gov.au/register-search/,NORTH RINGWOOD FAMILY PHARMACY,196-198 Warrandyte Road,Ringwood,VIC,3134,"196-198 Warrandyte Road, Ringwood VIC 3134",30/06/2027,Active,Standard registration conditions,Paul Lai,30/06/2027,Active,Standard licence condition
vpa_public_register,2026-07-29T13:34:38.613Z,https://pharmacy.vic.gov.au/register-search/,Pharmacy 4 Less Norlane,"Ground Floor 02, 21 - 29 Princes Highway",Norlane,VIC,3134,"Ground Floor 02, 21 - 29 Princes Highway, Norlane VIC 3134",30/06/2027,Active,Standard registration conditions,Fons Pharmacy Pty Ltd,30/06/2027,Active,Standard licence condition
vpa_public_register,2026-07-29T13:34:38.613Z,https://pharmacy.vic.gov.au/register-search/,Pharmacy 4 Less Ringwood,"Shop 1114, 171 Maroondah Highway",RINGWOOD,VIC,3134,"Shop 1114, 171 Maroondah Highway, RINGWOOD VIC 3134",30/06/2027,Active,Standard registration conditions,Bishbeen Pty Ltd,30/06/2027,Active,Standard licence condition
vpa_public_register,2026-07-29T13:34:38.613Z,https://pharmacy.vic.gov.au/register-search/,Pharmacy Now,"Shop 1, 11 Seymour Street",Ringwood,VIC,3134,"Shop 1, 11 Seymour Street, Ringwood VIC 3134",30/06/2027,Active,Standard registration conditions,Chak Kwong,30/06/2027,Active,Standard licence condition
vpa_public_register,2026-07-29T13:34:38.613Z,https://pharmacy.vic.gov.au/register-search/,Pharmacy Now,"Shop 1, 11 Seymour Street",Ringwood,VIC,3134,"Shop 1, 11 Seymour Street, Ringwood VIC 3134",30/06/2027,Active,Standard registration conditions,Chin Lan Kwong,30/06/2027,Active,Standard licence condition
vpa_public_register,2026-07-29T13:34:38.613Z,https://pharmacy.vic.gov.au/register-search/,Priceline Pharmacy Ringwood,"Shop 1068, Eastland Shopping Centre",RINGWOOD,VIC,3134,"Shop 1068, Eastland Shopping Centre, RINGWOOD VIC 3134",30/06/2027,Active,Standard registration conditions,Eastland Pharmacy Ringwood Pty Ltd,30/06/2027,Active,Standard licence condition
vpa_public_register,2026-07-29T13:34:38.613Z,https://pharmacy.vic.gov.au/register-search/,RINGWOOD SQUARE PHARMACY,"Shop 18/25, Ringwood Square Shopping Centre, Cnr New Street & Maroondah Highway",Ringwood,VIC,3134,"Shop 18/25, Ringwood Square Shopping Centre, Cnr New Street & Maroondah Highway, Ringwood VIC 3134",30/06/2027,Active,Standard registration conditions,Kitty Yu,30/06/2027,Active,Standard licence condition
vpa_public_register,2026-07-29T13:34:38.613Z,https://pharmacy.vic.gov.au/register-search/,RINGWOOD SQUARE PHARMACY,"Shop 18/25, Ringwood Square Shopping Centre, Cnr New Street & Maroondah Highway",Ringwood,VIC,3134,"Shop 18/25, Ringwood Square Shopping Centre, Cnr New Street & Maroondah Highway, Ringwood VIC 3134",30/06/2027,Active,Standard registration conditions,Tat Kwok,30/06/2027,Active,Standard licence condition
vpa_public_register,2026-07-29T13:34:38.613Z,https://pharmacy.vic.gov.au/register-search/,MAROONDAH HOSPITAL PHARMACY DEPARTMENT,Davey Drive,Ringwood East,VIC,3135,"Davey Drive, Ringwood East VIC 3135",30/06/2027,Active,,EASTERN HEALTH,30/06/2027,Active,Standard licence condition
vpa_public_register,2026-07-29T13:34:38.613Z,https://pharmacy.vic.gov.au/register-search/,NATIONAL PHARMACIES RINGWOOD EAST,64 Railway Avenue,Ringwood East,VIC,3135,"64 Railway Avenue, Ringwood East VIC 3135",30/06/2027,Active,Standard registration conditions,FRIENDLY SOCIETY MEDICAL ASSOCIATION LIMITED,30/06/2027,Active,Standard licence condition
vpa_public_register,2026-07-29T13:34:38.613Z,https://pharmacy.vic.gov.au/register-search/,Priceline Pharmacy Heathmont,160 - 162 Canterbury Road,Heathmont,VIC,3135,"160 - 162 Canterbury Road, Heathmont VIC 3135",30/06/2027,Active,Standard registration conditions,Bin Zhao,30/06/2027,Active,Standard licence condition
vpa_public_register,2026-07-29T13:34:38.613Z,https://pharmacy.vic.gov.au/register-search/,Priceline Pharmacy Heathmont,160 - 162 Canterbury Road,Heathmont,VIC,3135,"160 - 162 Canterbury Road, Heathmont VIC 3135",30/06/2027,Active,Standard registration conditions,Chaoqun Wang,30/06/2027,Active,Standard licence condition
vpa_public_register,2026-07-29T13:34:38.613Z,https://pharmacy.vic.gov.au/register-search/,Priceline Pharmacy Heathmont,160 - 162 Canterbury Road,Heathmont,VIC,3135,"160 - 162 Canterbury Road, Heathmont VIC 3135",30/06/2027,Active,Standard registration conditions,ke ma,30/06/2027,Active,Standard licence condition
vpa_public_register,2026-07-29T13:34:38.613Z,https://pharmacy.vic.gov.au/register-search/,Chemist Warehouse Croydon - Civic Square,"Shop 22 - 25, Civic Square Shopping Centre, 224 - 238 Mt Dandenong Road",Croydon,VIC,3136,"Shop 22 - 25, Civic Square Shopping Centre, 224 - 238 Mt Dandenong Road, Croydon VIC 3136",30/06/2027,Active,Standard registration conditions,Pharmacy O2380 Pty Ltd,30/06/2027,Active,Standard licence condition
vpa_public_register,2026-07-29T13:34:38.613Z,https://pharmacy.vic.gov.au/register-search/,Chemist Warehouse Croydon Central,"Shop 20, Croydon Central Shopping Centre, 5 - 15 Kent Avenue",Croydon,VIC,3136,"Shop 20, Croydon Central Shopping Centre, 5 - 15 Kent Avenue, Croydon VIC 3136",30/06/2027,Active,Standard registration conditions,Pharmacy O2366 Pty Ltd,30/06/2027,Active,Standard licence condition
vpa_public_register,2026-07-29T13:34:38.613Z,https://pharmacy.vic.gov.au/register-search/,Croydon Caremore Pharmacy,441 Dorset Road,CROYDON,VIC,3136,"441 Dorset Road, CROYDON VIC 3136",30/06/2027,Active,Standard registration conditions,Enas Mikhail,30/06/2027,Active,Standard licence condition
vpa_public_register,2026-07-29T13:34:38.613Z,https://pharmacy.vic.gov.au/register-search/,Croydon Family Pharmacy,24 - 26 Dorset Road,Croydon,VIC,3136,"24 - 26 Dorset Road, Croydon VIC 3136",30/06/2027,Active,Standard registration conditions,Croydon North Pharmacy Pty Ltd,30/06/2027,Active,Standard licence condition
vpa_public_register,2026-07-29T13:34:38.613Z,https://pharmacy.vic.gov.au/register-search/,CROYDON HILLS PHARMACY,6 - 10 McAdam Square,Croydon,VIC,3136,"6 - 10 McAdam Square, Croydon VIC 3136",30/06/2027,Active,Standard registration conditions,Formulary Pty Ltd,30/06/2027,Active,Standard licence condition
vpa_public_register,2026-07-29T13:34:38.613Z,https://pharmacy.vic.gov.au/register-search/,CROYDON NORTH DISCOUNT PHARMACY,"Shop 9 & 10, 401 Maroondah Highway",Croydon North,VIC,3136,"Shop 9 & 10, 401 Maroondah Highway, Croydon North VIC 3136",30/06/2027,Active,Standard registration conditions,Hermiz Family Investments Pty Ltd,30/06/2027,Active,Standard licence condition
vpa_public_register,2026-07-29T13:34:38.613Z,https://pharmacy.vic.gov.au/register-search/,DIRECT CHEMIST OUTLET - CROYDON,82 - 92 Main Street,Croydon,VIC,3136,"82 - 92 Main Street, Croydon VIC 3136",30/06/2027,Active,Standard registration conditions,CRC Pharmacy Pty Ltd,30/06/2027,Active,Standard licence condition
vpa_public_register,2026-07-29T13:34:38.613Z,https://pharmacy.vic.gov.au/register-search/,DIRECT CHEMIST OUTLET - CROYDON,82 - 92 Main Street,Croydon,VIC,3136,"82 - 92 Main Street, Croydon VIC 3136",30/06/2027,Active,Standard registration conditions,Paul Bereznicki,30/06/2027,Active,Standard licence condition
vpa_public_register,2026-07-29T13:34:38.613Z,https://pharmacy.vic.gov.au/register-search/,DIRECT CHEMIST OUTLET - CROYDON,82 - 92 Main Street,Croydon,VIC,3136,"82 - 92 Main Street, Croydon VIC 3136",30/06/2027,Active,Standard registration conditions,Wing Yin Li,30/06/2027,Active,Standard licence condition
vpa_public_register,2026-07-29T13:34:38.613Z,https://pharmacy.vic.gov.au/register-search/,Direct Chemist Outlet Civic Square,"Shops 19-21 ""Civic Square"", 224-238 Mount Dandenong Road",Croydon,VIC,3136,"Shops 19-21 ""Civic Square"", 224-238 Mount Dandenong Road, Croydon VIC 3136",30/06/2027,Active,Standard registration conditions,DCO Civic Square Pty Ltd,30/06/2027,Active,Standard licence condition
vpa_public_register,2026-07-29T13:34:38.613Z,https://pharmacy.vic.gov.au/register-search/,EASTFIELD PHARMACY,"Shop 7, 23 - 25 The Mall",Croydon South,VIC,3136,"Shop 7, 23 - 25 The Mall, Croydon South VIC 3136",30/06/2027,Active,Standard registration conditions,Diong Ha,30/06/2027,Active,Standard licence condition
vpa_public_register,2026-07-29T13:34:38.613Z,https://pharmacy.vic.gov.au/register-search/,EASTFIELD PHARMACY,"Shop 7, 23 - 25 The Mall",Croydon South,VIC,3136,"Shop 7, 23 - 25 The Mall, Croydon South VIC 3136",30/06/2027,Active,Standard registration conditions,Julia Ha,30/06/2027,Active,Standard licence condition
vpa_public_register,2026-07-29T13:34:38.613Z,https://pharmacy.vic.gov.au/register-search/,MERRINDALE PHARMACY,514 Dorset Road,Croydon,VIC,3136,"514 Dorset Road, Croydon VIC 3136",30/06/2027,Active,Standard registration conditions,CIMMCO INTERNATIONAL PTY LTD,30/06/2027,Active,Standard licence condition
vpa_public_register,2026-07-29T13:34:38.613Z,https://pharmacy.vic.gov.au/register-search/,NATIONAL PHARMACIES BURNTBRIDGE,"Shops 6 & 8A Burntbridge S/C, 434 Maroondah Highway",Croydon,VIC,3136,"Shops 6 & 8A Burntbridge S/C, 434 Maroondah Highway, Croydon VIC 3136",30/06/2027,Active,Standard registration conditions,FRIENDLY SOCIETY MEDICAL ASSOCIATION LIMITED,30/06/2027,Active,Standard licence condition
vpa_public_register,2026-07-29T13:34:38.613Z,https://pharmacy.vic.gov.au/register-search/,KILSYTH PHARMACY,"Shop 19/20, Kilsyth Shopping Centre, 520 - 528 Mt Dandenong Rd",Kilsyth,VIC,3137,"Shop 19/20, Kilsyth Shopping Centre, 520 - 528 Mt Dandenong Rd, Kilsyth VIC 3137",30/06/2027,Active,Standard registration conditions,Hoi Nga Ng,30/06/2027,Active,Standard licence condition
vpa_public_register,2026-07-29T13:34:38.613Z,https://pharmacy.vic.gov.au/register-search/,KILSYTH PHARMACY,"Shop 19/20, Kilsyth Shopping Centre, 520 - 528 Mt Dandenong Rd",Kilsyth,VIC,3137,"Shop 19/20, Kilsyth Shopping Centre, 520 - 528 Mt Dandenong Rd, Kilsyth VIC 3137",30/06/2027,Active,Standard registration conditions,Ya Fern Lim,30/06/2027,Active,Standard licence condition
vpa_public_register,2026-07-29T13:34:38.613Z,https://pharmacy.vic.gov.au/register-search/,MOOROOLBARK VILLAGE PHARMACY,"Shop 9, Mooroolbark Village S/C, 77 Brice Avenue",Mooroolbark,VIC,3138,"Shop 9, Mooroolbark Village S/C, 77 Brice Avenue, Mooroolbark VIC 3138",30/06/2027,Active,Standard registration conditions,Belinda McGrath,30/06/2027,Active,Standard licence condition
vpa_public_register,2026-07-29T13:34:38.613Z,https://pharmacy.vic.gov.au/register-search/,MOOROOLBARK VILLAGE PHARMACY,"Shop 9, Mooroolbark Village S/C, 77 Brice Avenue",Mooroolbark,VIC,3138,"Shop 9, Mooroolbark Village S/C, 77 Brice Avenue, Mooroolbark VIC 3138",30/06/2027,Active,Standard registration conditions,Erin Nunan,30/06/2027,Active,Standard licence condition
vpa_public_register,2026-07-29T13:34:38.613Z,https://pharmacy.vic.gov.au/register-search/,MOOROOLBARK VILLAGE PHARMACY,"Shop 9, Mooroolbark Village S/C, 77 Brice Avenue",Mooroolbark,VIC,3138,"Shop 9, Mooroolbark Village S/C, 77 Brice Avenue, Mooroolbark VIC 3138",30/06/2027,Active,Standard registration conditions,Marc Willson,30/06/2027,Active,Standard licence condition
vpa_public_register,2026-07-29T13:34:38.613Z,https://pharmacy.vic.gov.au/register-search/,MOOROOLBARK VILLAGE PHARMACY,"Shop 9, Mooroolbark Village S/C, 77 Brice Avenue",Mooroolbark,VIC,3138,"Shop 9, Mooroolbark Village S/C, 77 Brice Avenue, Mooroolbark VIC 3138",30/06/2027,Active,Standard registration conditions,Shelley Ryan,30/06/2027,Active,Standard licence condition
vpa_public_register,2026-07-29T13:34:38.613Z,https://pharmacy.vic.gov.au/register-search/,MOOROOLBARK VILLAGE PHARMACY,"Shop 9, Mooroolbark Village S/C, 77 Brice Avenue",Mooroolbark,VIC,3138,"Shop 9, Mooroolbark Village S/C, 77 Brice Avenue, Mooroolbark VIC 3138",30/06/2027,Active,Standard registration conditions,Thomas Donovan,30/06/2027,Active,Standard licence condition
vpa_public_register,2026-07-29T13:34:38.613Z,https://pharmacy.vic.gov.au/register-search/,Priceline Pharmacy Mooroolbark,28 Brice Avenue,Mooroolbark,VIC,3138,"28 Brice Avenue, Mooroolbark VIC 3138",30/06/2027,Active,Standard registration conditions,Belinda McGrath,30/06/2027,Active,Standard licence condition
vpa_public_register,2026-07-29T13:34:38.613Z,https://pharmacy.vic.gov.au/register-search/,Priceline Pharmacy Mooroolbark,28 Brice Avenue,Mooroolbark,VIC,3138,"28 Brice Avenue, Mooroolbark VIC 3138",30/06/2027,Active,Standard registration conditions,David Ryan,30/06/2027,Active,Standard licence condition
vpa_public_register,2026-07-29T13:34:38.613Z,https://pharmacy.vic.gov.au/register-search/,Priceline Pharmacy Mooroolbark,28 Brice Avenue,Mooroolbark,VIC,3138,"28 Brice Avenue, Mooroolbark VIC 3138",30/06/2027,Active,Standard registration conditions,Erin Nunan,30/06/2027,Active,Standard licence condition
vpa_public_register,2026-07-29T13:34:38.613Z,https://pharmacy.vic.gov.au/register-search/,Priceline Pharmacy Mooroolbark,28 Brice Avenue,Mooroolbark,VIC,3138,"28 Brice Avenue, Mooroolbark VIC 3138",30/06/2027,Active,Standard registration conditions,Marc Willson,30/06/2027,Active,Standard licence condition
vpa_public_register,2026-07-29T13:34:38.613Z,https://pharmacy.vic.gov.au/register-search/,Priceline Pharmacy Mooroolbark,28 Brice Avenue,Mooroolbark,VIC,3138,"28 Brice Avenue, Mooroolbark VIC 3138",30/06/2027,Active,Standard registration conditions,Thomas Donovan,30/06/2027,Active,Standard licence condition
vpa_public_register,2026-07-29T13:34:38.613Z,https://pharmacy.vic.gov.au/register-search/,Launching Place Pharmacy,1/2 Centella Place,Launching Place,VIC,3139,"1/2 Centella Place, Launching Place VIC 3139",30/06/2027,Active,Specific registration condition | Standard registration conditions,Eastern Pharmacy Group Pty Ltd,30/06/2027,Active,Standard licence condition
vpa_public_register,2026-07-29T13:34:38.613Z,https://pharmacy.vic.gov.au/register-search/,SEVILLE VILLAGE PHARMACY,644 Warburton Hwy,Seville,VIC,3139,"644 Warburton Hwy, Seville VIC 3139",30/06/2027,Active,Standard registration conditions,Caleb Armstrong,30/06/2027,Active,Standard licence condition
vpa_public_register,2026-07-29T13:34:38.613Z,https://pharmacy.vic.gov.au/register-search/,SEVILLE VILLAGE PHARMACY,644 Warburton Hwy,Seville,VIC,3139,"644 Warburton Hwy, Seville VIC 3139",30/06/2027,Active,Standard registration conditions,Merren Armstrong,30/06/2027,Active,Standard licence condition
vpa_public_register,2026-07-29T13:34:38.613Z,https://pharmacy.vic.gov.au/register-search/,SEVILLE VILLAGE PHARMACY,644 Warburton Hwy,Seville,VIC,3139,"644 Warburton Hwy, Seville VIC 3139",30/06/2027,Active,Standard registration conditions,Ying Zheng Wen,30/06/2027,Active,Standard licence condition
vpa_public_register,2026-07-29T13:34:38.613Z,https://pharmacy.vic.gov.au/register-search/,TerryWhite Chemmart Wandin North,"Shop 4, 362 Warburton Highway",Wandin North,VIC,3139,"Shop 4, 362 Warburton Highway, Wandin North VIC 3139",30/06/2027,Active,Standard registration conditions,Steven Pharma Pty Ltd,30/06/2027,Active,Standard licence condition
vpa_public_register,2026-07-29T13:34:38.613Z,https://pharmacy.vic.gov.au/register-search/,Woori Yallock Pharmacy,"Shop 6/7, The Centre,, 1585 Warburton Highway",WOORI YALLOCK,VIC,3139,"Shop 6/7, The Centre,, 1585 Warburton Highway, WOORI YALLOCK VIC 3139",30/06/2027,Active,Standard registration conditions,L & D Health Solutions Pty Ltd,30/06/2027,Active,Standard licence condition
vpa_public_register,2026-07-29T13:34:38.613Z,https://pharmacy.vic.gov.au/register-search/,CHEMIST WAREHOUSE LILYDALE,"Shops 7, 8 & 9 Lilydale Marketplace, 33 - 45 Hutchinson Street",Lilydale,VIC,3140,"Shops 7, 8 & 9 Lilydale Marketplace, 33 - 45 Hutchinson Street, Lilydale VIC 3140",30/06/2027,Active,Standard registration conditions,Damien Gance,30/06/2027,Active,Standard licence condition
vpa_public_register,2026-07-29T13:34:38.613Z,https://pharmacy.vic.gov.au/register-search/,CHEMIST WAREHOUSE LILYDALE,"Shops 7, 8 & 9 Lilydale Marketplace, 33 - 45 Hutchinson Street",Lilydale,VIC,3140,"Shops 7, 8 & 9 Lilydale Marketplace, 33 - 45 Hutchinson Street, Lilydale VIC 3140",30/06/2027,Active,Standard registration conditions,Kris Health Pty Ltd,30/06/2027,Active,Standard licence condition
vpa_public_register,2026-07-29T13:34:38.613Z,https://pharmacy.vic.gov.au/register-search/,CHEMIST WAREHOUSE LILYDALE,"Shops 7, 8 & 9 Lilydale Marketplace, 33 - 45 Hutchinson Street",Lilydale,VIC,3140,"Shops 7, 8 & 9 Lilydale Marketplace, 33 - 45 Hutchinson Street, Lilydale VIC 3140",30/06/2027,Active,Standard registration conditions,Mark Finocchiaro,30/06/2027,Active,Standard licence condition
vpa_public_register,2026-07-29T13:34:38.613Z,https://pharmacy.vic.gov.au/register-search/,CHEMIST WAREHOUSE LILYDALE,"Shops 7, 8 & 9 Lilydale Marketplace, 33 - 45 Hutchinson Street",Lilydale,VIC,3140,"Shops 7, 8 & 9 Lilydale Marketplace, 33 - 45 Hutchinson Street, Lilydale VIC 3140",30/06/2027,Active,Standard registration conditions,TMD Health Pty Ltd,30/06/2027,Active,Standard licence condition
vpa_public_register,2026-07-29T13:34:38.613Z,https://pharmacy.vic.gov.au/register-search/,Chemist Warehouse Lilydale - Maroondah Highway,"Tenancy 6A, 447 - 449 Maroondah Highway",Lilydale,VIC,3140,"Tenancy 6A, 447 - 449 Maroondah Highway, Lilydale VIC 3140",30/06/2027,Active,Standard registration conditions,Pharmacy O2489 Pty Ltd,30/06/2027,Active,Standard licence condition
vpa_public_register,2026-07-29T13:34:38.613Z,https://pharmacy.vic.gov.au/register-search/,Lilydale Lakeside Pharmacy,2 - 4 Alfred Road,LILYDALE,VIC,3140,"2 - 4 Alfred Road, LILYDALE VIC 3140",30/06/2027,Active,Standard registration conditions,Lilydale Lakeside Pharmacy Pty Ltd,30/06/2027,Active,Standard licence condition
vpa_public_register,2026-07-29T13:34:38.613Z,https://pharmacy.vic.gov.au/register-search/,Lilydale Main Street Pharmacy,289 Main Street,Lilydale,VIC,3140,"289 Main Street, Lilydale VIC 3140",30/06/2027,Active,Standard registration conditions,Lilydale Central Pharmacy Pty Ltd,30/06/2027,Active,Standard licence condition
vpa_public_register,2026-07-29T13:34:38.613Z,https://pharmacy.vic.gov.au/register-search/,Priceline Pharmacy Lilydale,"Shop 9 Lilydale Village Shopping Centre, 343 - 347 Main Street",LILYDALE,VIC,3140,"Shop 9 Lilydale Village Shopping Centre, 343 - 347 Main Street, LILYDALE VIC 3140",30/06/2027,Active,Standard registration conditions,Lilydale Pharma Pty Ltd,30/06/2027,Active,Standard licence condition
vpa_public_register,2026-07-29T13:34:38.613Z,https://pharmacy.vic.gov.au/register-search/,TerryWhite Chemmart Lilydale,351 Main Street,Lilydale,VIC,3140,"351 Main Street, Lilydale VIC 3140",30/06/2027,Active,Standard registration conditions,Mina Michael,30/06/2027,Active,Standard licence condition
vpa_public_register,2026-07-29T13:34:38.613Z,https://pharmacy.vic.gov.au/register-search/,Amcal South Yarra - Como Centre,"Shop S001A - S003, Como Centre, 299 Toorak Road",South Yarra,VIC,3141,"Shop S001A - S003, Como Centre, 299 Toorak Road, South Yarra VIC 3141",30/06/2027,Active,Standard registration conditions,Pharmacy O2382 Pty Ltd,30/06/2027,Active,Standard licence condition
vpa_public_register,2026-07-29T13:34:38.613Z,https://pharmacy.vic.gov.au/register-search/,Astrid Dispensary South Yarra,575 Chapel Street,SOUTH YARRA,VIC,3141,"575 Chapel Street, SOUTH YARRA VIC 3141",30/06/2027,Active,Standard registration conditions,Pharmacy O2612 Pty Ltd,30/06/2027,Active,Standard licence condition
vpa_public_register,2026-07-29T13:34:38.613Z,https://pharmacy.vic.gov.au/register-search/,Botanical Pharmacy South Yarra,185 Domain Road,South Yarra,VIC,3141,"185 Domain Road, South Yarra VIC 3141",30/06/2027,Active,Standard registration conditions,Khee Hua Loh,30/06/2027,Active,Standard licence condition
vpa_public_register,2026-07-29T13:34:38.613Z,https://pharmacy.vic.gov.au/register-search/,Botanical Pharmacy South Yarra,185 Domain Road,South Yarra,VIC,3141,"185 Domain Road, South Yarra VIC 3141",30/06/2027,Active,Standard registration conditions,Timothy Lewis,30/06/2027,Active,Standard licence condition
vpa_public_register,2026-07-29T13:34:38.613Z,https://pharmacy.vic.gov.au/register-search/,CHEMIST WAREHOUSE PRAHRAN,370 - 372 Chapel Street,South Yarra,VIC,3141,"370 - 372 Chapel Street, South Yarra VIC 3141",30/06/2027,Active,Standard registration conditions,EAST YARRA FRIENDLY SOCIETY PTY LTD,30/06/2027,Active,Standard licence condition
vpa_public_register,2026-07-29T13:34:38.613Z,https://pharmacy.vic.gov.au/register-search/,Chemist Warehouse South Yarra - Ogg's Pharmacy,"233, 233A & 235 Toorak Road",South Yarra,VIC,3141,"233, 233A & 235 Toorak Road, South Yarra VIC 3141",30/06/2027,Active,Standard registration conditions,PKCW Pty Ltd,30/06/2027,Active,Standard licence condition
vpa_public_register,2026-07-29T13:34:38.613Z,https://pharmacy.vic.gov.au/register-search/,ChemMax Prahran Chemist,229 Commercial Road,South Yarra,VIC,3141,"229 Commercial Road, South Yarra VIC 3141",30/06/2027,Active,Standard registration conditions,Barbgeomess Pty Ltd,30/06/2027,Active,Standard licence condition
vpa_public_register,2026-07-29T13:34:38.613Z,https://pharmacy.vic.gov.au/register-search/,ChemMax Prahran Chemist,229 Commercial Road,South Yarra,VIC,3141,"229 Commercial Road, South Yarra VIC 3141",30/06/2027,Active,Standard registration conditions,Y Demian Pty Ltd,30/06/2027,Active,Standard licence condition
vpa_public_register,2026-07-29T13:34:38.613Z,https://pharmacy.vic.gov.au/register-search/,Priceline Pharmacy - South Yarra,"Shops 1-001, 1-002 & 1-003, 670 Chapel Street",SOUTH YARRA,VIC,3141,"Shops 1-001, 1-002 & 1-003, 670 Chapel Street, SOUTH YARRA VIC 3141",30/06/2027,Active,Standard registration conditions,IPG South Yarra Pty Ltd,30/06/2027,Active,Standard licence condition
vpa_public_register,2026-07-29T13:34:38.613Z,https://pharmacy.vic.gov.au/register-search/,SOUTH YARRA PHARMACY,81-83 Toorak Road,South Yarra,VIC,3141,"81-83 Toorak Road, South Yarra VIC 3141",30/06/2027,Active,Standard registration conditions | Specific registration condition,87 ML Pty Ltd,30/06/2027,Active,Standard licence condition
vpa_public_register,2026-07-29T13:34:38.613Z,https://pharmacy.vic.gov.au/register-search/,Toorak Road Natural Chemist,1/177 Toorak Road,South Yarra,VIC,3141,"1/177 Toorak Road, South Yarra VIC 3141",30/06/2027,Active,Standard registration conditions,Goksel Doganay,30/06/2027,Active,Standard licence condition
vpa_public_register,2026-07-29T13:34:38.613Z,https://pharmacy.vic.gov.au/register-search/,V22 Dispensary,125 Toorak Road,South Yarra,VIC,3141,"125 Toorak Road, South Yarra VIC 3141",30/06/2027,Active,Standard registration conditions,V22 Pty Ltd,30/06/2027,Active,Standard licence condition
vpa_public_register,2026-07-29T13:34:38.613Z,https://pharmacy.vic.gov.au/register-search/,C. Wallis & Son - TerryWhite Chemmart Toorak,G.02. 426 Toorak Road,TOORAK,VIC,3142,"G.02. 426 Toorak Road, TOORAK VIC 3142",30/06/2027,Active,Standard registration conditions,Rhodri Jones,30/06/2027,Active,Standard licence condition
vpa_public_register,2026-07-29T13:34:38.613Z,https://pharmacy.vic.gov.au/register-search/,Chemist Warehouse Glen Waverley - Kingsway,"Ground Floor, 113 - 115 Kingsway",GLEN WAVERLEY,VIC,3142,"Ground Floor, 113 - 115 Kingsway, GLEN WAVERLEY VIC 3142",30/06/2027,Active,Standard registration conditions,Pharmacy O2333 Pty Ltd,30/06/2027,Active,Standard licence condition
vpa_public_register,2026-07-29T13:34:38.613Z,https://pharmacy.vic.gov.au/register-search/,Chemist Warehouse Hawksburn,517 Malvern Road,TOORAK,VIC,3142,"517 Malvern Road, TOORAK VIC 3142",30/06/2027,Active,Standard registration conditions,Pharmacy O2319 Pty Ltd,30/06/2027,Active,Standard licence condition
vpa_public_register,2026-07-29T13:34:38.613Z,https://pharmacy.vic.gov.au/register-search/,Chemist Warehouse Toorak Village,"Shop 1, 2, 2A and 3, Tok H Shopping Centre, 459 Toorak Road",TOORAK,VIC,3142,"Shop 1, 2, 2A and 3, Tok H Shopping Centre, 459 Toorak Road, TOORAK VIC 3142",30/06/2027,Active,Standard registration conditions,Pharmacy O2458 Pty Ltd,30/06/2027,Active,Standard licence condition
vpa_public_register,2026-07-29T13:34:38.613Z,https://pharmacy.vic.gov.au/register-search/,NATIONAL PHARMACIES TOORAK,575 Malvern Road,Toorak,VIC,3142,"575 Malvern Road, Toorak VIC 3142",30/06/2027,Active,Standard registration conditions,FRIENDLY SOCIETY MEDICAL ASSOCIATION LIMITED,30/06/2027,Active,Standard licence condition
vpa_public_register,2026-07-29T13:34:38.613Z,https://pharmacy.vic.gov.au/register-search/,PHILIP STARR PHARMACY,523 Malvern Road,Toorak,VIC,3142,"523 Malvern Road, Toorak VIC 3142",30/06/2027,Active,Standard registration conditions,Philip Starr,30/06/2027,Active,Standard licence condition
vpa_public_register,2026-07-29T13:34:38.613Z,https://pharmacy.vic.gov.au/register-search/,Armadale Pharmacy,1195 High Street,Armadale,VIC,3143,"1195 High Street, Armadale VIC 3143",30/06/2027,Active,Standard registration conditions,Shih-Yu Fan,30/06/2027,Active,Standard licence condition
vpa_public_register,2026-07-29T13:34:38.613Z,https://pharmacy.vic.gov.au/register-search/,Chemist Warehouse Armadale,Unit 1 / 1097 - 1111 High Street,ARMADALE,VIC,3143,"Unit 1 / 1097 - 1111 High Street, ARMADALE VIC 3143",30/06/2027,Active,Standard registration conditions,Pharmacy O2355 Pty Ltd,30/06/2027,Active,Standard licence condition
vpa_public_register,2026-07-29T13:34:38.613Z,https://pharmacy.vic.gov.au/register-search/,Amcal Pharmacy Malvern,100 - 102 Glenferrie Road,MALVERN,VIC,3144,"100 - 102 Glenferrie Road, MALVERN VIC 3144",30/06/2027,Active,Standard registration conditions,Malvern Pharm Pty Ltd,30/06/2027,Active,Standard licence condition
vpa_public_register,2026-07-29T13:34:38.613Z,https://pharmacy.vic.gov.au/register-search/,Amcal Pharmacy Malvern,100 - 102 Glenferrie Road,MALVERN,VIC,3144,"100 - 102 Glenferrie Road, MALVERN VIC 3144",30/06/2027,Active,Standard registration conditions,ZR Malvern Pty Ltd,30/06/2027,Active,Standard licence condition
vpa_public_register,2026-07-29T13:34:38.613Z,https://pharmacy.vic.gov.au/register-search/,CABRINI HOSPITAL PHARMACY DEPARTMENT,183 Wattletree Road,Malvern,VIC,3144,"183 Wattletree Road, Malvern VIC 3144",30/06/2027,Active,,Cabrini Health Limited,30/06/2027,Active,Standard licence condition
vpa_public_register,2026-07-29T13:34:38.613Z,https://pharmacy.vic.gov.au/register-search/,Chemist Warehouse Malvern,122 - 128 Glenferrie Road,MALVERN,VIC,3144,"122 - 128 Glenferrie Road, MALVERN VIC 3144",30/06/2027,Active,Standard registration conditions,Sam Gries,30/06/2027,Active,Standard licence condition
vpa_public_register,2026-07-29T13:34:38.613Z,https://pharmacy.vic.gov.au/register-search/,Chemist Warehouse Malvern,122 - 128 Glenferrie Road,MALVERN,VIC,3144,"122 - 128 Glenferrie Road, MALVERN VIC 3144",30/06/2027,Active,Standard registration conditions,Sasha Robertson,30/06/2027,Active,Standard licence condition
vpa_public_register,2026-07-29T13:34:38.613Z,https://pharmacy.vic.gov.au/register-search/,MALVERN CORNER PHARMACY,1434 High Street,Malvern,VIC,3144,"1434 High Street, Malvern VIC 3144",30/06/2027,Active,Standard registration conditions,Malvern Road Corner Pharmacy Pty Ltd,30/06/2027,Active,Standard licence condition
vpa_public_register,2026-07-29T13:34:38.613Z,https://pharmacy.vic.gov.au/register-search/,MALVERN VILLAGE PHARMACY,1354 Malvern Road,Malvern,VIC,3144,"1354 Malvern Road, Malvern VIC 3144",30/06/2027,Active,Standard registration conditions,David Royle,30/06/2027,Active,Standard licence condition
vpa_public_register,2026-07-29T13:34:38.613Z,https://pharmacy.vic.gov.au/register-search/,Pharmacy NEO Malvern Central,"Level 4, Shop 7,, Malvern Central Shopping Centre",Malvern,VIC,3144,"Level 4, Shop 7,, Malvern Central Shopping Centre, Malvern VIC 3144",30/06/2027,Active,Standard registration conditions,Pharmacy NEO Pty Ltd,30/06/2027,Active,Standard licence condition
vpa_public_register,2026-07-29T13:34:38.613Z,https://pharmacy.vic.gov.au/register-search/,SPECIALIST CENTRE PHARMACY,183 Wattletree Road,Malvern,VIC,3144,"183 Wattletree Road, Malvern VIC 3144",30/06/2027,Active,Standard registration conditions,John Steiner,30/06/2027,Active,Standard licence condition
vpa_public_register,2026-07-29T13:34:38.613Z,https://pharmacy.vic.gov.au/register-search/,U PHARMACY MALVERN  HILL,1122 Malvern Road,Malvern,VIC,3144,"1122 Malvern Road, Malvern VIC 3144",30/06/2027,Active,Standard registration conditions,Henry Yu,30/06/2027,Active,Standard licence condition
vpa_public_register,2026-07-29T13:34:38.613Z,https://pharmacy.vic.gov.au/register-search/,Amcal Chadstone,"Shop G-112, Chadstone Shopping Centre, 1341 Dandenong Road",Malvern East,VIC,3145,"Shop G-112, Chadstone Shopping Centre, 1341 Dandenong Road, Malvern East VIC 3145",30/06/2027,Active,Standard registration conditions,EAST YARRA FRIENDLY SOCIETY PTY LTD,30/06/2027,Active,Standard licence condition
vpa_public_register,2026-07-29T13:34:38.613Z,https://pharmacy.vic.gov.au/register-search/,Direct Chemist Outlet Caulfield Village,"1 / 6 Caulfield Boulevard, Caulfield Village",Caulfield,VIC,3145,"1 / 6 Caulfield Boulevard, Caulfield Village, Caulfield VIC 3145",30/06/2027,Active,Standard registration conditions,Ibram Nassif,30/06/2027,Active,Standard licence condition
vpa_public_register,2026-07-29T13:34:38.613Z,https://pharmacy.vic.gov.au/register-search/,Direct Chemist Outlet Caulfield Village,"1 / 6 Caulfield Boulevard, Caulfield Village",Caulfield,VIC,3145,"1 / 6 Caulfield Boulevard, Caulfield Village, Caulfield VIC 3145",30/06/2027,Active,Standard registration conditions,Simon Kenny,30/06/2027,Active,Standard licence condition
vpa_public_register,2026-07-29T13:34:38.613Z,https://pharmacy.vic.gov.au/register-search/,Direct Chemist Outlet Caulfield Village,"1 / 6 Caulfield Boulevard, Caulfield Village",Caulfield,VIC,3145,"1 / 6 Caulfield Boulevard, Caulfield Village, Caulfield VIC 3145",30/06/2027,Active,Standard registration conditions,Wessam Tossoun,30/06/2027,Active,Standard licence condition
vpa_public_register,2026-07-29T13:34:38.613Z,https://pharmacy.vic.gov.au/register-search/,Heathershaw's Compounding Pharmacy - Wattletree Road,284 Wattletree Road,Malvern East,VIC,3145,"284 Wattletree Road, Malvern East VIC 3145",30/06/2027,Active,Standard registration conditions,CMC Medical Enterprises Pty Ltd,30/06/2027,Active,Standard licence condition
vpa_public_register,2026-07-29T13:34:38.613Z,https://pharmacy.vic.gov.au/register-search/,Malvern East Pharmacy,332 Waverley Road,MALVERN EAST,VIC,3145,"332 Waverley Road, MALVERN EAST VIC 3145",30/06/2027,Active,Standard registration conditions,JTN Health Pty Ltd,30/06/2027,Active,Standard licence condition
vpa_public_register,2026-07-29T13:34:38.613Z,https://pharmacy.vic.gov.au/register-search/,SOPHIE TANAGHOW PHARMACY,283 Waverley Road,Malvern East,VIC,3145,"283 Waverley Road, Malvern East VIC 3145",30/06/2027,Active,Standard registration conditions,Sophie Tanaghow,30/06/2027,Active,Standard licence condition
vpa_public_register,2026-07-29T13:34:38.613Z,https://pharmacy.vic.gov.au/register-search/,Amcal Glen Iris,Shop 5 / 108 Glen Iris Road,Glen Iris,VIC,3146,"Shop 5 / 108 Glen Iris Road, Glen Iris VIC 3146",30/06/2027,Active,Standard registration conditions,Pharmacy O2466 Pty Ltd,30/06/2027,Active,Standard licence condition
vpa_public_register,2026-07-29T13:34:38.613Z,https://pharmacy.vic.gov.au/register-search/,AMCAL TOORONGA,"Shop 8, 766 Toorak Road",Glen Iris,VIC,3146,"Shop 8, 766 Toorak Road, Glen Iris VIC 3146",30/06/2027,Active,Standard registration conditions,Andrew Robinson,30/06/2027,Active,Standard licence condition
vpa_public_register,2026-07-29T13:34:38.613Z,https://pharmacy.vic.gov.au/register-search/,AMCAL TOORONGA,"Shop 8, 766 Toorak Road",Glen Iris,VIC,3146,"Shop 8, 766 Toorak Road, Glen Iris VIC 3146",30/06/2027,Active,Standard registration conditions,Benjamin Bradmore,30/06/2027,Active,Standard licence condition
vpa_public_register,2026-07-29T13:34:38.613Z,https://pharmacy.vic.gov.au/register-search/,AMCAL TOORONGA,"Shop 8, 766 Toorak Road",Glen Iris,VIC,3146,"Shop 8, 766 Toorak Road, Glen Iris VIC 3146",30/06/2027,Active,Standard registration conditions,Yean Lim,30/06/2027,Active,Standard licence condition
vpa_public_register,2026-07-29T13:34:38.613Z,https://pharmacy.vic.gov.au/register-search/,HEATHERSHAW'S COMPOUNDING PHARMACY,153 Burke Road,GLEN IRIS,VIC,3146,"153 Burke Road, GLEN IRIS VIC 3146",30/06/2027,Active,Standard registration conditions,153 Burke Pty Ltd,30/06/2027,Active,Standard licence condition
vpa_public_register,2026-07-29T13:34:38.613Z,https://pharmacy.vic.gov.au/register-search/,Heathershaw's Compounding Pharmacy - High Street,1608 High Street,Glen Iris,VIC,3146,"1608 High Street, Glen Iris VIC 3146",30/06/2027,Active,Standard registration conditions,Fencehouse Medical Enterprises Pty Ltd,30/06/2027,Active,Standard licence condition
vpa_public_register,2026-07-29T13:34:38.613Z,https://pharmacy.vic.gov.au/register-search/,Heathershaw's Integrative Pharmacy,1402 Malvern Road,Glen Iris,VIC,3146,"1402 Malvern Road, Glen Iris VIC 3146",30/06/2027,Active,Standard registration conditions,JHGH Medical Enterprises Pty Ltd,30/06/2027,Active,Standard licence condition
vpa_public_register,2026-07-29T13:34:38.613Z,https://pharmacy.vic.gov.au/register-search/,Amcal    Ashburton Pharmacy,162 - 164 High Street,Ashburton,VIC,3147,"162 - 164 High Street, Ashburton VIC 3147",30/06/2027,Active,Standard registration conditions,Angelo Dadalias,30/06/2027,Active,Standard licence condition
vpa_public_register,2026-07-29T13:34:38.613Z,https://pharmacy.vic.gov.au/register-search/,Ashburton Family Pharmacy,210 High Street,Ashburton,VIC,3147,"210 High Street, Ashburton VIC 3147",30/06/2027,Active,Standard registration conditions,Alber Amin,30/06/2027,Active,Standard licence condition
vpa_public_register,2026-07-29T13:34:38.613Z,https://pharmacy.vic.gov.au/register-search/,Chemist Discount Centre Ashwood,545 Warrigal Road,Ashwood,VIC,3147,"545 Warrigal Road, Ashwood VIC 3147",30/06/2027,Active,Standard registration conditions,Ranya Youssef,30/06/2027,Active,Standard licence condition
vpa_public_register,2026-07-29T13:34:38.613Z,https://pharmacy.vic.gov.au/register-search/,FRIENDS PHARMACY,231-233 High Street,Ashburton,VIC,3147,"231-233 High Street, Ashburton VIC 3147",30/06/2027,Active,Standard registration conditions,Karen Paton,30/06/2027,Active,Standard licence condition
vpa_public_register,2026-07-29T13:34:38.613Z,https://pharmacy.vic.gov.au/register-search/,FRIENDS PHARMACY,231-233 High Street,Ashburton,VIC,3147,"231-233 High Street, Ashburton VIC 3147",30/06/2027,Active,Standard registration conditions,peter wells,30/06/2027,Active,Standard licence condition
vpa_public_register,2026-07-29T13:34:38.613Z,https://pharmacy.vic.gov.au/register-search/,TerryWhite Chemmart Ashwood,380 Warrigal Road,Ashwood,VIC,3147,"380 Warrigal Road, Ashwood VIC 3147",30/06/2027,Active,Standard registration conditions,Andrew Crichton,30/06/2027,Active,Standard licence condition
vpa_public_register,2026-07-29T13:34:38.613Z,https://pharmacy.vic.gov.au/register-search/,TerryWhite Chemmart Ashwood,380 Warrigal Road,Ashwood,VIC,3147,"380 Warrigal Road, Ashwood VIC 3147",30/06/2027,Active,Standard registration conditions,Benjamin Brndusic,30/06/2027,Active,Standard licence condition
vpa_public_register,2026-07-29T13:34:38.613Z,https://pharmacy.vic.gov.au/register-search/,TerryWhite Chemmart Ashwood,380 Warrigal Road,Ashwood,VIC,3147,"380 Warrigal Road, Ashwood VIC 3147",30/06/2027,Active,Standard registration conditions,Christine Fahmy,30/06/2027,Active,Standard licence condition
vpa_public_register,2026-07-29T13:34:38.613Z,https://pharmacy.vic.gov.au/register-search/,Wholesale Pharmacy Ashwood,11 Cleveland Road,Ashwood,VIC,3147,"11 Cleveland Road, Ashwood VIC 3147",30/06/2027,Active,Standard registration conditions,Phu Quy Pty Ltd,30/06/2027,Active,Specific licence condition
vpa_public_register,2026-07-29T13:34:38.613Z,https://pharmacy.vic.gov.au/register-search/,Advantage Pharmacy Chadstone,633 Warrigal Road,Chadstone,VIC,3148,"633 Warrigal Road, Chadstone VIC 3148",30/06/2027,Active,Standard registration conditions,Tan Dat Lam,30/06/2027,Active,Standard licence condition
vpa_public_register,2026-07-29T13:34:38.613Z,https://pharmacy.vic.gov.au/register-search/,Chemist Warehouse Chadstone Homemaker Centre,"Tenancy 3, 695 - 699 Warrigal Road",CHADSTONE,VIC,3148,"Tenancy 3, 695 - 699 Warrigal Road, CHADSTONE VIC 3148",30/06/2027,Active,Standard registration conditions,Pharmacy O2511 Pty Ltd,30/06/2027,Active,Standard licence condition
vpa_public_register,2026-07-29T13:34:38.613Z,https://pharmacy.vic.gov.au/register-search/,Chemist Warehouse Chadstone S/C,"Shop EX003, Chadstone S/C, 1341 Dandenong Road",CHADSTONE,VIC,3148,"Shop EX003, Chadstone S/C, 1341 Dandenong Road, CHADSTONE VIC 3148",30/06/2027,Active,Standard registration conditions,EAST YARRA FRIENDLY SOCIETY PTY LTD,30/06/2027,Active,Standard licence condition
vpa_public_register,2026-07-29T13:34:38.613Z,https://pharmacy.vic.gov.au/register-search/,TerryWhite Chemmart Chadstone Jordanville Station,277 Huntingdale Road,CHADSTONE,VIC,3148,"277 Huntingdale Road, CHADSTONE VIC 3148",30/06/2027,Active,Standard registration conditions,CHADSTONE PHARM PTY LTD,30/06/2027,Active,Standard licence condition
vpa_public_register,2026-07-29T13:34:38.613Z,https://pharmacy.vic.gov.au/register-search/,TerryWhite Chemmart Chadstone Jordanville Station,277 Huntingdale Road,CHADSTONE,VIC,3148,"277 Huntingdale Road, CHADSTONE VIC 3148",30/06/2027,Active,Standard registration conditions,SS CHADSTONE PTY LTD,30/06/2027,Active,Standard licence condition
vpa_public_register,2026-07-29T13:34:38.613Z,https://pharmacy.vic.gov.au/register-search/,Amcal Pharmacy Beovichs Mt Waverley,47 Hamilton Place,Mount Waverley,VIC,3149,"47 Hamilton Place, Mount Waverley VIC 3149",30/06/2027,Active,Standard registration conditions,Chan Pharmacist Group Pty Ltd,30/06/2027,Active,Standard licence condition
vpa_public_register,2026-07-29T13:34:38.613Z,https://pharmacy.vic.gov.au/register-search/,AS Pharmacies,418 Huntingdale Road,Mount Waverley,VIC,3149,"418 Huntingdale Road, Mount Waverley VIC 3149",30/06/2027,Active,Standard registration conditions,AS Pharmacies Pty Ltd,30/06/2027,Active,Standard licence condition
vpa_public_register,2026-07-29T13:34:38.613Z,https://pharmacy.vic.gov.au/register-search/,Chemist Warehouse Mount Waverley,33 Hamilton Place,Mount Waverley,VIC,3149,"33 Hamilton Place, Mount Waverley VIC 3149",30/06/2027,Active,Standard registration conditions,Girish Madhavan Pillai,30/06/2027,Active,Standard licence condition
vpa_public_register,2026-07-29T13:34:38.613Z,https://pharmacy.vic.gov.au/register-search/,Chemist Warehouse Mount Waverley,33 Hamilton Place,Mount Waverley,VIC,3149,"33 Hamilton Place, Mount Waverley VIC 3149",30/06/2027,Active,Standard registration conditions,Philip Colasante,30/06/2027,Active,Standard licence condition
vpa_public_register,2026-07-29T13:34:38.613Z,https://pharmacy.vic.gov.au/register-search/,Chemist Warehouse Mount Waverley,33 Hamilton Place,Mount Waverley,VIC,3149,"33 Hamilton Place, Mount Waverley VIC 3149",30/06/2027,Active,Standard registration conditions,Sam Bassaly,30/06/2027,Active,Standard licence condition
vpa_public_register,2026-07-29T13:34:38.613Z,https://pharmacy.vic.gov.au/register-search/,ChemMax Pinewood Compounding Chemist,"65 The Centreway, Pinewood Shopping Centre",Mount Waverley,VIC,3149,"65 The Centreway, Pinewood Shopping Centre, Mount Waverley VIC 3149",30/06/2027,Active,Standard registration conditions,Centreway Chemist Pty Ltd,30/06/2027,Active,Standard licence condition
vpa_public_register,2026-07-29T13:34:38.613Z,https://pharmacy.vic.gov.au/register-search/,ESSEX PHARMACY,56 Essex Road,Mount Waverley,VIC,3149,"56 Essex Road, Mount Waverley VIC 3149",30/06/2027,Active,Standard registration conditions,Danica Chhit-Lam,30/06/2027,Active,Standard licence condition
vpa_public_register,2026-07-29T13:34:38.613Z,https://pharmacy.vic.gov.au/register-search/,Healthsave Pharmacy Mount Waverley,"58 & 60 Pinewood Drive and, 399, 401 & 403 Blackburn Road",Mount Waverley,VIC,3149,"58 & 60 Pinewood Drive and, 399, 401 & 403 Blackburn Road, Mount Waverley VIC 3149",30/06/2027,Active,Standard registration conditions,YL Health Group Pty Ltd,30/06/2027,Active,Standard licence condition
vpa_public_register,2026-07-29T13:34:38.613Z,https://pharmacy.vic.gov.au/register-search/,MOUNT WAVERLEY PHARMACY,22 Hamilton Place,Mount Waverley,VIC,3149,"22 Hamilton Place, Mount Waverley VIC 3149",30/06/2027,Active,Standard registration conditions,Mt Waverley Pharmacy Pty Ltd,30/06/2027,Active,Standard licence condition
vpa_public_register,2026-07-29T13:34:38.613Z,https://pharmacy.vic.gov.au/register-search/,MOUNT WAVERLEY PHARMACY,22 Hamilton Place,Mount Waverley,VIC,3149,"22 Hamilton Place, Mount Waverley VIC 3149",30/06/2027,Active,Standard registration conditions,MW Pharm Pty Ltd,30/06/2027,Active,Standard licence condition
vpa_public_register,2026-07-29T13:34:38.613Z,https://pharmacy.vic.gov.au/register-search/,PRICELINE PINEWOOD PHARMACY,"Shop 9, 439 - 441 Blackburn Road",Mount Waverley,VIC,3149,"Shop 9, 439 - 441 Blackburn Road, Mount Waverley VIC 3149",30/06/2027,Active,Standard registration conditions,Pinewood Chemist Pty Ltd,30/06/2027,Active,Standard licence condition
vpa_public_register,2026-07-29T13:34:38.613Z,https://pharmacy.vic.gov.au/register-search/,WAVERLEY PRIVATE HOSPITAL PHARMACY DEPARTMENT,343 - 357 Blackburn Road,Mount Waverley,VIC,3149,"343 - 357 Blackburn Road, Mount Waverley VIC 3149",30/06/2027,Active,,HCOA OPERATIONS (AUSTRALIA) PTY LTD,30/06/2027,Active,Standard licence condition
vpa_public_register,2026-07-29T13:34:38.613Z,https://pharmacy.vic.gov.au/register-search/,Wong and Bendixen Pharmacy,77 Hamilton Place,Mount Waverley,VIC,3149,"77 Hamilton Place, Mount Waverley VIC 3149",30/06/2027,Active,Standard registration conditions,Abdrew Bendixen,30/06/2027,Active,Standard licence condition
vpa_public_register,2026-07-29T13:34:38.613Z,https://pharmacy.vic.gov.au/register-search/,Wong and Bendixen Pharmacy,77 Hamilton Place,Mount Waverley,VIC,3149,"77 Hamilton Place, Mount Waverley VIC 3149",30/06/2027,Active,Standard registration conditions,Jim Wong,30/06/2027,Active,Standard licence condition
vpa_public_register,2026-07-29T13:34:38.613Z,https://pharmacy.vic.gov.au/register-search/,Wong and Bendixen Pharmacy,77 Hamilton Place,Mount Waverley,VIC,3149,"77 Hamilton Place, Mount Waverley VIC 3149",30/06/2027,Active,Standard registration conditions,Mei Wong,30/06/2027,Active,Standard licence condition
vpa_public_register,2026-07-29T13:34:38.613Z,https://pharmacy.vic.gov.au/register-search/,Amcal The Glen Chemist,"Shop SP102, The Glen Shopping Centre, 235 Springvale Road",Glen Waverley,VIC,3150,"Shop SP102, The Glen Shopping Centre, 235 Springvale Road, Glen Waverley VIC 3150",30/06/2027,Active,Standard registration conditions,GW Pharmacy Pty Ltd,30/06/2027,Active,Standard licence condition
vpa_public_register,2026-07-29T13:34:38.613Z,https://pharmacy.vic.gov.au/register-search/,Amcal The Glen Chemist,"Shop SP102, The Glen Shopping Centre, 235 Springvale Road",Glen Waverley,VIC,3150,"Shop SP102, The Glen Shopping Centre, 235 Springvale Road, Glen Waverley VIC 3150",30/06/2027,Active,Standard registration conditions,RRZ Company Pty Ltd,30/06/2027,Active,Standard licence condition
vpa_public_register,2026-07-29T13:34:38.613Z,https://pharmacy.vic.gov.au/register-search/,Amcal The Glen Chemist,"Shop SP102, The Glen Shopping Centre, 235 Springvale Road",Glen Waverley,VIC,3150,"Shop SP102, The Glen Shopping Centre, 235 Springvale Road, Glen Waverley VIC 3150",30/06/2027,Active,Standard registration conditions,S Singh Pharm Investment Pty Ltd,30/06/2027,Active,Standard licence condition
vpa_public_register,2026-07-29T13:34:38.613Z,https://pharmacy.vic.gov.au/register-search/,BUCKLEY'S PHARMACY,210 Brandon Park Drive,Wheelers Hill,VIC,3150,"210 Brandon Park Drive, Wheelers Hill VIC 3150",30/06/2027,Active,Standard registration conditions,Melinda Chimien Trong,30/06/2027,Active,Standard licence condition
vpa_public_register,2026-07-29T13:34:38.613Z,https://pharmacy.vic.gov.au/register-search/,Chemist Warehouse Brandon Park Home Co.,"SP018, Home Co Brandon Park, 580 Springvale Road",Wheelers Hill,VIC,3150,"SP018, Home Co Brandon Park, 580 Springvale Road, Wheelers Hill VIC 3150",30/06/2027,Active,Standard registration conditions,Pharmacy O2285 Pty Ltd,30/06/2027,Active,Standard licence condition
vpa_public_register,2026-07-29T13:34:38.613Z,https://pharmacy.vic.gov.au/register-search/,Chemist Warehouse Glen Waverley,55 - 59 Railway Parade North,Glen Waverley,VIC,3150,"55 - 59 Railway Parade North, Glen Waverley VIC 3150",30/06/2027,Active,Standard registration conditions,Azman Haroon,30/06/2027,Active,Standard licence condition
vpa_public_register,2026-07-29T13:34:38.613Z,https://pharmacy.vic.gov.au/register-search/,Chemist Warehouse Glen Waverley,55 - 59 Railway Parade North,Glen Waverley,VIC,3150,"55 - 59 Railway Parade North, Glen Waverley VIC 3150",30/06/2027,Active,Standard registration conditions,Sam Bassaly,30/06/2027,Active,Standard licence condition
vpa_public_register,2026-07-29T13:34:38.613Z,https://pharmacy.vic.gov.au/register-search/,Chemist Warehouse The Glen Shopping Centre,"Shop MM09A, The Glen, 235 Springvale Road",GLEN WAVERLEY,VIC,3150,"Shop MM09A, The Glen, 235 Springvale Road, GLEN WAVERLEY VIC 3150",30/06/2027,Active,Standard registration conditions,Pharmacy O2396 Pty Ltd,30/06/2027,Active,Standard licence condition
vpa_public_register,2026-07-29T13:34:38.613Z,https://pharmacy.vic.gov.au/register-search/,GLEN WAVERLEY PHARMACY,191 Coleman Parade,Glen Waverley,VIC,3150,"191 Coleman Parade, Glen Waverley VIC 3150",30/06/2027,Active,Standard registration conditions,Sammy Choi,30/06/2027,Active,Standard licence condition
vpa_public_register,2026-07-29T13:34:38.613Z,https://pharmacy.vic.gov.au/register-search/,JELLS PARK PHARMACY,863 Waverley Road,Glen Waverley,VIC,3150,"863 Waverley Road, Glen Waverley VIC 3150",30/06/2027,Active,Standard registration conditions,Mai Phan,30/06/2027,Active,Standard licence condition
vpa_public_register,2026-07-29T13:34:38.613Z,https://pharmacy.vic.gov.au/register-search/,JELLS PARK PHARMACY,863 Waverley Road,Glen Waverley,VIC,3150,"863 Waverley Road, Glen Waverley VIC 3150",30/06/2027,Active,Standard registration conditions,Trang Jenny Phan,30/06/2027,Active,Standard licence condition
vpa_public_register,2026-07-29T13:34:38.613Z,https://pharmacy.vic.gov.au/register-search/,Kerrie Road Pharmacy,24 Kerrie Road,Glen Waverley,VIC,3150,"24 Kerrie Road, Glen Waverley VIC 3150",30/06/2027,Active,Standard registration conditions,Christian Rusak,30/06/2027,Active,Standard licence condition
vpa_public_register,2026-07-29T13:34:38.613Z,https://pharmacy.vic.gov.au/register-search/,Kerrie Road Pharmacy,24 Kerrie Road,Glen Waverley,VIC,3150,"24 Kerrie Road, Glen Waverley VIC 3150",30/06/2027,Active,Standard registration conditions,Marisa Rusak,30/06/2027,Active,Standard licence condition
vpa_public_register,2026-07-29T13:34:38.613Z,https://pharmacy.vic.gov.au/register-search/,Kerrie Road Pharmacy,24 Kerrie Road,Glen Waverley,VIC,3150,"24 Kerrie Road, Glen Waverley VIC 3150",30/06/2027,Active,Standard registration conditions,Paul Li,30/06/2027,Active,Standard licence condition
vpa_public_register,2026-07-29T13:34:38.613Z,https://pharmacy.vic.gov.au/register-search/,Kerrie Road Pharmacy,24 Kerrie Road,Glen Waverley,VIC,3150,"24 Kerrie Road, Glen Waverley VIC 3150",30/06/2027,Active,Standard registration conditions,Rachel Li,30/06/2027,Active,Standard licence condition
vpa_public_register,2026-07-29T13:34:38.613Z,https://pharmacy.vic.gov.au/register-search/,National Pharmacies Wheelers Hill,"Shops 9-11, Wheelers Hill Shopping Centre, 190 Jells Road",Wheelers Hill,VIC,3150,"Shops 9-11, Wheelers Hill Shopping Centre, 190 Jells Road, Wheelers Hill VIC 3150",30/06/2027,Active,Standard registration conditions,FRIENDLY SOCIETY MEDICAL ASSOCIATION LIMITED,30/06/2027,Active,Standard licence condition
vpa_public_register,2026-07-29T13:34:38.613Z,https://pharmacy.vic.gov.au/register-search/,PRICELINE PHARMACY BRANDON PARK,"SP028 Brandon Park S/C, 608 Ferntree Gully Road",Wheelers Hill,VIC,3150,"SP028 Brandon Park S/C, 608 Ferntree Gully Road, Wheelers Hill VIC 3150",30/06/2027,Active,Standard registration conditions,Leon Fleischer,30/06/2027,Active,Standard licence condition
vpa_public_register,2026-07-29T13:34:38.613Z,https://pharmacy.vic.gov.au/register-search/,S CHOI & PART. PHARMACY,255 Springvale Road,Glen Waverley,VIC,3150,"255 Springvale Road, Glen Waverley VIC 3150",30/06/2027,Active,Standard registration conditions,Sammy Choi,30/06/2027,Active,Standard licence condition
vpa_public_register,2026-07-29T13:34:38.613Z,https://pharmacy.vic.gov.au/register-search/,SYNDAL  PHARMACY,202 Blackburn Road,GLEN WAVERLEY,VIC,3150,"202 Blackburn Road, GLEN WAVERLEY VIC 3150",30/06/2027,Active,Standard registration conditions,malcolm levy,30/06/2027,Active,Standard licence condition
vpa_public_register,2026-07-29T13:34:38.613Z,https://pharmacy.vic.gov.au/register-search/,Terry White Chemmart The Glen,"Shop MM005, The Glen Shopping Centre, 235 Springvale Road",GLEN WAVERLEY,VIC,3150,"Shop MM005, The Glen Shopping Centre, 235 Springvale Road, GLEN WAVERLEY VIC 3150",30/06/2027,Active,Standard registration conditions,RRZ Company Pty Ltd,30/06/2027,Active,Standard licence condition
vpa_public_register,2026-07-29T13:34:38.613Z,https://pharmacy.vic.gov.au/register-search/,Terry White Chemmart The Glen,"Shop MM005, The Glen Shopping Centre, 235 Springvale Road",GLEN WAVERLEY,VIC,3150,"Shop MM005, The Glen Shopping Centre, 235 Springvale Road, GLEN WAVERLEY VIC 3150",30/06/2027,Active,Standard registration conditions,S Singh Pharm Investment Pty Ltd,30/06/2027,Active,Standard licence condition
vpa_public_register,2026-07-29T13:34:38.613Z,https://pharmacy.vic.gov.au/register-search/,Terry White Chemmart The Glen,"Shop MM005, The Glen Shopping Centre, 235 Springvale Road",GLEN WAVERLEY,VIC,3150,"Shop MM005, The Glen Shopping Centre, 235 Springvale Road, GLEN WAVERLEY VIC 3150",30/06/2027,Active,Standard registration conditions,TGWP Pty Ltd,30/06/2027,Active,Standard licence condition
vpa_public_register,2026-07-29T13:34:38.613Z,https://pharmacy.vic.gov.au/register-search/,Amcal Plus Life Clinic Burwood One,"Shop 20, Burwood One Shopping Centre, Cnr Burwood Highway & Blackburn Road",Burwood East,VIC,3151,"Shop 20, Burwood One Shopping Centre, Cnr Burwood Highway & Blackburn Road, Burwood East VIC 3151",30/06/2027,Active,Standard registration conditions,Linh Tran,30/06/2027,Active,Standard licence condition
vpa_public_register,2026-07-29T13:34:38.613Z,https://pharmacy.vic.gov.au/register-search/,Amcal Plus Life Clinic Burwood One,"Shop 20, Burwood One Shopping Centre, Cnr Burwood Highway & Blackburn Road",Burwood East,VIC,3151,"Shop 20, Burwood One Shopping Centre, Cnr Burwood Highway & Blackburn Road, Burwood East VIC 3151",30/06/2027,Active,Standard registration conditions,Tam Vuong,30/06/2027,Active,Standard licence condition
vpa_public_register,2026-07-29T13:34:38.613Z,https://pharmacy.vic.gov.au/register-search/,Choice Pharmacy Burwood,"Shop T03, Burwood Brickworks, 70 Middleborough Road",Burwood East,VIC,3151,"Shop T03, Burwood Brickworks, 70 Middleborough Road, Burwood East VIC 3151",30/06/2027,Active,Standard registration conditions,Choice Pharmacy Burwood Pty Ltd,30/06/2027,Active,Standard licence condition
vpa_public_register,2026-07-29T13:34:38.613Z,https://pharmacy.vic.gov.au/register-search/,Quality Pharmacy 777 Burwood East,"Lot 12 / 10 - 40, Burwood Hwy",BURWOOD EAST,VIC,3151,"Lot 12 / 10 - 40, Burwood Hwy, BURWOOD EAST VIC 3151",30/06/2027,Active,Standard registration conditions,Fahad Najjar,30/06/2027,Active,Standard licence condition
vpa_public_register,2026-07-29T13:34:38.613Z,https://pharmacy.vic.gov.au/register-search/,THE PETER JAMES CENTRE,"Pharmacy Department, Cnr Mahoneys Road & Burwood Highway",Burwood East,VIC,3151,"Pharmacy Department, Cnr Mahoneys Road & Burwood Highway, Burwood East VIC 3151",30/06/2027,Active,,EASTERN HEALTH,30/06/2027,Active,Standard licence condition
vpa_public_register,2026-07-29T13:34:38.613Z,https://pharmacy.vic.gov.au/register-search/,Amcal Pharmacy Wantirna South,203 Stud Road,Wantirna South,VIC,3152,"203 Stud Road, Wantirna South VIC 3152",30/06/2027,Active,Standard registration conditions,Bin Zhao,30/06/2027,Active,Standard licence condition
vpa_public_register,2026-07-29T13:34:38.613Z,https://pharmacy.vic.gov.au/register-search/,Amcal Pharmacy Wantirna South,203 Stud Road,Wantirna South,VIC,3152,"203 Stud Road, Wantirna South VIC 3152",30/06/2027,Active,Standard registration conditions,Chaoqun Wang,30/06/2027,Active,Standard licence condition
vpa_public_register,2026-07-29T13:34:38.613Z,https://pharmacy.vic.gov.au/register-search/,Amcal Pharmacy Wantirna South,203 Stud Road,Wantirna South,VIC,3152,"203 Stud Road, Wantirna South VIC 3152",30/06/2027,Active,Standard registration conditions,ke ma,30/06/2027,Active,Standard licence condition
vpa_public_register,2026-07-29T13:34:38.613Z,https://pharmacy.vic.gov.au/register-search/,Better Deals Discount Pharmacy,619 Boronia Road,WANTIRNA,VIC,3152,"619 Boronia Road, WANTIRNA VIC 3152",30/06/2027,Active,Standard registration conditions,Better Deals Pharmacy Pty Ltd,30/06/2027,Active,Standard licence condition
vpa_public_register,2026-07-29T13:34:38.613Z,https://pharmacy.vic.gov.au/register-search/,Chemist Warehouse Westfield Knox,"Shop 5041, Building 5, 3 Little Burwood Highway",Wantirna South,VIC,3152,"Shop 5041, Building 5, 3 Little Burwood Highway, Wantirna South VIC 3152",30/06/2027,Active,Standard registration conditions,Lara Dabscheck,30/06/2027,Active,Standard licence condition
vpa_public_register,2026-07-29T13:34:38.613Z,https://pharmacy.vic.gov.au/register-search/,COMMUNITY PHARMACY WANTIRNA,"Shop 3 & 4, The Mall Shopping Centre, Mountain Highway",Wantirna,VIC,3152,"Shop 3 & 4, The Mall Shopping Centre, Mountain Highway, Wantirna VIC 3152",30/06/2027,Active,Standard registration conditions,COMMUNITY PHARMACY FRIENDLY SOCIETY LTD,30/06/2027,Active,Standard licence condition
vpa_public_register,2026-07-29T13:34:38.613Z,https://pharmacy.vic.gov.au/register-search/,Direct Chemist Outlet Wantirna,"Shop 15 Wantirna Mall, 348 Mountain Highway",WANTIRNA,VIC,3152,"Shop 15 Wantirna Mall, 348 Mountain Highway, WANTIRNA VIC 3152",30/06/2027,Active,Standard registration conditions,John Shihata,30/06/2027,Active,Standard licence condition
vpa_public_register,2026-07-29T13:34:38.613Z,https://pharmacy.vic.gov.au/register-search/,Direct Chemist Outlet Wantirna,"Shop 15 Wantirna Mall, 348 Mountain Highway",WANTIRNA,VIC,3152,"Shop 15 Wantirna Mall, 348 Mountain Highway, WANTIRNA VIC 3152",30/06/2027,Active,Standard registration conditions,Michael Haberl,30/06/2027,Active,Standard licence condition
vpa_public_register,2026-07-29T13:34:38.613Z,https://pharmacy.vic.gov.au/register-search/,Direct Chemist Outlet Wantirna,"Shop 15 Wantirna Mall, 348 Mountain Highway",WANTIRNA,VIC,3152,"Shop 15 Wantirna Mall, 348 Mountain Highway, WANTIRNA VIC 3152",30/06/2027,Active,Standard registration conditions,Michael Morcos,30/06/2027,Active,Standard licence condition
vpa_public_register,2026-07-29T13:34:38.613Z,https://pharmacy.vic.gov.au/register-search/,HPS Pharmacies - Knox,"Knox Private Hospital, Part Level 1, Knox Private Hospital, 262 Mountain Hwy",Wantirna,VIC,3152,"Knox Private Hospital, Part Level 1, Knox Private Hospital, 262 Mountain Hwy, Wantirna VIC 3152",30/06/2027,Active,Standard registration conditions,HSP VIC No. 2 Pty Ltd,30/06/2027,Active,Standard licence condition
vpa_public_register,2026-07-29T13:34:38.613Z,https://pharmacy.vic.gov.au/register-search/,KNOXGATE PHARMACY,1326 High Street Road,Wantirna South,VIC,3152,"1326 High Street Road, Wantirna South VIC 3152",30/06/2027,Active,Standard registration conditions,Chi Ng,30/06/2027,Active,Standard licence condition
vpa_public_register,2026-07-29T13:34:38.613Z,https://pharmacy.vic.gov.au/register-search/,Priceline Pharmacy Knox,"Shop 1060 Knox City Shopping Centre, Cnr Burwood Hwy & Stud Rd",Wantirna South,VIC,3152,"Shop 1060 Knox City Shopping Centre, Cnr Burwood Hwy & Stud Rd, Wantirna South VIC 3152",30/06/2027,Active,Standard registration conditions,Knox City Pharmacy Pty Ltd,30/06/2027,Active,Standard licence condition
vpa_public_register,2026-07-29T13:34:38.613Z,https://pharmacy.vic.gov.au/register-search/,TerryWhite Chemmart Knox,"Shop MM205 Westfield Knox, 425 Burwood Highway",Wantirna South,VIC,3152,"Shop MM205 Westfield Knox, 425 Burwood Highway, Wantirna South VIC 3152",30/06/2027,Active,Standard registration conditions,Pharmacy @ Knox Pty Ltd,30/06/2027,Active,Standard licence condition
vpa_public_register,2026-07-29T13:34:38.613Z,https://pharmacy.vic.gov.au/register-search/,WANTIRNA HEALTH PHARMACY DEPARTMENT,251 Mountain Hwy,WANTIRNA,VIC,3152,"251 Mountain Hwy, WANTIRNA VIC 3152",30/06/2027,Active,,EASTERN HEALTH,30/06/2027,Active,Standard licence condition
vpa_public_register,2026-07-29T13:34:38.613Z,https://pharmacy.vic.gov.au/register-search/,Bayswater Discount Pharmacy,"Shop 35, Mountain High Shopping Centre, 7 - 13 High Street",BAYSWATER,VIC,3153,"Shop 35, Mountain High Shopping Centre, 7 - 13 High Street, BAYSWATER VIC 3153",30/06/2027,Active,Standard registration conditions,Michael Haberl,30/06/2027,Active,Standard licence condition
vpa_public_register,2026-07-29T13:34:38.613Z,https://pharmacy.vic.gov.au/register-search/,Bayswater Discount Pharmacy,"Shop 35, Mountain High Shopping Centre, 7 - 13 High Street",BAYSWATER,VIC,3153,"Shop 35, Mountain High Shopping Centre, 7 - 13 High Street, BAYSWATER VIC 3153",30/06/2027,Active,Standard registration conditions,Wai Lee,30/06/2027,Active,Standard licence condition
vpa_public_register,2026-07-29T13:34:38.613Z,https://pharmacy.vic.gov.au/register-search/,Bayswater Mycompounder Pharmacy,732 Mountain Hwy,Bayswater,VIC,3153,"732 Mountain Hwy, Bayswater VIC 3153",30/06/2027,Active,Standard registration conditions,MyDuke Pharmacy Pty Ltd,30/06/2027,Active,Standard licence condition
vpa_public_register,2026-07-29T13:34:38.613Z,https://pharmacy.vic.gov.au/register-search/,BAYSWATER NORTH PHARMACY,"Shop 4, Canterbury Gardens S/C, 17-39 Canterbury Road",Bayswater North,VIC,3153,"Shop 4, Canterbury Gardens S/C, 17-39 Canterbury Road, Bayswater North VIC 3153",30/06/2027,Active,Standard registration conditions,CIMMCO INTERNATIONAL PTY LTD,30/06/2027,Active,Standard licence condition
vpa_public_register,2026-07-29T13:34:38.613Z,https://pharmacy.vic.gov.au/register-search/,Direct Chemist Outlet Knox Health,G01/538 Mountain Highway,BAYSWATER,VIC,3153,"G01/538 Mountain Highway, BAYSWATER VIC 3153",30/06/2027,Active,Standard registration conditions,Michael Haberl,30/06/2027,Active,Standard licence condition
vpa_public_register,2026-07-29T13:34:38.613Z,https://pharmacy.vic.gov.au/register-search/,Direct Chemist Outlet Knox Health,G01/538 Mountain Highway,BAYSWATER,VIC,3153,"G01/538 Mountain Highway, BAYSWATER VIC 3153",30/06/2027,Active,Standard registration conditions,Wai Lee,30/06/2027,Active,Standard licence condition
vpa_public_register,2026-07-29T13:34:38.613Z,https://pharmacy.vic.gov.au/register-search/,TerryWhite Chemmart Bayswater,"Shop 2, 2 High Street",Bayswater,VIC,3153,"Shop 2, 2 High Street, Bayswater VIC 3153",30/06/2027,Active,Standard registration conditions,T3 Medication Management Pty Ltd,30/06/2027,Active,Standard licence condition
vpa_public_register,2026-07-29T13:34:38.613Z,https://pharmacy.vic.gov.au/register-search/,Boronia Community Pharmacy,3 / 148 Boronia Road,BORONIA,VIC,3155,"3 / 148 Boronia Road, BORONIA VIC 3155",30/06/2027,Active,Standard registration conditions,Ambrose Yuen,30/06/2027,Active,Standard licence condition
vpa_public_register,2026-07-29T13:34:38.613Z,https://pharmacy.vic.gov.au/register-search/,Boronia Community Pharmacy,3 / 148 Boronia Road,BORONIA,VIC,3155,"3 / 148 Boronia Road, BORONIA VIC 3155",30/06/2027,Active,Standard registration conditions,Garvin Lee,30/06/2027,Active,Standard licence condition
vpa_public_register,2026-07-29T13:34:38.613Z,https://pharmacy.vic.gov.au/register-search/,Boronia Community Pharmacy,3 / 148 Boronia Road,BORONIA,VIC,3155,"3 / 148 Boronia Road, BORONIA VIC 3155",30/06/2027,Active,Standard registration conditions,Nikolaos Kellis,30/06/2027,Active,Standard licence condition
vpa_public_register,2026-07-29T13:34:38.613Z,https://pharmacy.vic.gov.au/register-search/,BORONIA HEIGHTS PHARMACY,"Shop 3-4, 1096 Mountain Highway",Boronia,VIC,3155,"Shop 3-4, 1096 Mountain Highway, Boronia VIC 3155",30/06/2027,Active,Standard registration conditions,Alfred Tanaghow,30/06/2027,Active,Standard licence condition
vpa_public_register,2026-07-29T13:34:38.613Z,https://pharmacy.vic.gov.au/register-search/,BORONIA HEIGHTS PHARMACY,"Shop 3-4, 1096 Mountain Highway",Boronia,VIC,3155,"Shop 3-4, 1096 Mountain Highway, Boronia VIC 3155",30/06/2027,Active,Standard registration conditions,Mark Teofilo,30/06/2027,Active,Standard licence condition
vpa_public_register,2026-07-29T13:34:38.613Z,https://pharmacy.vic.gov.au/register-search/,Boronia Junction Pharmacy,"Shop 9, Boronia Junction S/C, 123 Boronia Road",Boronia,VIC,3155,"Shop 9, Boronia Junction S/C, 123 Boronia Road, Boronia VIC 3155",30/06/2027,Active,Standard registration conditions,Ambrose Yuen,30/06/2027,Active,Standard licence condition
vpa_public_register,2026-07-29T13:34:38.613Z,https://pharmacy.vic.gov.au/register-search/,Boronia Junction Pharmacy,"Shop 9, Boronia Junction S/C, 123 Boronia Road",Boronia,VIC,3155,"Shop 9, Boronia Junction S/C, 123 Boronia Road, Boronia VIC 3155",30/06/2027,Active,Standard registration conditions,Garvin Lee,30/06/2027,Active,Standard licence condition
vpa_public_register,2026-07-29T13:34:38.613Z,https://pharmacy.vic.gov.au/register-search/,Boronia Junction Pharmacy,"Shop 9, Boronia Junction S/C, 123 Boronia Road",Boronia,VIC,3155,"Shop 9, Boronia Junction S/C, 123 Boronia Road, Boronia VIC 3155",30/06/2027,Active,Standard registration conditions,Nikolaos Kellis,30/06/2027,Active,Standard licence condition
vpa_public_register,2026-07-29T13:34:38.613Z,https://pharmacy.vic.gov.au/register-search/,Chemist Discount Centre Boronia,"Shop 20, Dorset Square",Boronia,VIC,3155,"Shop 20, Dorset Square, Boronia VIC 3155",30/06/2027,Active,Standard registration conditions,Nicholas Kokovitis,30/06/2027,Active,Standard licence condition
vpa_public_register,2026-07-29T13:34:38.613Z,https://pharmacy.vic.gov.au/register-search/,Chemist Discount Centre Boronia,"Shop 20, Dorset Square",Boronia,VIC,3155,"Shop 20, Dorset Square, Boronia VIC 3155",30/06/2027,Active,Standard registration conditions,Rebecca Barron,30/06/2027,Active,Standard licence condition
vpa_public_register,2026-07-29T13:34:38.613Z,https://pharmacy.vic.gov.au/register-search/,Greater Knox Pharmacy,43 Boronia Road,BORONIA,VIC,3155,"43 Boronia Road, BORONIA VIC 3155",30/06/2027,Active,Standard registration conditions,Manar Bushnaq,30/06/2027,Active,Standard licence condition
vpa_public_register,2026-07-29T13:34:38.613Z,https://pharmacy.vic.gov.au/register-search/,Melbourne Eastern Pharmacy,"GF-S6 & Level 1-S9,, Melbourne Eastern HealthCare Village",BORONIA,VIC,3155,"GF-S6 & Level 1-S9,, Melbourne Eastern HealthCare Village, BORONIA VIC 3155",30/06/2027,Active,Standard registration conditions,MEPH Pharmacy Pty Ltd,30/06/2027,Active,Standard licence condition
vpa_public_register,2026-07-29T13:34:38.613Z,https://pharmacy.vic.gov.au/register-search/,TerryWhite Chemmart Boronia,"Shop 29, 30 & 47 Boronia Mall, Dorset Square",Boronia,VIC,3155,"Shop 29, 30 & 47 Boronia Mall, Dorset Square, Boronia VIC 3155",30/06/2027,Active,Standard registration conditions,Total Wellness Boronia Pharmacy Pty Ltd,30/06/2027,Active,Standard licence condition
vpa_public_register,2026-07-29T13:34:38.613Z,https://pharmacy.vic.gov.au/register-search/,ANGLISS HOSPITAL PHARMACY DEPARTMENT,Albert Street,Ferntree Gully,VIC,3156,"Albert Street, Ferntree Gully VIC 3156",30/06/2027,Active,,EASTERN HEALTH,30/06/2027,Active,Standard licence condition
vpa_public_register,2026-07-29T13:34:38.613Z,https://pharmacy.vic.gov.au/register-search/,Chemist Discount Centre Upper Ferntree Gully,"Shop 9-10, Ferntree Plaza, 1200 Burwood Highway",Upper Ferntree Gully,VIC,3156,"Shop 9-10, Ferntree Plaza, 1200 Burwood Highway, Upper Ferntree Gully VIC 3156",30/06/2027,Active,Standard registration conditions,Por Heng La,30/06/2027,Active,Standard licence condition
vpa_public_register,2026-07-29T13:34:38.613Z,https://pharmacy.vic.gov.au/register-search/,Chemist Discount Centre Upper Ferntree Gully,"Shop 9-10, Ferntree Plaza, 1200 Burwood Highway",Upper Ferntree Gully,VIC,3156,"Shop 9-10, Ferntree Plaza, 1200 Burwood Highway, Upper Ferntree Gully VIC 3156",30/06/2027,Active,Standard registration conditions,Tracy Mu,30/06/2027,Active,Standard licence condition
vpa_public_register,2026-07-29T13:34:38.613Z,https://pharmacy.vic.gov.au/register-search/,Chemist Warehouse Ferntree Gully,"Unit 4 & 5, 1015 Burwood Highway",FERNTREE GULLY,VIC,3156,"Unit 4 & 5, 1015 Burwood Highway, FERNTREE GULLY VIC 3156",30/06/2027,Active,Standard registration conditions,Anna Nipperess,30/06/2027,Active,Standard licence condition
vpa_public_register,2026-07-29T13:34:38.613Z,https://pharmacy.vic.gov.au/register-search/,Chemist Warehouse Ferntree Gully,"Unit 4 & 5, 1015 Burwood Highway",FERNTREE GULLY,VIC,3156,"Unit 4 & 5, 1015 Burwood Highway, FERNTREE GULLY VIC 3156",30/06/2027,Active,Standard registration conditions,Gavin Brammer,30/06/2027,Active,Standard licence condition
vpa_public_register,2026-07-29T13:34:38.613Z,https://pharmacy.vic.gov.au/register-search/,Priceline Pharmacy Mountain Gate,"Shop 28 & 29,, Mountain Gate Shopping Centre",Ferntree Gully,VIC,3156,"Shop 28 & 29,, Mountain Gate Shopping Centre, Ferntree Gully VIC 3156",30/06/2027,Active,Standard registration conditions | Specific registration condition,4M Pharmacy Group Pty Ltd,30/06/2027,Active,Standard licence condition
vpa_public_register,2026-07-29T13:34:38.613Z,https://pharmacy.vic.gov.au/register-search/,TerryWhite Chemmart Ferntree Gully,6 / 42 Station Street,Ferntree Gully,VIC,3156,"6 / 42 Station Street, Ferntree Gully VIC 3156",30/06/2027,Active,Standard registration conditions,The G's Pharmaceutical Pty Ltd,30/06/2027,Active,Standard licence condition
vpa_public_register,2026-07-29T13:34:38.613Z,https://pharmacy.vic.gov.au/register-search/,TerryWhite Chemmart Mountain Gate,"Shop 12, Mountain Gate Plaza, 854 Burwood Hwy",Ferntree Gully,VIC,3156,"Shop 12, Mountain Gate Plaza, 854 Burwood Hwy, Ferntree Gully VIC 3156",30/06/2027,Active,Standard registration conditions,Iron Nook Pty Ltd,30/06/2027,Active,Standard licence condition
vpa_public_register,2026-07-29T13:34:38.613Z,https://pharmacy.vic.gov.au/register-search/,Elixir Compounding Pharmacy,"Shop 18, Mountain Gate Shopping Centre, 1880 Ferntree Gully Road",FERNTREE GULLY,VIC,3158,"Shop 18, Mountain Gate Shopping Centre, 1880 Ferntree Gully Road, FERNTREE GULLY VIC 3158",30/06/2027,Active,Standard registration conditions,Elixir Compounding Pharmacy Pty Ltd,30/06/2027,Active,Standard licence condition
vpa_public_register,2026-07-29T13:34:38.613Z,https://pharmacy.vic.gov.au/register-search/,UPWEY PHARMACY,38 Main Street,Upwey,VIC,3158,"38 Main Street, Upwey VIC 3158",30/06/2027,Active,Standard registration conditions,Upwey Pharmacy Services Pty Ltd,30/06/2027,Active,Standard licence condition
vpa_public_register,2026-07-29T13:34:38.613Z,https://pharmacy.vic.gov.au/register-search/,BELGRAVE COMMUNITY PHARMACY,1639 Burwood Highway,BELGRAVE,VIC,3160,"1639 Burwood Highway, BELGRAVE VIC 3160",30/06/2027,Active,Standard registration conditions,BELGRAVE COMMUNITY PHARMACY PTY LTD,30/06/2027,Active,Standard licence condition
vpa_public_register,2026-07-29T13:34:38.613Z,https://pharmacy.vic.gov.au/register-search/,BELGRAVE SOUTH PHARMACY,132 Colby Drive,Belgrave South,VIC,3160,"132 Colby Drive, Belgrave South VIC 3160",30/06/2027,Active,Standard registration conditions,Michael Khoo,30/06/2027,Active,Standard licence condition
vpa_public_register,2026-07-29T13:34:38.613Z,https://pharmacy.vic.gov.au/register-search/,Your Pharmacy Alma Village,354 Orrong Road,Caulfield North,VIC,3161,"354 Orrong Road, Caulfield North VIC 3161",30/06/2027,Active,Standard registration conditions,Daniel Hay,30/06/2027,Active,Standard licence condition
vpa_public_register,2026-07-29T13:34:38.613Z,https://pharmacy.vic.gov.au/register-search/,Your Pharmacy Alma Village,354 Orrong Road,Caulfield North,VIC,3161,"354 Orrong Road, Caulfield North VIC 3161",30/06/2027,Active,Standard registration conditions,Eloise Hay,30/06/2027,Active,Standard licence condition
vpa_public_register,2026-07-29T13:34:38.613Z,https://pharmacy.vic.gov.au/register-search/,YOUR PHARMACY CAULFIELD PARK,140 - 142 Hawthorn Road,Caulfield North,VIC,3161,"140 - 142 Hawthorn Road, Caulfield North VIC 3161",30/06/2027,Active,Standard registration conditions,Caulfield Compounding Pharmacy Pty Ltd,30/06/2027,Active,Standard licence condition
vpa_public_register,2026-07-29T13:34:38.613Z,https://pharmacy.vic.gov.au/register-search/,Calvary Health Care Bethlehem Pharmacy Department - Caulfield,476 Kooyong Road,CAULFIELD,VIC,3162,"476 Kooyong Road, CAULFIELD VIC 3162",30/06/2027,Active,,CALVARY HEALTH CARE BETHLEHEM LIMITED,30/06/2027,Active,Standard licence condition
vpa_public_register,2026-07-29T13:34:38.613Z,https://pharmacy.vic.gov.au/register-search/,Caulfield Chemist,618 Glenhuntly Road,Caulfield South,VIC,3162,"618 Glenhuntly Road, Caulfield South VIC 3162",30/06/2027,Active,Standard registration conditions,Caulfield Chemist Pty Ltd,30/06/2027,Active,Standard licence condition
vpa_public_register,2026-07-29T13:34:38.613Z,https://pharmacy.vic.gov.au/register-search/,CAULFIELD HOSPITAL PHARMACY DEPARTMENT,260 - 294 Kooyong Road,Caulfield,VIC,3162,"260 - 294 Kooyong Road, Caulfield VIC 3162",30/06/2027,Active,,Bayside Health,30/06/2027,Active,Standard licence condition
vpa_public_register,2026-07-29T13:34:38.613Z,https://pharmacy.vic.gov.au/register-search/,Dartnells Pharmacy Caulfield,839 - 841 Glenhuntly Road,Caulfield South,VIC,3162,"839 - 841 Glenhuntly Road, Caulfield South VIC 3162",30/06/2027,Active,Standard registration conditions,Leslie Bassin,30/06/2027,Active,Standard licence condition
vpa_public_register,2026-07-29T13:34:38.613Z,https://pharmacy.vic.gov.au/register-search/,Dartnells Pharmacy Caulfield,839 - 841 Glenhuntly Road,Caulfield South,VIC,3162,"839 - 841 Glenhuntly Road, Caulfield South VIC 3162",30/06/2027,Active,Standard registration conditions,Stanley Sacks,30/06/2027,Active,Standard licence condition
vpa_public_register,2026-07-29T13:34:38.613Z,https://pharmacy.vic.gov.au/register-search/,Dukasa Dispensary,644 - 646 Glen Huntly Road,Caulfield South,VIC,3162,"644 - 646 Glen Huntly Road, Caulfield South VIC 3162",30/06/2027,Active,Standard registration conditions,Dukasa Pty Ltd,30/06/2027,Active,Standard licence condition
vpa_public_register,2026-07-29T13:34:38.613Z,https://pharmacy.vic.gov.au/register-search/,Nova Pharmacy Caulfield,781 Glenhuntly Road,Caulfield South,VIC,3162,"781 Glenhuntly Road, Caulfield South VIC 3162",30/06/2027,Active,Standard registration conditions,Limor Rose,30/06/2027,Active,Standard licence condition
vpa_public_register,2026-07-29T13:34:38.613Z,https://pharmacy.vic.gov.au/register-search/,PRICELINE PHARMACY CAULFIELD,788 Glenhuntly Road,Caulfield South,VIC,3162,"788 Glenhuntly Road, Caulfield South VIC 3162",30/06/2027,Active,Standard registration conditions,Genya Fleischer,30/06/2027,Active,Standard licence condition
vpa_public_register,2026-07-29T13:34:38.613Z,https://pharmacy.vic.gov.au/register-search/,PRICELINE PHARMACY CAULFIELD,788 Glenhuntly Road,Caulfield South,VIC,3162,"788 Glenhuntly Road, Caulfield South VIC 3162",30/06/2027,Active,Standard registration conditions,Leon Fleischer,30/06/2027,Active,Standard licence condition
vpa_public_register,2026-07-29T13:34:38.613Z,https://pharmacy.vic.gov.au/register-search/,Vert Dispensary,"Ground Floor, 902 - 904 Glenhuntly Road",Caulfield South,VIC,3162,"Ground Floor, 902 - 904 Glenhuntly Road, Caulfield South VIC 3162",30/06/2027,Active,Standard registration conditions,Vert Dispensary Pty Ltd,30/06/2027,Active,Standard licence condition
vpa_public_register,2026-07-29T13:34:38.613Z,https://pharmacy.vic.gov.au/register-search/,Carnegie Pharmacy,107 - 109 Koornang Road,Carnegie,VIC,3163,"107 - 109 Koornang Road, Carnegie VIC 3163",30/06/2027,Active,Standard registration conditions,Global Leong Pharmacy Pty Ltd,30/06/2027,Active,Standard licence condition
vpa_public_register,2026-07-29T13:34:38.613Z,https://pharmacy.vic.gov.au/register-search/,Chemist Warehouse Carnegie,28 - 30 Koornang Road,Carnegie,VIC,3163,"28 - 30 Koornang Road, Carnegie VIC 3163",30/06/2027,Active,Standard registration conditions,Danielle Di Pilla,30/06/2027,Active,Standard licence condition
vpa_public_register,2026-07-29T13:34:38.613Z,https://pharmacy.vic.gov.au/register-search/,Chemist Warehouse Carnegie,28 - 30 Koornang Road,Carnegie,VIC,3163,"28 - 30 Koornang Road, Carnegie VIC 3163",30/06/2027,Active,Standard registration conditions,Elie Rotstein,30/06/2027,Active,Standard licence condition
vpa_public_register,2026-07-29T13:34:38.613Z,https://pharmacy.vic.gov.au/register-search/,Chemist Warehouse Koornang Road,83 Koornang Road,CARNEGIE,VIC,3163,"83 Koornang Road, CARNEGIE VIC 3163",30/06/2027,Active,Standard registration conditions,Alison Tascone,30/06/2027,Active,Standard licence condition
vpa_public_register,2026-07-29T13:34:38.613Z,https://pharmacy.vic.gov.au/register-search/,Chemist Warehouse Koornang Road,83 Koornang Road,CARNEGIE,VIC,3163,"83 Koornang Road, CARNEGIE VIC 3163",30/06/2027,Active,Standard registration conditions,Elie Rotstein,30/06/2027,Active,Standard licence condition
vpa_public_register,2026-07-29T13:34:38.613Z,https://pharmacy.vic.gov.au/register-search/,COMMUNITY PHARMACY GLEN HUNTLY,1106 Glenhuntly Road,Glenhuntly,VIC,3163,"1106 Glenhuntly Road, Glenhuntly VIC 3163",30/06/2027,Active,Standard registration conditions,COMMUNITY PHARMACY FRIENDLY SOCIETY LTD,30/06/2027,Active,Standard licence condition
vpa_public_register,2026-07-29T13:34:38.613Z,https://pharmacy.vic.gov.au/register-search/,David Jones Pharmacy,448 Neerim Road,Murrumbeena,VIC,3163,"448 Neerim Road, Murrumbeena VIC 3163",30/06/2027,Active,Standard registration conditions,Pharmaline Pty Ltd,30/06/2027,Active,Standard licence condition
vpa_public_register,2026-07-29T13:34:38.613Z,https://pharmacy.vic.gov.au/register-search/,MediGreen Dispensary Carnegie,93 Koornang Road,Carnegie,VIC,3163,"93 Koornang Road, Carnegie VIC 3163",30/06/2027,Active,Standard registration conditions,Angelica Rostova Pty Ltd,30/06/2027,Active,Standard licence condition
vpa_public_register,2026-07-29T13:34:38.613Z,https://pharmacy.vic.gov.au/register-search/,MediGreen Dispensary Carnegie,93 Koornang Road,Carnegie,VIC,3163,"93 Koornang Road, Carnegie VIC 3163",30/06/2027,Active,Standard registration conditions,Sharon Miller Pty Ltd,30/06/2027,Active,Standard licence condition
vpa_public_register,2026-07-29T13:34:38.613Z,https://pharmacy.vic.gov.au/register-search/,MURRUMBEENA PHARMACY,227A Murrumbeena Road,Murrumbeena,VIC,3163,"227A Murrumbeena Road, Murrumbeena VIC 3163",30/06/2027,Active,Standard registration conditions,Trinh Dang,30/06/2027,Active,Standard licence condition
vpa_public_register,2026-07-29T13:34:38.613Z,https://pharmacy.vic.gov.au/register-search/,Priceline Pharmacy Carnegie,"Shop 3, 2 - 20 Koornang Road",Carnegie,VIC,3163,"Shop 3, 2 - 20 Koornang Road, Carnegie VIC 3163",30/06/2027,Active,Standard registration conditions,Ali Eqbal,30/06/2027,Active,Standard licence condition
vpa_public_register,2026-07-29T13:34:38.613Z,https://pharmacy.vic.gov.au/register-search/,Priceline Pharmacy Carnegie,"Shop 3, 2 - 20 Koornang Road",Carnegie,VIC,3163,"Shop 3, 2 - 20 Koornang Road, Carnegie VIC 3163",30/06/2027,Active,Standard registration conditions,Michel Athnasyous,30/06/2027,Active,Standard licence condition
vpa_public_register,2026-07-29T13:34:38.613Z,https://pharmacy.vic.gov.au/register-search/,Priceline Pharmacy Carnegie,"Shop 3, 2 - 20 Koornang Road",Carnegie,VIC,3163,"Shop 3, 2 - 20 Koornang Road, Carnegie VIC 3163",30/06/2027,Active,Standard registration conditions,Mina Ghobrial,30/06/2027,Active,Standard licence condition
vpa_public_register,2026-07-29T13:34:38.613Z,https://pharmacy.vic.gov.au/register-search/,Ramsay Pharmacy Glen Huntly,1179-1181 Glen Huntly Road,Glen Huntly,VIC,3163,"1179-1181 Glen Huntly Road, Glen Huntly VIC 3163",30/06/2027,Active,Standard registration conditions,Pharmakon Enterprises Pty Ltd,30/06/2027,Active,Standard licence condition
vpa_public_register,2026-07-29T13:34:38.613Z,https://pharmacy.vic.gov.au/register-search/,CHESTERVILLE PHARMACY,301 Chesterville Road,Bentleigh East,VIC,3165,"301 Chesterville Road, Bentleigh East VIC 3165",30/06/2027,Active,Standard registration conditions,Chesterville Road Pharmacy Pty Ltd,30/06/2027,Active,Standard licence condition
vpa_public_register,2026-07-29T13:34:38.613Z,https://pharmacy.vic.gov.au/register-search/,EAST BENTLEIGH PHARMACY,953 Centre Road,Bentleigh East,VIC,3165,"953 Centre Road, Bentleigh East VIC 3165",30/06/2027,Active,Standard registration conditions,BTM GRP Pty Ltd,30/06/2027,Active,Standard licence condition
vpa_public_register,2026-07-29T13:34:38.613Z,https://pharmacy.vic.gov.au/register-search/,MACKIE PHARMACY,71 Mackie Road,Bentleigh East,VIC,3165,"71 Mackie Road, Bentleigh East VIC 3165",30/06/2027,Active,Standard registration conditions,Alexander Starikov,30/06/2027,Active,Standard licence condition
vpa_public_register,2026-07-29T13:34:38.613Z,https://pharmacy.vic.gov.au/register-search/,MACKIE PHARMACY,71 Mackie Road,Bentleigh East,VIC,3165,"71 Mackie Road, Bentleigh East VIC 3165",30/06/2027,Active,Standard registration conditions,Katherine Kouroulis,30/06/2027,Active,Standard licence condition
vpa_public_register,2026-07-29T13:34:38.613Z,https://pharmacy.vic.gov.au/register-search/,MACKIE PHARMACY,71 Mackie Road,Bentleigh East,VIC,3165,"71 Mackie Road, Bentleigh East VIC 3165",30/06/2027,Active,Standard registration conditions,Kok Toh,30/06/2027,Active,Standard licence condition
vpa_public_register,2026-07-29T13:34:38.613Z,https://pharmacy.vic.gov.au/register-search/,MACKIE PHARMACY,71 Mackie Road,Bentleigh East,VIC,3165,"71 Mackie Road, Bentleigh East VIC 3165",30/06/2027,Active,Standard registration conditions,Stefanos Giannakopoulos,30/06/2027,Active,Standard licence condition
vpa_public_register,2026-07-29T13:34:38.613Z,https://pharmacy.vic.gov.au/register-search/,MONASH HEALTH PHARMACY DEPARTMENT  MOORABBIN CAMPUS,Centre Road,Bentleigh East,VIC,3165,"Centre Road, Bentleigh East VIC 3165",30/06/2027,Active,,MONASH HEALTH,30/06/2027,Active,Standard licence condition
vpa_public_register,2026-07-29T13:34:38.613Z,https://pharmacy.vic.gov.au/register-search/,Priceline Pharmacy Bentleigh East,775 Centre Road,Bentleigh East,VIC,3165,"775 Centre Road, Bentleigh East VIC 3165",30/06/2027,Active,Standard registration conditions,Bin Zhao,30/06/2027,Active,Standard licence condition
vpa_public_register,2026-07-29T13:34:38.613Z,https://pharmacy.vic.gov.au/register-search/,Priceline Pharmacy Bentleigh East,775 Centre Road,Bentleigh East,VIC,3165,"775 Centre Road, Bentleigh East VIC 3165",30/06/2027,Active,Standard registration conditions,Chaoqun Wang,30/06/2027,Active,Standard licence condition
vpa_public_register,2026-07-29T13:34:38.613Z,https://pharmacy.vic.gov.au/register-search/,Priceline Pharmacy Bentleigh East,775 Centre Road,Bentleigh East,VIC,3165,"775 Centre Road, Bentleigh East VIC 3165",30/06/2027,Active,Standard registration conditions,ke ma,30/06/2027,Active,Standard licence condition
vpa_public_register,2026-07-29T13:34:38.613Z,https://pharmacy.vic.gov.au/register-search/,CHEMIST WAREHOUSE CHADSTONE DC,1535 Dandenong Road,OAKLEIGH,VIC,3166,"1535 Dandenong Road, OAKLEIGH VIC 3166",30/06/2027,Active,Standard registration conditions,Jolimia Pty Ltd,30/06/2027,Active,Standard licence condition
vpa_public_register,2026-07-29T13:34:38.613Z,https://pharmacy.vic.gov.au/register-search/,CHEMIST WAREHOUSE OAKLEIGH,36-38 Eaton Mall,Oakleigh,VIC,3166,"36-38 Eaton Mall, Oakleigh VIC 3166",30/06/2027,Active,Standard registration conditions,Damien Gance,30/06/2027,Active,Standard licence condition
vpa_public_register,2026-07-29T13:34:38.613Z,https://pharmacy.vic.gov.au/register-search/,CHEMIST WAREHOUSE OAKLEIGH,36-38 Eaton Mall,Oakleigh,VIC,3166,"36-38 Eaton Mall, Oakleigh VIC 3166",30/06/2027,Active,Standard registration conditions,Konstandina Zakkas,30/06/2027,Active,Standard licence condition
vpa_public_register,2026-07-29T13:34:38.613Z,https://pharmacy.vic.gov.au/register-search/,CHEMIST WAREHOUSE OAKLEIGH,36-38 Eaton Mall,Oakleigh,VIC,3166,"36-38 Eaton Mall, Oakleigh VIC 3166",30/06/2027,Active,Standard registration conditions,Steve Zakkas,30/06/2027,Active,Standard licence condition
vpa_public_register,2026-07-29T13:34:38.613Z,https://pharmacy.vic.gov.au/register-search/,East Oakleigh Pharmacy & Post Office,186 D Huntingdale Road,Oakleigh East,VIC,3166,"186 D Huntingdale Road, Oakleigh East VIC 3166",30/06/2027,Active,Standard registration conditions,Ramy Shenouda,30/06/2027,Active,Standard licence condition
vpa_public_register,2026-07-29T13:34:38.613Z,https://pharmacy.vic.gov.au/register-search/,East Oakleigh Pharmacy & Post Office,186 D Huntingdale Road,Oakleigh East,VIC,3166,"186 D Huntingdale Road, Oakleigh East VIC 3166",30/06/2027,Active,Standard registration conditions,Rasha Shenouda,30/06/2027,Active,Standard licence condition
vpa_public_register,2026-07-29T13:34:38.613Z,https://pharmacy.vic.gov.au/register-search/,FOURWAY PHARMACY,282A Huntingdale Road,Huntingdale,VIC,3166,"282A Huntingdale Road, Huntingdale VIC 3166",30/06/2027,Active,Standard registration conditions,Tran Nguyen,30/06/2027,Active,Standard licence condition
vpa_public_register,2026-07-29T13:34:38.613Z,https://pharmacy.vic.gov.au/register-search/,Hughesdale Pharmacy,96A Poath Road,Hughesdale,VIC,3166,"96A Poath Road, Hughesdale VIC 3166",30/06/2027,Active,Standard registration conditions,Hughesdale Community Pharmacy Pty Ltd,30/06/2027,Active,Standard licence condition
vpa_public_register,2026-07-29T13:34:38.613Z,https://pharmacy.vic.gov.au/register-search/,HUNTINGDALE PHARMACY,294 Huntingdale Road,Huntingdale,VIC,3166,"294 Huntingdale Road, Huntingdale VIC 3166",30/06/2027,Active,Standard registration conditions,Shing Yip Lai,30/06/2027,Active,Standard licence condition
vpa_public_register,2026-07-29T13:34:38.613Z,https://pharmacy.vic.gov.au/register-search/,OAKLEIGH CENTRAL AMCAL PHARMACY,"Shop 5 - 7, Oakleigh Central S/C, Station Street",Oakleigh,VIC,3166,"Shop 5 - 7, Oakleigh Central S/C, Station Street, Oakleigh VIC 3166",30/06/2027,Active,Standard registration conditions,Marylin Tsitonakis,30/06/2027,Active,Standard licence condition
vpa_public_register,2026-07-29T13:34:38.613Z,https://pharmacy.vic.gov.au/register-search/,TRUST CHEMISTS,1 Eaton Mall,Oakleigh,VIC,3166,"1 Eaton Mall, Oakleigh VIC 3166",30/06/2027,Active,Standard registration conditions,Conrad Alimonakis,30/06/2027,Active,Standard licence condition
vpa_public_register,2026-07-29T13:34:38.613Z,https://pharmacy.vic.gov.au/register-search/,Chemist Warehouse Oakleigh South - The Links,"Tenancy T4, The Links Shopping Centre, 1041 Centre Road",Oakleigh South,VIC,3167,"Tenancy T4, The Links Shopping Centre, 1041 Centre Road, Oakleigh South VIC 3167",30/06/2027,Active,Standard registration conditions,Konstandina Zakkas,30/06/2027,Active,Standard licence condition
vpa_public_register,2026-07-29T13:34:38.613Z,https://pharmacy.vic.gov.au/register-search/,Chemist Warehouse Oakleigh South - The Links,"Tenancy T4, The Links Shopping Centre, 1041 Centre Road",Oakleigh South,VIC,3167,"Tenancy T4, The Links Shopping Centre, 1041 Centre Road, Oakleigh South VIC 3167",30/06/2027,Active,Standard registration conditions,Steve Zakkas,30/06/2027,Active,Standard licence condition
vpa_public_register,2026-07-29T13:34:38.613Z,https://pharmacy.vic.gov.au/register-search/,Direct Chemist Outlet South Oakleigh,1146 - 1148 North Road,OAKLEIGH SOUTH,VIC,3167,"1146 - 1148 North Road, OAKLEIGH SOUTH VIC 3167",30/06/2027,Active,Standard registration conditions,Fady Joseph Antoun Moussa,30/06/2027,Active,Standard licence condition
vpa_public_register,2026-07-29T13:34:38.613Z,https://pharmacy.vic.gov.au/register-search/,Direct Chemist Outlet South Oakleigh,1146 - 1148 North Road,OAKLEIGH SOUTH,VIC,3167,"1146 - 1148 North Road, OAKLEIGH SOUTH VIC 3167",30/06/2027,Active,Standard registration conditions,Mina Tawadros,30/06/2027,Active,Standard licence condition
vpa_public_register,2026-07-29T13:34:38.613Z,https://pharmacy.vic.gov.au/register-search/,Chemist Discount Centre M-City Clayton,"Tenancy MM01 and MM02, M-City Retail Shopping Centre, 2107 - 2125 Dandenong Road",Clayton,VIC,3168,"Tenancy MM01 and MM02, M-City Retail Shopping Centre, 2107 - 2125 Dandenong Road, Clayton VIC 3168",30/06/2027,Active,Standard registration conditions,Alfatah Pharmacies M-City Pty Ltd,30/06/2027,Active,Standard licence condition
vpa_public_register,2026-07-29T13:34:38.613Z,https://pharmacy.vic.gov.au/register-search/,CHEMIST WAREHOUSE CLAYTON,403-407 Clayton Road,Clayton,VIC,3168,"403-407 Clayton Road, Clayton VIC 3168",30/06/2027,Active,Standard registration conditions,EAST YARRA FRIENDLY SOCIETY PTY LTD,30/06/2027,Active,Standard licence condition
vpa_public_register,2026-07-29T13:34:38.613Z,https://pharmacy.vic.gov.au/register-search/,CHEMIST WAREHOUSE CLAYTON,403-407 Clayton Road,Clayton,VIC,3168,"403-407 Clayton Road, Clayton VIC 3168",30/06/2027,Active,Standard registration conditions,Steve Zakkas,30/06/2027,Active,Standard licence condition
vpa_public_register,2026-07-29T13:34:38.613Z,https://pharmacy.vic.gov.au/register-search/,Clayton Central Pharmacy,"373A, 373B & 373C Clayton Road",CLAYTON,VIC,3168,"373A, 373B & 373C Clayton Road, CLAYTON VIC 3168",30/06/2027,Active,Standard registration conditions,John-Paul Daggian,30/06/2027,Active,Standard licence condition
vpa_public_register,2026-07-29T13:34:38.613Z,https://pharmacy.vic.gov.au/register-search/,Clayton Central Pharmacy,"373A, 373B & 373C Clayton Road",CLAYTON,VIC,3168,"373A, 373B & 373C Clayton Road, CLAYTON VIC 3168",30/06/2027,Active,Standard registration conditions,Jonathan Daggian,30/06/2027,Active,Standard licence condition
vpa_public_register,2026-07-29T13:34:38.613Z,https://pharmacy.vic.gov.au/register-search/,Clayton Central Pharmacy,"373A, 373B & 373C Clayton Road",CLAYTON,VIC,3168,"373A, 373B & 373C Clayton Road, CLAYTON VIC 3168",30/06/2027,Active,Standard registration conditions,Joseph Daggian,30/06/2027,Active,Standard licence condition
vpa_public_register,2026-07-29T13:34:38.613Z,https://pharmacy.vic.gov.au/register-search/,FULTON'S PHARMACY & WHITBURN POST AGENCY,1907 Dandenong Road,Clayton North,VIC,3168,"1907 Dandenong Road, Clayton North VIC 3168",30/06/2027,Active,Standard registration conditions,Yen Nguyen,30/06/2027,Active,Standard licence condition
vpa_public_register,2026-07-29T13:34:38.613Z,https://pharmacy.vic.gov.au/register-search/,MONASH HEALTH MEDICAL CENTRE PHARMACY DEPARTMENT,246 Clayton Road,Clayton,VIC,3168,"246 Clayton Road, Clayton VIC 3168",30/06/2027,Active,,MONASH HEALTH,30/06/2027,Active,Standard licence condition
vpa_public_register,2026-07-29T13:34:38.613Z,https://pharmacy.vic.gov.au/register-search/,Pharmacy 4 Less M-City,"PREMISES CLOSED, Shop T2, M-City, 2107 - 2125 Dandenong Road",CLAYTON,VIC,3168,"PREMISES CLOSED, Shop T2, M-City, 2107 - 2125 Dandenong Road, CLAYTON VIC 3168",30/06/2027,Active,Standard registration conditions,Alfatah Pharmacies M-City Pty Ltd,30/06/2027,Inactive,Standard licence condition
vpa_public_register,2026-07-29T13:34:38.613Z,https://pharmacy.vic.gov.au/register-search/,VICKY MELISSAS PHARMACY,"Shop 1, 1310 Centre Road",CLAYTON,VIC,3168,"Shop 1, 1310 Centre Road, CLAYTON VIC 3168",30/06/2027,Active,Standard registration conditions,Vicky Melissas,30/06/2027,Active,Standard licence condition
vpa_public_register,2026-07-29T13:34:38.613Z,https://pharmacy.vic.gov.au/register-search/,Victorian Heart Hospital - Monash Health Pharmacy Department,762 - 772 Blackburn Road,CLAYTON,VIC,3168,"762 - 772 Blackburn Road, CLAYTON VIC 3168",30/06/2027,Active,,MONASH HEALTH,30/06/2027,Active,Standard licence condition
vpa_public_register,2026-07-29T13:34:38.613Z,https://pharmacy.vic.gov.au/register-search/,DIRECT CHEMIST OUTLET CLARINDA,"Shop 4 & 5, Clarinda Shopping Centre",Clayton South,VIC,3169,"Shop 4 & 5, Clarinda Shopping Centre, Clayton South VIC 3169",30/06/2027,Active,Standard registration conditions,Kaizerpharm and Co Pty Ltd,30/06/2027,Active,Standard licence condition
vpa_public_register,2026-07-29T13:34:38.613Z,https://pharmacy.vic.gov.au/register-search/,LAIRD'S HEALTHCARE PHARMACY,1312 Centre Road,Clayton South,VIC,3169,"1312 Centre Road, Clayton South VIC 3169",30/06/2027,Active,Standard registration conditions,Ah Kow Foo,30/06/2027,Active,Standard licence condition
vpa_public_register,2026-07-29T13:34:38.613Z,https://pharmacy.vic.gov.au/register-search/,LAIRD'S HEALTHCARE PHARMACY,1312 Centre Road,Clayton South,VIC,3169,"1312 Centre Road, Clayton South VIC 3169",30/06/2027,Active,Standard registration conditions,Elizabeth Foo,30/06/2027,Active,Standard licence condition
vpa_public_register,2026-07-29T13:34:38.613Z,https://pharmacy.vic.gov.au/register-search/,NATIONAL PHARMACIES MULGRAVE,437 Police Road,Mulgrave,VIC,3170,"437 Police Road, Mulgrave VIC 3170",30/06/2027,Active,Standard registration conditions,FRIENDLY SOCIETY MEDICAL ASSOCIATION LIMITED,30/06/2027,Active,Standard licence condition
vpa_public_register,2026-07-29T13:34:38.613Z,https://pharmacy.vic.gov.au/register-search/,NOVA PHARMACY WAVERLEY GARDENS,"Shops 4 Waverley Gardens S/C, Police Road",Mulgrave,VIC,3170,"Shops 4 Waverley Gardens S/C, Police Road, Mulgrave VIC 3170",30/06/2027,Active,Standard registration conditions,Erin Oyberman,30/06/2027,Active,Standard licence condition
vpa_public_register,2026-07-29T13:34:38.613Z,https://pharmacy.vic.gov.au/register-search/,PRICELINE PHARMACY WAVERLEY GARDENS,"Shops 93 - 96, Waverley Gardens Shopping Centre",MULGRAVE,VIC,3170,"Shops 93 - 96, Waverley Gardens Shopping Centre, MULGRAVE VIC 3170",30/06/2027,Active,Standard registration conditions,Mein Yia Chong,30/06/2027,Active,Standard licence condition
vpa_public_register,2026-07-29T13:34:38.613Z,https://pharmacy.vic.gov.au/register-search/,SLADE PHARMACY MULGRAVE,"Mulgrave Private Hospital, Blanton Drive",Mulgrave,VIC,3170,"Mulgrave Private Hospital, Blanton Drive, Mulgrave VIC 3170",30/06/2027,Active,Standard registration conditions,SLADE PHARMACY PTY LTD,30/06/2027,Active,Standard licence condition
vpa_public_register,2026-07-29T13:34:38.613Z,https://pharmacy.vic.gov.au/register-search/,Amcal Highway Pharmacy Springvale,"Tenancy G10, 825 Princes Highway",Springvale,VIC,3171,"Tenancy G10, 825 Princes Highway, Springvale VIC 3171",30/06/2027,Active,Standard registration conditions,Highway Pharm Pty Ltd,30/06/2027,Active,Standard licence condition
vpa_public_register,2026-07-29T13:34:38.613Z,https://pharmacy.vic.gov.au/register-search/,Better Value Pharmacy,250 Springvale Road,Springvale,VIC,3171,"250 Springvale Road, Springvale VIC 3171",30/06/2027,Active,Standard registration conditions,THAI MANAGEMENT PTY LTD,30/06/2027,Active,Standard licence condition
vpa_public_register,2026-07-29T13:34:38.613Z,https://pharmacy.vic.gov.au/register-search/,Better Value Pharmacy,250 Springvale Road,Springvale,VIC,3171,"250 Springvale Road, Springvale VIC 3171",30/06/2027,Active,Standard registration conditions,Tracy Ly,30/06/2027,Active,Standard licence condition
vpa_public_register,2026-07-29T13:34:38.613Z,https://pharmacy.vic.gov.au/register-search/,Better Value Pharmacy,250 Springvale Road,Springvale,VIC,3171,"250 Springvale Road, Springvale VIC 3171",30/06/2027,Active,Standard registration conditions,Yet Yuu Lim,30/06/2027,Active,Standard licence condition
vpa_public_register,2026-07-29T13:34:38.613Z,https://pharmacy.vic.gov.au/register-search/,Chemist Warehouse Springvale,1-3/300 Springvale Road,Springvale,VIC,3171,"1-3/300 Springvale Road, Springvale VIC 3171",30/06/2027,Active,Standard registration conditions,Athanasios Rabavilas,30/06/2027,Active,Standard licence condition
vpa_public_register,2026-07-29T13:34:38.613Z,https://pharmacy.vic.gov.au/register-search/,Chemist Warehouse Springvale,1-3/300 Springvale Road,Springvale,VIC,3171,"1-3/300 Springvale Road, Springvale VIC 3171",30/06/2027,Active,Standard registration conditions,Christopher Fletcher,30/06/2027,Active,Standard licence condition
vpa_public_register,2026-07-29T13:34:38.613Z,https://pharmacy.vic.gov.au/register-search/,Chemist Warehouse Springvale,1-3/300 Springvale Road,Springvale,VIC,3171,"1-3/300 Springvale Road, Springvale VIC 3171",30/06/2027,Active,Standard registration conditions,Mark Finocchiaro,30/06/2027,Active,Standard licence condition
vpa_public_register,2026-07-29T13:34:38.613Z,https://pharmacy.vic.gov.au/register-search/,Chemist Warehouse Springvale Mega Centre,"Shop T8, Ouson Plaza, 754 - 768 Princes Highway",Springvale,VIC,3171,"Shop T8, Ouson Plaza, 754 - 768 Princes Highway, Springvale VIC 3171",30/06/2027,Active,Standard registration conditions,Pharmacy O2317 Pty Ltd,30/06/2027,Active,Standard licence condition
vpa_public_register,2026-07-29T13:34:38.613Z,https://pharmacy.vic.gov.au/register-search/,Discount Drug Store Springvale,106 Police Road,Springvale,VIC,3171,"106 Police Road, Springvale VIC 3171",30/06/2027,Active,Standard registration conditions,Wanda Street Pharmacy Pty Ltd,30/06/2027,Active,Standard licence condition
vpa_public_register,2026-07-29T13:34:38.613Z,https://pharmacy.vic.gov.au/register-search/,LEE PHARMACY,"Shop G13A, 46-58 Buckingham Avenue",Springvale,VIC,3171,"Shop G13A, 46-58 Buckingham Avenue, Springvale VIC 3171",30/06/2027,Active,Standard registration conditions,ALYSHA LAM PTY LTD,30/06/2027,Active,Standard licence condition
vpa_public_register,2026-07-29T13:34:38.613Z,https://pharmacy.vic.gov.au/register-search/,LEE PHARMACY,"Shop G13A, 46-58 Buckingham Avenue",Springvale,VIC,3171,"Shop G13A, 46-58 Buckingham Avenue, Springvale VIC 3171",30/06/2027,Active,Standard registration conditions,THAI MANAGEMENT PTY LTD,30/06/2027,Active,Standard licence condition
vpa_public_register,2026-07-29T13:34:38.613Z,https://pharmacy.vic.gov.au/register-search/,Lim's Pharmacy,10A Balmoral Avenue,Springvale,VIC,3171,"10A Balmoral Avenue, Springvale VIC 3171",30/06/2027,Active,Standard registration conditions,Anh Lim,30/06/2027,Active,Standard licence condition
vpa_public_register,2026-07-29T13:34:38.613Z,https://pharmacy.vic.gov.au/register-search/,Lim's Pharmacy,10A Balmoral Avenue,Springvale,VIC,3171,"10A Balmoral Avenue, Springvale VIC 3171",30/06/2027,Active,Standard registration conditions,Richard Lim,30/06/2027,Active,Standard licence condition
vpa_public_register,2026-07-29T13:34:38.613Z,https://pharmacy.vic.gov.au/register-search/,OBRIENS PHARMACY,"Shop 6, 575 Springvale Road",Springvale South,VIC,3171,"Shop 6, 575 Springvale Road, Springvale South VIC 3171",30/06/2027,Active,Standard registration conditions,Loan Ngo,30/06/2027,Active,Standard licence condition
vpa_public_register,2026-07-29T13:34:38.613Z,https://pharmacy.vic.gov.au/register-search/,U Pharmacy Springvale,290A Springvale Road,Springvale,VIC,3171,"290A Springvale Road, Springvale VIC 3171",30/06/2027,Active,Standard registration conditions,Kongvic Springvale Pharmacy Pty Ltd,30/06/2027,Active,Standard licence condition
vpa_public_register,2026-07-29T13:34:38.613Z,https://pharmacy.vic.gov.au/register-search/,WINDSOR AVENUE PHARMACY,4B - 4C Windsor Avenue,Springvale,VIC,3171,"4B - 4C Windsor Avenue, Springvale VIC 3171",30/06/2027,Active,Standard registration conditions,Tu Quach,30/06/2027,Active,Standard licence condition
vpa_public_register,2026-07-29T13:34:38.613Z,https://pharmacy.vic.gov.au/register-search/,Dingley Village Pharmacy,Part of 354 Boundary Road,DINGLEY VILLAGE,VIC,3172,"Part of 354 Boundary Road, DINGLEY VILLAGE VIC 3172",30/06/2027,Active,Standard registration conditions,Pharmacy O2394 Pty Ltd,30/06/2027,Active,Standard licence condition
vpa_public_register,2026-07-29T13:34:38.613Z,https://pharmacy.vic.gov.au/register-search/,Direct Chemist Outlet Dingley,97 Centre Dandenong Road,Dingley,VIC,3172,"97 Centre Dandenong Road, Dingley VIC 3172",30/06/2027,Active,Standard registration conditions,Ann Nguyen,30/06/2027,Active,Standard licence condition
vpa_public_register,2026-07-29T13:34:38.613Z,https://pharmacy.vic.gov.au/register-search/,Direct Chemist Outlet Dingley,97 Centre Dandenong Road,Dingley,VIC,3172,"97 Centre Dandenong Road, Dingley VIC 3172",30/06/2027,Active,Standard registration conditions,Isabelle Vo,30/06/2027,Active,Standard licence condition
vpa_public_register,2026-07-29T13:34:38.613Z,https://pharmacy.vic.gov.au/register-search/,Direct Chemist Outlet Dingley,97 Centre Dandenong Road,Dingley,VIC,3172,"97 Centre Dandenong Road, Dingley VIC 3172",30/06/2027,Active,Standard registration conditions,MALCOLM COSGRIFF,30/06/2027,Active,Standard licence condition
vpa_public_register,2026-07-29T13:34:38.613Z,https://pharmacy.vic.gov.au/register-search/,Direct Chemist Outlet Dingley,97 Centre Dandenong Road,Dingley,VIC,3172,"97 Centre Dandenong Road, Dingley VIC 3172",30/06/2027,Active,Standard registration conditions,Mark Ghaly,30/06/2027,Active,Standard licence condition
vpa_public_register,2026-07-29T13:34:38.613Z,https://pharmacy.vic.gov.au/register-search/,Pharmacy 777 Springvale,"Part of Shop 2 & Shop 3, 792 - 800 Heatherton Road",Springvale South,VIC,3172,"Part of Shop 2 & Shop 3, 792 - 800 Heatherton Road, Springvale South VIC 3172",30/06/2027,Active,Standard registration conditions,Afsar Abbas Group VIC Pty Ltd,30/06/2027,Active,Standard licence condition
vpa_public_register,2026-07-29T13:34:38.613Z,https://pharmacy.vic.gov.au/register-search/,Pharmacy 777 Springvale,"Part of Shop 2 & Shop 3, 792 - 800 Heatherton Road",Springvale South,VIC,3172,"Part of Shop 2 & Shop 3, 792 - 800 Heatherton Road, Springvale South VIC 3172",30/06/2027,Active,Standard registration conditions,Brotherson Group VIC Pty Ltd,30/06/2027,Active,Standard licence condition
vpa_public_register,2026-07-29T13:34:38.613Z,https://pharmacy.vic.gov.au/register-search/,Pharmacy 777 Springvale,"Part of Shop 2 & Shop 3, 792 - 800 Heatherton Road",Springvale South,VIC,3172,"Part of Shop 2 & Shop 3, 792 - 800 Heatherton Road, Springvale South VIC 3172",30/06/2027,Active,Standard registration conditions,Speak Group VIC Pty Ltd,30/06/2027,Active,Standard licence condition
vpa_public_register,2026-07-29T13:34:38.613Z,https://pharmacy.vic.gov.au/register-search/,Chemist Warehouse Keysborough,332 Cheltenham Road,KEYSBOROUGH,VIC,3173,"332 Cheltenham Road, KEYSBOROUGH VIC 3173",30/06/2027,Active,Standard registration conditions,Sam Bassaly,30/06/2027,Active,Standard licence condition
vpa_public_register,2026-07-29T13:34:38.613Z,https://pharmacy.vic.gov.au/register-search/,Chemist Warehouse Keysborough,332 Cheltenham Road,KEYSBOROUGH,VIC,3173,"332 Cheltenham Road, KEYSBOROUGH VIC 3173",30/06/2027,Active,Standard registration conditions,Sasha Robertson,30/06/2027,Active,Standard licence condition
vpa_public_register,2026-07-29T13:34:38.613Z,https://pharmacy.vic.gov.au/register-search/,Chemist Warehouse Keysborough Home Co,"Tenancy T17, Springvale Road and Cheltenham Road",KEYSBOROUGH,VIC,3173,"Tenancy T17, Springvale Road and Cheltenham Road, KEYSBOROUGH VIC 3173",30/06/2027,Active,Standard registration conditions,Pharmacy O2395 Pty Ltd,30/06/2027,Active,Standard licence condition
vpa_public_register,2026-07-29T13:34:38.613Z,https://pharmacy.vic.gov.au/register-search/,Direct Chemist Outlet Keysborough,"Shops 9/10, 12 - 18 Kingsclere Avenue",Keysborough,VIC,3173,"Shops 9/10, 12 - 18 Kingsclere Avenue, Keysborough VIC 3173",30/06/2027,Active,Standard registration conditions,Kingsclere Pharmacy Pty Ltd,30/06/2027,Active,Standard licence condition
vpa_public_register,2026-07-29T13:34:38.613Z,https://pharmacy.vic.gov.au/register-search/,Direct Chemist Outlet Keysborough South,"Shop T01, Keysborough South Shopping Centre, 211 - 215 Chapel Road",KEYSBOROUGH,VIC,3173,"Shop T01, Keysborough South Shopping Centre, 211 - 215 Chapel Road, KEYSBOROUGH VIC 3173",30/06/2027,Active,Standard registration conditions,PCY KEYS Pty Ltd,30/06/2027,Active,Standard licence condition
vpa_public_register,2026-07-29T13:34:38.613Z,https://pharmacy.vic.gov.au/register-search/,Direct Chemist Outlet Parkmore,"Shop R09, Parkmore Shopping Centre, 317 Cheltenham Road",KEYSBOROUGH,VIC,3173,"Shop R09, Parkmore Shopping Centre, 317 Cheltenham Road, KEYSBOROUGH VIC 3173",30/06/2027,Active,Standard registration conditions,Andrew Wong,30/06/2027,Active,Standard licence condition
vpa_public_register,2026-07-29T13:34:38.613Z,https://pharmacy.vic.gov.au/register-search/,Direct Chemist Outlet Parkmore,"Shop R09, Parkmore Shopping Centre, 317 Cheltenham Road",KEYSBOROUGH,VIC,3173,"Shop R09, Parkmore Shopping Centre, 317 Cheltenham Road, KEYSBOROUGH VIC 3173",30/06/2027,Active,Standard registration conditions,Shing Wong,30/06/2027,Active,Standard licence condition
vpa_public_register,2026-07-29T13:34:38.613Z,https://pharmacy.vic.gov.au/register-search/,Pharmacy 4 Less Parkmore,"Shop L01 J01 Parkmore Shopping Centre, 317 - 321 Cheltenham Road",KEYSBOROUGH,VIC,3173,"Shop L01 J01 Parkmore Shopping Centre, 317 - 321 Cheltenham Road, KEYSBOROUGH VIC 3173",30/06/2027,Active,Standard registration conditions,PCY Park Pty Ltd,30/06/2027,Active,Standard licence condition
vpa_public_register,2026-07-29T13:34:38.613Z,https://pharmacy.vic.gov.au/register-search/,Chemist Warehouse Noble Park,6 - 10 Leonard Ave,Noble Park,VIC,3174,"6 - 10 Leonard Ave, Noble Park VIC 3174",30/06/2027,Active,Standard registration conditions,Brett Clark,30/06/2027,Active,Standard licence condition
vpa_public_register,2026-07-29T13:34:38.613Z,https://pharmacy.vic.gov.au/register-search/,Chemist Warehouse Noble Park,6 - 10 Leonard Ave,Noble Park,VIC,3174,"6 - 10 Leonard Ave, Noble Park VIC 3174",30/06/2027,Active,Standard registration conditions,Mark Botros,30/06/2027,Active,Standard licence condition
vpa_public_register,2026-07-29T13:34:38.613Z,https://pharmacy.vic.gov.au/register-search/,Chemist Warehouse Noble Park,6 - 10 Leonard Ave,Noble Park,VIC,3174,"6 - 10 Leonard Ave, Noble Park VIC 3174",30/06/2027,Active,Standard registration conditions,Mark Shehata,30/06/2027,Active,Standard licence condition
vpa_public_register,2026-07-29T13:34:38.613Z,https://pharmacy.vic.gov.au/register-search/,Discount Drug Store Noble Park,519 Princes Highway,NOBLE PARK,VIC,3174,"519 Princes Highway, NOBLE PARK VIC 3174",30/06/2027,Active,Standard registration conditions,Pharmacy O2317 Pty Ltd,30/06/2027,Active,Standard licence condition
vpa_public_register,2026-07-29T13:34:38.613Z,https://pharmacy.vic.gov.au/register-search/,MITCHELL CHEMIST,29 Douglas Street,Noble Park,VIC,3174,"29 Douglas Street, Noble Park VIC 3174",30/06/2027,Active,Standard registration conditions,Mitchell Chemist Pty Ltd,30/06/2027,Active,Standard licence condition
vpa_public_register,2026-07-29T13:34:38.613Z,https://pharmacy.vic.gov.au/register-search/,SILVERTON PHARMACY,133 Jacksons Road,Noble Park,VIC,3174,"133 Jacksons Road, Noble Park VIC 3174",30/06/2027,Active,Standard registration conditions,Silverton Pharmacy Pty Ltd,30/06/2027,Active,Standard licence condition
vpa_public_register,2026-07-29T13:34:38.613Z,https://pharmacy.vic.gov.au/register-search/,TerryWhite Chemmart Douglas Street,No. 8 & No. 9 Douglas Street,Noble Park,VIC,3174,"No. 8 & No. 9 Douglas Street, Noble Park VIC 3174",30/06/2027,Active,Standard registration conditions,Marthella Pty Ltd,30/06/2027,Active,Standard licence condition
vpa_public_register,2026-07-29T13:34:38.613Z,https://pharmacy.vic.gov.au/register-search/,TerryWhite Chemmart Noble Park,127 Chandler Road,Noble Park,VIC,3174,"127 Chandler Road, Noble Park VIC 3174",30/06/2027,Active,Standard registration conditions,Shing Wong,30/06/2027,Active,Standard licence condition
vpa_public_register,2026-07-29T13:34:38.613Z,https://pharmacy.vic.gov.au/register-search/,YARRAMAN PHARMACY,254 Railway Parade,Noble Park,VIC,3174,"254 Railway Parade, Noble Park VIC 3174",30/06/2027,Active,Standard registration conditions,Thanh Trang,30/06/2027,Active,Standard licence condition
vpa_public_register,2026-07-29T13:34:38.613Z,https://pharmacy.vic.gov.au/register-search/,BRADY ROAD PHARMACY,34C Brady Road,Dandenong,VIC,3175,"34C Brady Road, Dandenong VIC 3175",30/06/2027,Active,Standard registration conditions,Madeline Lim,30/06/2027,Active,Standard licence condition
vpa_public_register,2026-07-29T13:34:38.613Z,https://pharmacy.vic.gov.au/register-search/,CHEMIST WAREHOUSE DANDENONG,265 Lonsdale Street,Dandenong,VIC,3175,"265 Lonsdale Street, Dandenong VIC 3175",30/06/2027,Active,Standard registration conditions,EAST YARRA FRIENDLY SOCIETY PTY LTD,30/06/2027,Active,Standard licence condition
vpa_public_register,2026-07-29T13:34:38.613Z,https://pharmacy.vic.gov.au/register-search/,CHEMIST WAREHOUSE DANDENONG,265 Lonsdale Street,Dandenong,VIC,3175,"265 Lonsdale Street, Dandenong VIC 3175",30/06/2027,Active,Standard registration conditions,Mark Botros,30/06/2027,Active,Standard licence condition
vpa_public_register,2026-07-29T13:34:38.613Z,https://pharmacy.vic.gov.au/register-search/,CHEMIST WAREHOUSE DANDENONG,265 Lonsdale Street,Dandenong,VIC,3175,"265 Lonsdale Street, Dandenong VIC 3175",30/06/2027,Active,Standard registration conditions,Mark Shehata,30/06/2027,Active,Standard licence condition
vpa_public_register,2026-07-29T13:34:38.613Z,https://pharmacy.vic.gov.au/register-search/,Chemist Warehouse Dandenong Princes Highway,"Tenancy 2, 30 Princes Highway",DANDENONG,VIC,3175,"Tenancy 2, 30 Princes Highway, DANDENONG VIC 3175",30/06/2027,Active,Standard registration conditions,Mark Botros,30/06/2027,Active,Standard licence condition
vpa_public_register,2026-07-29T13:34:38.613Z,https://pharmacy.vic.gov.au/register-search/,Chemist Warehouse Dandenong Princes Highway,"Tenancy 2, 30 Princes Highway",DANDENONG,VIC,3175,"Tenancy 2, 30 Princes Highway, DANDENONG VIC 3175",30/06/2027,Active,Standard registration conditions,Mark Shehata,30/06/2027,Active,Standard licence condition
vpa_public_register,2026-07-29T13:34:38.613Z,https://pharmacy.vic.gov.au/register-search/,CLEELAND PHARMACY,15 Cleeland Street,Dandenong,VIC,3175,"15 Cleeland Street, Dandenong VIC 3175",30/06/2027,Active,Standard registration conditions,Hoi-Man Yan,30/06/2027,Active,Standard licence condition
vpa_public_register,2026-07-29T13:34:38.613Z,https://pharmacy.vic.gov.au/register-search/,DANDENONG CITY PHARMACY,"Part of the Ground Floor, 9-11 Pultney Street",Dandenong,VIC,3175,"Part of the Ground Floor, 9-11 Pultney Street, Dandenong VIC 3175",30/06/2027,Active,Standard registration conditions,Miluka Pharmacy Pty Ltd,30/06/2027,Active,Standard licence condition
vpa_public_register,2026-07-29T13:34:38.613Z,https://pharmacy.vic.gov.au/register-search/,DANDENONG WEST PHARMACY,74 Hemmings Street,Dandenong,VIC,3175,"74 Hemmings Street, Dandenong VIC 3175",30/06/2027,Active,Standard registration conditions,Glenn Turner,30/06/2027,Active,Standard licence condition
vpa_public_register,2026-07-29T13:34:38.613Z,https://pharmacy.vic.gov.au/register-search/,DCO Dandenong Square,"Shop L01, 122 Dandenong Plaza, Corner of McCrae & Walker Streets",Dandenong,VIC,3175,"Shop L01, 122 Dandenong Plaza, Corner of McCrae & Walker Streets, Dandenong VIC 3175",30/06/2027,Active,Standard registration conditions | Specific registration condition,Dandenong Pharm Plaza Pty Ltd,30/06/2027,Active,Standard licence condition
vpa_public_register,2026-07-29T13:34:38.613Z,https://pharmacy.vic.gov.au/register-search/,Direct Chemist Outlet Dandenong Village,"Shop T08, The Village Dandenong, 77 - 125 Princes Hwy",DANDENONG SOUTH,VIC,3175,"Shop T08, The Village Dandenong, 77 - 125 Princes Hwy, DANDENONG SOUTH VIC 3175",30/06/2027,Active,Standard registration conditions,Paul Bereznicki,30/06/2027,Active,Standard licence condition
vpa_public_register,2026-07-29T13:34:38.613Z,https://pharmacy.vic.gov.au/register-search/,DUNEARN PHARMACY,"Shop 1,11A Dunearn Road",Dandenong North,VIC,3175,"Shop 1,11A Dunearn Road, Dandenong North VIC 3175",30/06/2027,Active,Standard registration conditions,Aziz & Youssef Pty Ltd,30/06/2027,Active,Standard licence condition
vpa_public_register,2026-07-29T13:34:38.613Z,https://pharmacy.vic.gov.au/register-search/,Healthsave Pharmacy Dandenong,56 - 58 Stud Road,Dandenong,VIC,3175,"56 - 58 Stud Road, Dandenong VIC 3175",30/06/2027,Active,Standard registration conditions,JMY HEALTH PTY LTD,30/06/2027,Active,Standard licence condition
vpa_public_register,2026-07-29T13:34:38.613Z,https://pharmacy.vic.gov.au/register-search/,LANGTON PHARMACY,37 Langhorne Street,Dandenong,VIC,3175,"37 Langhorne Street, Dandenong VIC 3175",30/06/2027,Active,Standard registration conditions,LANGTON PHARMACY PTY LTD,30/06/2027,Active,Standard licence condition
vpa_public_register,2026-07-29T13:34:38.613Z,https://pharmacy.vic.gov.au/register-search/,LYNDALE PHARMACY,68 Menzies Avenue,Dandenong North,VIC,3175,"68 Menzies Avenue, Dandenong North VIC 3175",30/06/2027,Active,Standard registration conditions,Adi Sesham,30/06/2027,Active,Standard licence condition
vpa_public_register,2026-07-29T13:34:38.613Z,https://pharmacy.vic.gov.au/register-search/,M HANNA PHARMACY,4/82 Stud Road,DANDENONG,VIC,3175,"4/82 Stud Road, DANDENONG VIC 3175",30/06/2027,Active,Standard registration conditions,Mina Youssef,30/06/2027,Active,Standard licence condition
vpa_public_register,2026-07-29T13:34:38.613Z,https://pharmacy.vic.gov.au/register-search/,MONASH HEALTH- DANDENONG HOSPITAL PHARMACY DEPARTMENT,David Street,Dandenong,VIC,3175,"David Street, Dandenong VIC 3175",30/06/2027,Active,,MONASH HEALTH,30/06/2027,Active,Standard licence condition
vpa_public_register,2026-07-29T13:34:38.613Z,https://pharmacy.vic.gov.au/register-search/,NEWLIFE PHARMACY,"Shop 3, 176 Lonsdale Street",Dandenong,VIC,3175,"Shop 3, 176 Lonsdale Street, Dandenong VIC 3175",30/06/2027,Active,Standard registration conditions,Keck Chew,30/06/2027,Active,Standard licence condition
vpa_public_register,2026-07-29T13:34:38.613Z,https://pharmacy.vic.gov.au/register-search/,Outlook Drive Pharmacy,"Shop 1A, 62 Outlook Drive",Dandenong North,VIC,3175,"Shop 1A, 62 Outlook Drive, Dandenong North VIC 3175",30/06/2027,Active,Specific registration condition | Standard registration conditions,Robin Abdelmalek,30/06/2027,Active,Standard licence condition
vpa_public_register,2026-07-29T13:34:38.613Z,https://pharmacy.vic.gov.au/register-search/,PHARMCARE DISCOUNT PHARMACY,1510B Heatherton Road,Dandenong,VIC,3175,"1510B Heatherton Road, Dandenong VIC 3175",30/06/2027,Active,Standard registration conditions,Cuu Dinh,30/06/2027,Active,Standard licence condition
vpa_public_register,2026-07-29T13:34:38.613Z,https://pharmacy.vic.gov.au/register-search/,Priceline Pharmacy Dandenong Plaza Upper,"Shop 371 - 372, Dandenong Plaza",Dandenong,VIC,3175,"Shop 371 - 372, Dandenong Plaza, Dandenong VIC 3175",30/06/2027,Active,Standard registration conditions | Specific registration condition,Dandenong Pharm Pty Ltd,30/06/2027,Active,Standard licence condition
vpa_public_register,2026-07-29T13:34:38.613Z,https://pharmacy.vic.gov.au/register-search/,TerryWhite Chemmart Dandenong Central,"Shop 23-24, 15- 23 Langhorne Street",Dandenong,VIC,3175,"Shop 23-24, 15- 23 Langhorne Street, Dandenong VIC 3175",30/06/2027,Active,Standard registration conditions,DCP Pharmacy Pty Ltd,30/06/2027,Active,Standard licence condition
vpa_public_register,2026-07-29T13:34:38.613Z,https://pharmacy.vic.gov.au/register-search/,TerryWhite Chemmart Dandenong Central,"Shop 23-24, 15- 23 Langhorne Street",Dandenong,VIC,3175,"Shop 23-24, 15- 23 Langhorne Street, Dandenong VIC 3175",30/06/2027,Active,Standard registration conditions,Tram P Nguyen Pty Ltd,30/06/2027,Active,Standard licence condition
vpa_public_register,2026-07-29T13:34:38.613Z,https://pharmacy.vic.gov.au/register-search/,Amcal Autumn Place Pharmacy Doveton,19 - 20 Autumn Place,Doveton,VIC,3177,"19 - 20 Autumn Place, Doveton VIC 3177",30/06/2027,Active,Standard registration conditions,AUTUMN PLACE PHARMACY PTY LTD,30/06/2027,Active,Standard licence condition
vpa_public_register,2026-07-29T13:34:38.613Z,https://pharmacy.vic.gov.au/register-search/,DOVETON PHARMACY,Pharmacy at 2 Photinia Street,Doveton,VIC,3177,"Pharmacy at 2 Photinia Street, Doveton VIC 3177",30/06/2027,Active,Standard registration conditions,Simbacorp Pty Ltd,30/06/2027,Active,Standard licence condition
vpa_public_register,2026-07-29T13:34:38.613Z,https://pharmacy.vic.gov.au/register-search/,DOVETON PHARMACY,Pharmacy at 2 Photinia Street,Doveton,VIC,3177,"Pharmacy at 2 Photinia Street, Doveton VIC 3177",30/06/2027,Active,Standard registration conditions,Steven Kastrinakis,30/06/2027,Active,Standard licence condition
vpa_public_register,2026-07-29T13:34:38.613Z,https://pharmacy.vic.gov.au/register-search/,LINDEN PLACE PHARMACY,6 Linden Place,Doveton,VIC,3177,"6 Linden Place, Doveton VIC 3177",30/06/2027,Active,Standard registration conditions,LINDEN PLACE PHARMACY PTY LTD,30/06/2027,Active,Standard licence condition
vpa_public_register,2026-07-29T13:34:38.613Z,https://pharmacy.vic.gov.au/register-search/,Amcal  Rowville Pharmacy,"Shop 2 Wellington Village S/C, 1100 Wellington Road",Rowville,VIC,3178,"Shop 2 Wellington Village S/C, 1100 Wellington Road, Rowville VIC 3178",30/06/2027,Active,Standard registration conditions,Angelo Dadalias,30/06/2027,Active,Standard licence condition
vpa_public_register,2026-07-29T13:34:38.613Z,https://pharmacy.vic.gov.au/register-search/,Blooms The Chemist Stud Park,"Shop 36, Stud Park Shopping Centre, Stud Road",Rowville,VIC,3178,"Shop 36, Stud Park Shopping Centre, Stud Road, Rowville VIC 3178",30/06/2027,Active,Standard registration conditions,Hoju Pharma Pty Ltd,30/06/2027,Active,Standard licence condition
vpa_public_register,2026-07-29T13:34:38.613Z,https://pharmacy.vic.gov.au/register-search/,Blooms The Chemist Stud Park,"Shop 36, Stud Park Shopping Centre, Stud Road",Rowville,VIC,3178,"Shop 36, Stud Park Shopping Centre, Stud Road, Rowville VIC 3178",30/06/2027,Active,Standard registration conditions,Holdstock Pharmacy (Stud Park) Pty Ltd,30/06/2027,Active,Standard licence condition
vpa_public_register,2026-07-29T13:34:38.613Z,https://pharmacy.vic.gov.au/register-search/,Chemist Warehouse First Health Medical Centre Rowville,"Retail Tenancy G2 & G3, First Health Medical Clinic Rowville, 1091 Stud Road",ROWVILLE,VIC,3178,"Retail Tenancy G2 & G3, First Health Medical Clinic Rowville, 1091 Stud Road, ROWVILLE VIC 3178",30/06/2027,Active,Standard registration conditions,Mark Botros,30/06/2027,Active,Standard licence condition
vpa_public_register,2026-07-29T13:34:38.613Z,https://pharmacy.vic.gov.au/register-search/,Chemist Warehouse First Health Medical Centre Rowville,"Retail Tenancy G2 & G3, First Health Medical Clinic Rowville, 1091 Stud Road",ROWVILLE,VIC,3178,"Retail Tenancy G2 & G3, First Health Medical Clinic Rowville, 1091 Stud Road, ROWVILLE VIC 3178",30/06/2027,Active,Standard registration conditions,Mark Shehata,30/06/2027,Active,Standard licence condition
vpa_public_register,2026-07-29T13:34:38.613Z,https://pharmacy.vic.gov.au/register-search/,Direct Chemist Outlet Rowville,Suite 7 / 958 Stud Road,Rowville,VIC,3178,"Suite 7 / 958 Stud Road, Rowville VIC 3178",30/06/2027,Active,Standard registration conditions,Amy Sanfilippo,30/06/2027,Active,Standard licence condition
vpa_public_register,2026-07-29T13:34:38.613Z,https://pharmacy.vic.gov.au/register-search/,Direct Chemist Outlet Rowville,Suite 7 / 958 Stud Road,Rowville,VIC,3178,"Suite 7 / 958 Stud Road, Rowville VIC 3178",30/06/2027,Active,Standard registration conditions,Robert Nashed,30/06/2027,Active,Standard licence condition
vpa_public_register,2026-07-29T13:34:38.613Z,https://pharmacy.vic.gov.au/register-search/,Rowville Community Pharmacy,"Reception Area at Suite 4, Wellington Medical Centre",Rowville,VIC,3178,"Reception Area at Suite 4, Wellington Medical Centre, Rowville VIC 3178",30/06/2027,Active,Standard registration conditions,Leah Bartolotta,30/06/2027,Active,Standard licence condition
vpa_public_register,2026-07-29T13:34:38.613Z,https://pharmacy.vic.gov.au/register-search/,ROWVILLE LAKES PHARMACY,2 / 150 Kellets Road,Rowville,VIC,3178,"2 / 150 Kellets Road, Rowville VIC 3178",30/06/2027,Active,Standard registration conditions,Rowville Lakes Pharmacy Services Pty Ltd,30/06/2027,Active,Standard licence condition
vpa_public_register,2026-07-29T13:34:38.613Z,https://pharmacy.vic.gov.au/register-search/,Skin Plus Compounding Pharmacy,"G02, 1165 Stud Road",ROWVILLE,VIC,3178,"G02, 1165 Stud Road, ROWVILLE VIC 3178",30/06/2027,Active,Standard registration conditions,SSS Pharmacy Pty Ltd,30/06/2027,Active,Standard licence condition
vpa_public_register,2026-07-29T13:34:38.613Z,https://pharmacy.vic.gov.au/register-search/,Discount Drug Store Scoresby,"Shop 3 - 4, 15 Darryl Street",Scoresby,VIC,3179,"Shop 3 - 4, 15 Darryl Street, Scoresby VIC 3179",30/06/2027,Active,Standard registration conditions,Pharmacy O2425 Pty Ltd,30/06/2027,Active,Standard licence condition
vpa_public_register,2026-07-29T13:34:38.613Z,https://pharmacy.vic.gov.au/register-search/,Chemist Warehouse Knoxfield,622 Burwood Hwy,Knoxfield,VIC,3180,"622 Burwood Hwy, Knoxfield VIC 3180",30/06/2027,Active,Standard registration conditions,Brett Clark,30/06/2027,Active,Standard licence condition
vpa_public_register,2026-07-29T13:34:38.613Z,https://pharmacy.vic.gov.au/register-search/,Chemist Warehouse Knoxfield,622 Burwood Hwy,Knoxfield,VIC,3180,"622 Burwood Hwy, Knoxfield VIC 3180",30/06/2027,Active,Standard registration conditions,Lara Dabscheck,30/06/2027,Active,Standard licence condition
vpa_public_register,2026-07-29T13:34:38.613Z,https://pharmacy.vic.gov.au/register-search/,KNOXFIELD PHARMACY,1571 Ferntree Gully Road,Knoxfield,VIC,3180,"1571 Ferntree Gully Road, Knoxfield VIC 3180",30/06/2027,Active,Standard registration conditions,Amer Dib,30/06/2027,Active,Standard licence condition
vpa_public_register,2026-07-29T13:34:38.613Z,https://pharmacy.vic.gov.au/register-search/,Amcal Prahran,"Ground Floor, 54 - 56 Commercial Road",Prahran,VIC,3181,"Ground Floor, 54 - 56 Commercial Road, Prahran VIC 3181",30/06/2027,Active,Standard registration conditions,Your Chemist Shop Prahran Pty Ltd,30/06/2027,Active,Standard licence condition
vpa_public_register,2026-07-29T13:34:38.613Z,https://pharmacy.vic.gov.au/register-search/,COMMERCIAL ROAD PHARMACY,"Shop 1, 212 Commercial Road",Prahran,VIC,3181,"Shop 1, 212 Commercial Road, Prahran VIC 3181",30/06/2027,Active,Standard registration conditions,Mafi & Co Pty Ltd,30/06/2027,Active,Standard licence condition
vpa_public_register,2026-07-29T13:34:38.613Z,https://pharmacy.vic.gov.au/register-search/,ORRONG COMPOUNDING PHARMACY,704 High Street,Prahran,VIC,3181,"704 High Street, Prahran VIC 3181",30/06/2027,Active,Standard registration conditions,Elise Dafinis,30/06/2027,Active,Standard licence condition
vpa_public_register,2026-07-29T13:34:38.613Z,https://pharmacy.vic.gov.au/register-search/,ORRONG COMPOUNDING PHARMACY,704 High Street,Prahran,VIC,3181,"704 High Street, Prahran VIC 3181",30/06/2027,Active,Standard registration conditions,John Catsicas,30/06/2027,Active,Standard licence condition
vpa_public_register,2026-07-29T13:34:38.613Z,https://pharmacy.vic.gov.au/register-search/,ORRONG COMPOUNDING PHARMACY,704 High Street,Prahran,VIC,3181,"704 High Street, Prahran VIC 3181",30/06/2027,Active,Standard registration conditions,Stephanie Catsicas,30/06/2027,Active,Standard licence condition
vpa_public_register,2026-07-29T13:34:38.613Z,https://pharmacy.vic.gov.au/register-search/,Prahran Wholelife Pharmacy & Healthfoods,"Shop 26, 29 & 31, Pran Central Shopping Centre, Corner of Cato & Wattle Street",PRAHRAN,VIC,3181,"Shop 26, 29 & 31, Pran Central Shopping Centre, Corner of Cato & Wattle Street, PRAHRAN VIC 3181",30/06/2027,Active,Standard registration conditions,Gethands Pty Ltd,30/06/2027,Active,Standard licence condition
vpa_public_register,2026-07-29T13:34:38.613Z,https://pharmacy.vic.gov.au/register-search/,Priceline Pharmacy Prahran,299 - 301 Chapel Street,PRAHRAN,VIC,3181,"299 - 301 Chapel Street, PRAHRAN VIC 3181",30/06/2027,Active,Standard registration conditions,IPG Prahran Pty Ltd,30/06/2027,Active,Standard licence condition
vpa_public_register,2026-07-29T13:34:38.613Z,https://pharmacy.vic.gov.au/register-search/,SEUTIKA PHARMACY,107 Chapel Street,Windsor,VIC,3181,"107 Chapel Street, Windsor VIC 3181",30/06/2027,Active,Standard registration conditions,John Mahon,30/06/2027,Active,Standard licence condition
vpa_public_register,2026-07-29T13:34:38.613Z,https://pharmacy.vic.gov.au/register-search/,TerryWhite Chemmart Prahran,"Shop 4 - 7, 181 Chapel Street",Prahran,VIC,3181,"Shop 4 - 7, 181 Chapel Street, Prahran VIC 3181",30/06/2027,Active,Standard registration conditions,Arash Taji,30/06/2027,Active,Standard licence condition
vpa_public_register,2026-07-29T13:34:38.613Z,https://pharmacy.vic.gov.au/register-search/,TerryWhite Chemmart Prahran,"Shop 4 - 7, 181 Chapel Street",Prahran,VIC,3181,"Shop 4 - 7, 181 Chapel Street, Prahran VIC 3181",30/06/2027,Active,Standard registration conditions,Con Kocolis,30/06/2027,Active,Standard licence condition
vpa_public_register,2026-07-29T13:34:38.613Z,https://pharmacy.vic.gov.au/register-search/,TerryWhite Chemmart Prahran,"Shop 4 - 7, 181 Chapel Street",Prahran,VIC,3181,"Shop 4 - 7, 181 Chapel Street, Prahran VIC 3181",30/06/2027,Active,Standard registration conditions,Joseph Daggian,30/06/2027,Active,Standard licence condition
vpa_public_register,2026-07-29T13:34:38.613Z,https://pharmacy.vic.gov.au/register-search/,TerryWhite Chemmart Prahran Midnight,"416 & 418 High Street and, 79A & 79B Williams Road",Prahran,VIC,3181,"416 & 418 High Street and, 79A & 79B Williams Road, Prahran VIC 3181",30/06/2027,Active,Standard registration conditions,Con Kocolis,30/06/2027,Active,Standard licence condition
vpa_public_register,2026-07-29T13:34:38.613Z,https://pharmacy.vic.gov.au/register-search/,TerryWhite Chemmart Prahran Midnight,"416 & 418 High Street and, 79A & 79B Williams Road",Prahran,VIC,3181,"416 & 418 High Street and, 79A & 79B Williams Road, Prahran VIC 3181",30/06/2027,Active,Standard registration conditions,Daniel Mendoza,30/06/2027,Active,Standard licence condition
vpa_public_register,2026-07-29T13:34:38.613Z,https://pharmacy.vic.gov.au/register-search/,THE AVENUE PRIVATE HOSPITAL PHARMACY DEPARTMENT,40 The Avenue,Windsor,VIC,3181,"40 The Avenue, Windsor VIC 3181",30/06/2027,Active,,AUSTRALIAN HOSPITAL CARE (THE AVENUE) PTY LTD TA THE AVENUE PRIVATE HOSPITAL,30/06/2027,Active,Standard licence condition
vpa_public_register,2026-07-29T13:34:38.613Z,https://pharmacy.vic.gov.au/register-search/,Trueleaf Dispensary,314 - 316 Chapel Street,Prahran,VIC,3181,"314 - 316 Chapel Street, Prahran VIC 3181",30/06/2027,Active,Standard registration conditions,Academy of Holistic Wellbeing Pty Ltd,30/06/2027,Active,Standard licence condition
vpa_public_register,2026-07-29T13:34:38.613Z,https://pharmacy.vic.gov.au/register-search/,Bain & Co Pharmacy,77 Fitzroy Street,St Kilda,VIC,3182,"77 Fitzroy Street, St Kilda VIC 3182",30/06/2027,Active,Standard registration conditions,Russell Frajman,30/06/2027,Active,Standard licence condition
vpa_public_register,2026-07-29T13:34:38.613Z,https://pharmacy.vic.gov.au/register-search/,Chemist Warehouse St Kilda - Acland Street,147 - 151 Acland Street,ST KILDA,VIC,3182,"147 - 151 Acland Street, ST KILDA VIC 3182",30/06/2027,Active,Standard registration conditions,Adrian Trubiano,30/06/2027,Active,Standard licence condition
vpa_public_register,2026-07-29T13:34:38.613Z,https://pharmacy.vic.gov.au/register-search/,Chemist Warehouse St Kilda - Fitzroy Street,"Part of Ground Floor,, 43 Fitzroy Street",ST KILDA,VIC,3182,"Part of Ground Floor,, 43 Fitzroy Street, ST KILDA VIC 3182",30/06/2027,Active,Standard registration conditions,Adrian Trubiano,30/06/2027,Active,Standard licence condition
vpa_public_register,2026-07-29T13:34:38.613Z,https://pharmacy.vic.gov.au/register-search/,Priceline Pharmacy Acland Court,160 Acland Street,St Kilda,VIC,3182,"160 Acland Street, St Kilda VIC 3182",30/06/2027,Active,Standard registration conditions,Na Luo,30/06/2027,Active,Standard licence condition
vpa_public_register,2026-07-29T13:34:38.613Z,https://pharmacy.vic.gov.au/register-search/,Releaf Dispensary St. Kilda,80A Acland Street,St Kilda,VIC,3182,"80A Acland Street, St Kilda VIC 3182",30/06/2027,Active,Standard registration conditions,Flora Dispensary (St. Kilda) Pty Ltd,30/06/2027,Active,Standard licence condition
vpa_public_register,2026-07-29T13:34:38.613Z,https://pharmacy.vic.gov.au/register-search/,The Saint Dispensary,110 Acland Street,St Kilda,VIC,3182,"110 Acland Street, St Kilda VIC 3182",30/06/2027,Active,Standard registration conditions,The Saint Dispensary Pty Ltd,30/06/2027,Active,Standard licence condition
vpa_public_register,2026-07-29T13:34:38.613Z,https://pharmacy.vic.gov.au/register-search/,Your Chemist Shop St Kilda,"Shop 2, 135 Inkerman Street",St Kilda,VIC,3182,"Shop 2, 135 Inkerman Street, St Kilda VIC 3182",30/06/2027,Active,Standard registration conditions,Your Chemist Shop St Kilda Pty Ltd,30/06/2027,Active,Standard licence condition
vpa_public_register,2026-07-29T13:34:38.613Z,https://pharmacy.vic.gov.au/register-search/,Chemist Warehouse Balaclava,262 - 266 Carlisle Street,BALACLAVA,VIC,3183,"262 - 266 Carlisle Street, BALACLAVA VIC 3183",30/06/2027,Active,Standard registration conditions,Leah Bartolotta,30/06/2027,Active,Standard licence condition
vpa_public_register,2026-07-29T13:34:38.613Z,https://pharmacy.vic.gov.au/register-search/,Chemist Warehouse Balaclava,262 - 266 Carlisle Street,BALACLAVA,VIC,3183,"262 - 266 Carlisle Street, BALACLAVA VIC 3183",30/06/2027,Active,Standard registration conditions,Philip Colasante,30/06/2027,Active,Standard licence condition
vpa_public_register,2026-07-29T13:34:38.613Z,https://pharmacy.vic.gov.au/register-search/,Direct Chemist Outlet - Ripponlea,91 - 93 Glen Eira Road,Ripponlea,VIC,3183,"91 - 93 Glen Eira Road, Ripponlea VIC 3183",30/06/2027,Active,Standard registration conditions,Fedele Cerra,30/06/2027,Active,Standard licence condition
vpa_public_register,2026-07-29T13:34:38.613Z,https://pharmacy.vic.gov.au/register-search/,Direct Chemist Outlet - Ripponlea,91 - 93 Glen Eira Road,Ripponlea,VIC,3183,"91 - 93 Glen Eira Road, Ripponlea VIC 3183",30/06/2027,Active,Standard registration conditions,Ming Yeung Seto,30/06/2027,Active,Standard licence condition
vpa_public_register,2026-07-29T13:34:38.613Z,https://pharmacy.vic.gov.au/register-search/,Direct Chemist Outlet - Ripponlea,91 - 93 Glen Eira Road,Ripponlea,VIC,3183,"91 - 93 Glen Eira Road, Ripponlea VIC 3183",30/06/2027,Active,Standard registration conditions,Wilson Tan,30/06/2027,Active,Standard licence condition
vpa_public_register,2026-07-29T13:34:38.613Z,https://pharmacy.vic.gov.au/register-search/,MASADA PRIVATE HOSPITAL PHARMACY DEPARTMENT,26 - 28 Balaclava Road,East St Kilda,VIC,3183,"26 - 28 Balaclava Road, East St Kilda VIC 3183",30/06/2027,Active,,AUSTRALIAN HOSPITAL CARE (MASADA) PTY LTD T/A MASADA PRIVATE HOSPITAL,30/06/2027,Active,Standard licence condition
vpa_public_register,2026-07-29T13:34:38.613Z,https://pharmacy.vic.gov.au/register-search/,PRICELINE PHARMACY BALACLAVA,161-163 Carlisle Street,Balaclava,VIC,3183,"161-163 Carlisle Street, Balaclava VIC 3183",30/06/2027,Active,Standard registration conditions,Guech Khov,30/06/2027,Active,Standard licence condition
vpa_public_register,2026-07-29T13:34:38.613Z,https://pharmacy.vic.gov.au/register-search/,PRICELINE PHARMACY BALACLAVA,161-163 Carlisle Street,Balaclava,VIC,3183,"161-163 Carlisle Street, Balaclava VIC 3183",30/06/2027,Active,Standard registration conditions,Jye Jing Ng,30/06/2027,Active,Standard licence condition
vpa_public_register,2026-07-29T13:34:38.613Z,https://pharmacy.vic.gov.au/register-search/,Ramsay Pharmacy Balaclava,304-306 Carlisle Street,Balaclava,VIC,3183,"304-306 Carlisle Street, Balaclava VIC 3183",30/06/2027,Active,Standard registration conditions,Judevie Pty Ltd,30/06/2027,Active,Standard licence condition
vpa_public_register,2026-07-29T13:34:38.613Z,https://pharmacy.vic.gov.au/register-search/,The Chapel  Pharmacy,"Ground Floor, 103, 105 & 107 Carlisle Street",Balaclava,VIC,3183,"Ground Floor, 103, 105 & 107 Carlisle Street, Balaclava VIC 3183",30/06/2027,Active,Standard registration conditions,Chemist Greenhouse Balaclava Pty Ltd,30/06/2027,Active,Standard licence condition
vpa_public_register,2026-07-29T13:34:38.613Z,https://pharmacy.vic.gov.au/register-search/,Wholesale Pharmacy Balaclava,245 Carlisle Street,BALACLAVA,VIC,3183,"245 Carlisle Street, BALACLAVA VIC 3183",30/06/2027,Active,Standard registration conditions,Balaclava Pharmacy Pty Ltd,30/06/2027,Active,Standard licence condition
vpa_public_register,2026-07-29T13:34:38.613Z,https://pharmacy.vic.gov.au/register-search/,Chemist Warehouse Elwood,65 - 69 Brighton Road,ELWOOD,VIC,3184,"65 - 69 Brighton Road, ELWOOD VIC 3184",30/06/2027,Active,Standard registration conditions,Adrian Trubiano,30/06/2027,Active,Standard licence condition
vpa_public_register,2026-07-29T13:34:38.613Z,https://pharmacy.vic.gov.au/register-search/,Chemist Warehouse Elwood,65 - 69 Brighton Road,ELWOOD,VIC,3184,"65 - 69 Brighton Road, ELWOOD VIC 3184",30/06/2027,Active,Standard registration conditions,EAST YARRA FRIENDLY SOCIETY PTY LTD,30/06/2027,Active,Standard licence condition
vpa_public_register,2026-07-29T13:34:38.613Z,https://pharmacy.vic.gov.au/register-search/,Laird's Pharmacy,146 - 150 Tennyson Street,ELWOOD,VIC,3184,"146 - 150 Tennyson Street, ELWOOD VIC 3184",30/06/2027,Active,Standard registration conditions,Elizabeth Foo,30/06/2027,Active,Standard licence condition
vpa_public_register,2026-07-29T13:34:38.613Z,https://pharmacy.vic.gov.au/register-search/,Roths Medisave Pharmacy,136 Ormond Road,Elwood,VIC,3184,"136 Ormond Road, Elwood VIC 3184",30/06/2027,Active,Standard registration conditions,Michael Roth,30/06/2027,Active,Standard licence condition
vpa_public_register,2026-07-29T13:34:38.613Z,https://pharmacy.vic.gov.au/register-search/,TerryWhite Chemmart Elwood,135 Ormond Road,Elwood,VIC,3184,"135 Ormond Road, Elwood VIC 3184",30/06/2027,Active,Standard registration conditions,Joseph Daggian,30/06/2027,Active,Standard licence condition
vpa_public_register,2026-07-29T13:34:38.613Z,https://pharmacy.vic.gov.au/register-search/,Advantage Pharmacy Elsternwick,355 Glenhuntly Road,Elsternwick,VIC,3185,"355 Glenhuntly Road, Elsternwick VIC 3185",30/06/2027,Active,Standard registration conditions,Lan Tran,30/06/2027,Active,Standard licence condition
vpa_public_register,2026-07-29T13:34:38.613Z,https://pharmacy.vic.gov.au/register-search/,Advantage Pharmacy Elsternwick,355 Glenhuntly Road,Elsternwick,VIC,3185,"355 Glenhuntly Road, Elsternwick VIC 3185",30/06/2027,Active,Standard registration conditions,Nancy Tse,30/06/2027,Active,Standard licence condition
vpa_public_register,2026-07-29T13:34:38.613Z,https://pharmacy.vic.gov.au/register-search/,CHEMIST WAREHOUSE ELSTERNWICK,316 - 324 Glenhuntly Road,Elsternwick,VIC,3185,"316 - 324 Glenhuntly Road, Elsternwick VIC 3185",30/06/2027,Active,Standard registration conditions,Damien Gance,30/06/2027,Active,Standard licence condition
vpa_public_register,2026-07-29T13:34:38.613Z,https://pharmacy.vic.gov.au/register-search/,CHEMIST WAREHOUSE ELSTERNWICK,316 - 324 Glenhuntly Road,Elsternwick,VIC,3185,"316 - 324 Glenhuntly Road, Elsternwick VIC 3185",30/06/2027,Active,Standard registration conditions,Leah Bartolotta,30/06/2027,Active,Standard licence condition
vpa_public_register,2026-07-29T13:34:38.613Z,https://pharmacy.vic.gov.au/register-search/,Direct Chemist Outlet Elsternwick,"Ground Floor, 411 - 413 Glenhuntly Road",ELSTERNWICK,VIC,3185,"Ground Floor, 411 - 413 Glenhuntly Road, ELSTERNWICK VIC 3185",30/06/2027,Active,Standard registration conditions,Simon Kenny,30/06/2027,Active,Standard licence condition
vpa_public_register,2026-07-29T13:34:38.613Z,https://pharmacy.vic.gov.au/register-search/,Direct Chemist Outlet Elsternwick,"Ground Floor, 411 - 413 Glenhuntly Road",ELSTERNWICK,VIC,3185,"Ground Floor, 411 - 413 Glenhuntly Road, ELSTERNWICK VIC 3185",30/06/2027,Active,Standard registration conditions,Stephen Morrin,30/06/2027,Active,Standard licence condition
vpa_public_register,2026-07-29T13:34:38.613Z,https://pharmacy.vic.gov.au/register-search/,iCare Pharmacy,"Shop 1, 203 - 207 Nepean Highway",Gardenvale,VIC,3185,"Shop 1, 203 - 207 Nepean Highway, Gardenvale VIC 3185",30/06/2027,Active,Standard registration conditions,Caitlin Stokes,30/06/2027,Active,Standard licence condition
vpa_public_register,2026-07-29T13:34:38.613Z,https://pharmacy.vic.gov.au/register-search/,iCare Pharmacy,"Shop 1, 203 - 207 Nepean Highway",Gardenvale,VIC,3185,"Shop 1, 203 - 207 Nepean Highway, Gardenvale VIC 3185",30/06/2027,Active,Standard registration conditions,Warren Turner,30/06/2027,Active,Standard licence condition
vpa_public_register,2026-07-29T13:34:38.613Z,https://pharmacy.vic.gov.au/register-search/,MICHAEL SHAPP PHARMACY,392 Glenhuntly Road,Elsternwick,VIC,3185,"392 Glenhuntly Road, Elsternwick VIC 3185",30/06/2027,Active,Standard registration conditions,Michael Shapp,30/06/2027,Active,Standard licence condition
vpa_public_register,2026-07-29T13:34:38.613Z,https://pharmacy.vic.gov.au/register-search/,Priceline Pharmacy Elsternwick,"Shop 5 & 6, 421 - 439 Glen Huntly Road",Elsternwick,VIC,3185,"Shop 5 & 6, 421 - 439 Glen Huntly Road, Elsternwick VIC 3185",30/06/2027,Active,Standard registration conditions,Leon Fleischer,30/06/2027,Active,Standard licence condition
vpa_public_register,2026-07-29T13:34:38.613Z,https://pharmacy.vic.gov.au/register-search/,Priceline Pharmacy Elsternwick,"Shop 5 & 6, 421 - 439 Glen Huntly Road",Elsternwick,VIC,3185,"Shop 5 & 6, 421 - 439 Glen Huntly Road, Elsternwick VIC 3185",30/06/2027,Active,Standard registration conditions,Limor Rose,30/06/2027,Active,Standard licence condition
vpa_public_register,2026-07-29T13:34:38.613Z,https://pharmacy.vic.gov.au/register-search/,SZWARCBARD PHARMACY,393 Glenhuntly Road,Elsternwick,VIC,3185,"393 Glenhuntly Road, Elsternwick VIC 3185",30/06/2027,Active,Standard registration conditions,Kiet Do,30/06/2027,Active,Standard licence condition
vpa_public_register,2026-07-29T13:34:38.613Z,https://pharmacy.vic.gov.au/register-search/,BAYSIDE PHARMACY,602 Hampton Street,Brighton,VIC,3186,"602 Hampton Street, Brighton VIC 3186",30/06/2027,Active,Standard registration conditions,Andre Beck,30/06/2027,Active,Standard licence condition
vpa_public_register,2026-07-29T13:34:38.613Z,https://pharmacy.vic.gov.au/register-search/,Brighton Bay Pharmacy,"Shops 3 & 4, 259 - 279 Bay Street",BRIGHTON,VIC,3186,"Shops 3 & 4, 259 - 279 Bay Street, BRIGHTON VIC 3186",30/06/2027,Active,Standard registration conditions,Brighton Bay Pharmacy Pty Ltd,30/06/2027,Active,Standard licence condition
vpa_public_register,2026-07-29T13:34:38.613Z,https://pharmacy.vic.gov.au/register-search/,Brighton Dendy Plaza Pharmacy,"Shop 39A - 40A The Dendy Shopping Centre, 26 - 34 Church Street",Brighton,VIC,3186,"Shop 39A - 40A The Dendy Shopping Centre, 26 - 34 Church Street, Brighton VIC 3186",30/06/2027,Active,Standard registration conditions,Pharmacy O2412 Pty Ltd,30/06/2027,Active,Standard licence condition
vpa_public_register,2026-07-29T13:34:38.613Z,https://pharmacy.vic.gov.au/register-search/,CABRINI HOSPITAL PHARMACY DEPARTMENT BRIGHTON,243 New Street,Brighton,VIC,3186,"243 New Street, Brighton VIC 3186",30/06/2027,Active,,Cabrini Health Limited,30/06/2027,Active,Standard licence condition
vpa_public_register,2026-07-29T13:34:38.613Z,https://pharmacy.vic.gov.au/register-search/,CHEMIST WAREHOUSE BRIGHTON,363 Bay Street,Brighton,VIC,3186,"363 Bay Street, Brighton VIC 3186",30/06/2027,Active,Standard registration conditions,Rebecca Nguyen,30/06/2027,Active,Standard licence condition
vpa_public_register,2026-07-29T13:34:38.613Z,https://pharmacy.vic.gov.au/register-search/,Chemist Warehouse Brighton - Church Street,"Shop 2, 72-74 Church Street",Brighton,VIC,3186,"Shop 2, 72-74 Church Street, Brighton VIC 3186",30/06/2027,Active,Standard registration conditions,Pharmacy O2388 Pty Ltd,30/06/2027,Active,Standard licence condition
vpa_public_register,2026-07-29T13:34:38.613Z,https://pharmacy.vic.gov.au/register-search/,Complete Care Pharmacy Brighton,"Suites 1, 5 & 6, 2 Church Street",Brighton,VIC,3186,"Suites 1, 5 & 6, 2 Church Street, Brighton VIC 3186",30/06/2027,Active,Standard registration conditions,FRIENDLY SOCIETY MEDICAL ASSOCIATION LIMITED,30/06/2027,Active,Standard licence condition
vpa_public_register,2026-07-29T13:34:38.613Z,https://pharmacy.vic.gov.au/register-search/,Dendy Village Pharmacy,Part of 752 Hampton Street,Brighton,VIC,3186,"Part of 752 Hampton Street, Brighton VIC 3186",30/06/2027,Active,Standard registration conditions,Nader Samy,30/06/2027,Active,Standard licence condition
vpa_public_register,2026-07-29T13:34:38.613Z,https://pharmacy.vic.gov.au/register-search/,Dendy Village Pharmacy,Part of 752 Hampton Street,Brighton,VIC,3186,"Part of 752 Hampton Street, Brighton VIC 3186",30/06/2027,Active,Standard registration conditions,Aviezer Jaworowski,30/06/2027,Inactive,Standard licence condition
vpa_public_register,2026-07-29T13:34:38.613Z,https://pharmacy.vic.gov.au/register-search/,Dendy Village Pharmacy,Part of 752 Hampton Street,Brighton,VIC,3186,"Part of 752 Hampton Street, Brighton VIC 3186",30/06/2027,Active,Standard registration conditions,Lili Jaworowski,30/06/2027,Inactive,Standard licence condition
vpa_public_register,2026-07-29T13:34:38.613Z,https://pharmacy.vic.gov.au/register-search/,Direct Chemist Outlet Gardenvale,4/170 Martin Street,Brighton,VIC,3186,"4/170 Martin Street, Brighton VIC 3186",30/06/2027,Active,Standard registration conditions,Uzun Pharmacy Group Pty Ltd,30/06/2027,Active,Standard licence condition
vpa_public_register,2026-07-29T13:34:38.613Z,https://pharmacy.vic.gov.au/register-search/,SIMON KENNY PHARMACY,127 Were Street,Brighton,VIC,3186,"127 Were Street, Brighton VIC 3186",30/06/2027,Active,Standard registration conditions,Simon Kenny,30/06/2027,Active,Standard licence condition
vpa_public_register,2026-07-29T13:34:38.613Z,https://pharmacy.vic.gov.au/register-search/,TerryWhite Chemmart North Brighton,326 Bay Street,Brighton North,VIC,3186,"326 Bay Street, Brighton North VIC 3186",30/06/2027,Active,Standard registration conditions,North Brighton Pharmacy Pty Ltd,30/06/2027,Active,Standard licence condition
vpa_public_register,2026-07-29T13:34:38.613Z,https://pharmacy.vic.gov.au/register-search/,EAST BRIGHTON PHARMACY,774 Hawthorn Road,Brighton East,VIC,3187,"774 Hawthorn Road, Brighton East VIC 3187",30/06/2027,Active,Standard registration conditions,Eric Upton,30/06/2027,Active,Standard licence condition
vpa_public_register,2026-07-29T13:34:38.613Z,https://pharmacy.vic.gov.au/register-search/,HAWTHORN ROAD PHARMACY  ALLAN BERNHART (PROP),600 Hawthorn Road,Brighton East,VIC,3187,"600 Hawthorn Road, Brighton East VIC 3187",30/06/2027,Active,Standard registration conditions,Allan Bernhart,30/06/2027,Active,Standard licence condition
vpa_public_register,2026-07-29T13:34:38.613Z,https://pharmacy.vic.gov.au/register-search/,NELSON PHARMACY,123 Thomas Street,Brighton East,VIC,3187,"123 Thomas Street, Brighton East VIC 3187",30/06/2027,Active,Standard registration conditions,Paul Pham,30/06/2027,Active,Standard licence condition
vpa_public_register,2026-07-29T13:34:38.613Z,https://pharmacy.vic.gov.au/register-search/,Barts TerryWhite Chemmart Hampton East,330 South Road,HAMPTON EAST,VIC,3188,"330 South Road, HAMPTON EAST VIC 3188",30/06/2027,Active,Standard registration conditions,Marthad Pty Ltd,30/06/2027,Active,Standard licence condition
vpa_public_register,2026-07-29T13:34:38.613Z,https://pharmacy.vic.gov.au/register-search/,Chemist Warehouse Hampton,Shop 1 / 379-381 Hampton Street,Hampton,VIC,3188,"Shop 1 / 379-381 Hampton Street, Hampton VIC 3188",30/06/2027,Active,Standard registration conditions,Leah Bartolotta,30/06/2027,Active,Standard licence condition
vpa_public_register,2026-07-29T13:34:38.613Z,https://pharmacy.vic.gov.au/register-search/,CHEMIST WAREHOUSE- MOORABBIN,"Part Ground Floor, 854-860 Nepean Highway",Hampton East,VIC,3188,"Part Ground Floor, 854-860 Nepean Highway, Hampton East VIC 3188",30/06/2027,Active,Standard registration conditions,Ali Afrasiabi,30/06/2027,Active,Standard licence condition
vpa_public_register,2026-07-29T13:34:38.613Z,https://pharmacy.vic.gov.au/register-search/,CHEMIST WAREHOUSE- MOORABBIN,"Part Ground Floor, 854-860 Nepean Highway",Hampton East,VIC,3188,"Part Ground Floor, 854-860 Nepean Highway, Hampton East VIC 3188",30/06/2027,Active,Standard registration conditions,EAST YARRA FRIENDLY SOCIETY PTY LTD,30/06/2027,Active,Standard licence condition
vpa_public_register,2026-07-29T13:34:38.613Z,https://pharmacy.vic.gov.au/register-search/,HAMPTON PHARMACY,325 Hampton Street,Hampton,VIC,3188,"325 Hampton Street, Hampton VIC 3188",30/06/2027,Active,Standard registration conditions,Hampton RX Pty Ltd,30/06/2027,Active,Standard licence condition
vpa_public_register,2026-07-29T13:34:38.613Z,https://pharmacy.vic.gov.au/register-search/,LINACRE PRIVATE HOSPITAL PHARMACY DEPARTMENT,12 Linacre Road,Hampton,VIC,3188,"12 Linacre Road, Hampton VIC 3188",30/06/2027,Active,,HCOA OPERATIONS (AUSTRALIA) PTY LTD,30/06/2027,Active,Standard licence condition
vpa_public_register,2026-07-29T13:34:38.613Z,https://pharmacy.vic.gov.au/register-search/,MOORABBIN PHARMACY,908 Nepean Highway,Hampton East,VIC,3188,"908 Nepean Highway, Hampton East VIC 3188",30/06/2027,Active,Standard registration conditions,Jason Michaelidis,30/06/2027,Active,Standard licence condition
vpa_public_register,2026-07-29T13:34:38.613Z,https://pharmacy.vic.gov.au/register-search/,TerryWhite Chemmart Bluff Road,355a Bluff Road,Hampton,VIC,3188,"355a Bluff Road, Hampton VIC 3188",30/06/2027,Active,Standard registration conditions,Pharmacy VIC Pty  Ltd,30/06/2027,Active,Standard licence condition
vpa_public_register,2026-07-29T13:34:38.613Z,https://pharmacy.vic.gov.au/register-search/,HPS Pharmacies - Moorabbin,"Holmesglen Private Hospital, 488 South Road",MOORABBIN,VIC,3189,"Holmesglen Private Hospital, 488 South Road, MOORABBIN VIC 3189",30/06/2027,Active,Standard registration conditions,HSP VIC No. 3 Pty Ltd,30/06/2027,Active,Standard licence condition
vpa_public_register,2026-07-29T13:34:38.613Z,https://pharmacy.vic.gov.au/register-search/,Super Value Chemist Moorabbin,"Shop 8A,Moorabbin Link Shopping Centre, 2 Central Avenue",Moorabbin,VIC,3189,"Shop 8A,Moorabbin Link Shopping Centre, 2 Central Avenue, Moorabbin VIC 3189",30/06/2027,Active,Standard registration conditions,Ez Pharmacy Pty Ltd,30/06/2027,Active,Standard licence condition
vpa_public_register,2026-07-29T13:34:38.613Z,https://pharmacy.vic.gov.au/register-search/,Fraz Family Pharmacy Highett,"Shop 1, 1209 - 1215 Nepean Highway",Highett,VIC,3190,"Shop 1, 1209 - 1215 Nepean Highway, Highett VIC 3190",30/06/2027,Active,Standard registration conditions,Zubair Enterprises Pty Ltd,30/06/2027,Active,Standard licence condition
vpa_public_register,2026-07-29T13:34:38.613Z,https://pharmacy.vic.gov.au/register-search/,Ramsay Pharmacy Highett,Shop 11 - / 284 - 286 Highett Road,Highett,VIC,3190,"Shop 11 - / 284 - 286 Highett Road, Highett VIC 3190",30/06/2027,Active,Standard registration conditions,Pharmire Pty Ltd,30/06/2027,Active,Standard licence condition
vpa_public_register,2026-07-29T13:34:38.613Z,https://pharmacy.vic.gov.au/register-search/,SANDRINGHAM AMCAL PHARMACY,93-95 Station Street,Sandringham,VIC,3191,"93-95 Station Street, Sandringham VIC 3191",30/06/2027,Active,Standard registration conditions,Sandringham Pharmacy Pty Ltd,30/06/2027,Active,Standard licence condition
vpa_public_register,2026-07-29T13:34:38.613Z,https://pharmacy.vic.gov.au/register-search/,Sandringham Hospital Pharmacy Department,193 Bluff Road,SANDRINGHAM,VIC,3191,"193 Bluff Road, SANDRINGHAM VIC 3191",30/06/2027,Active,,Bayside Health,30/06/2027,Active,Standard licence condition
vpa_public_register,2026-07-29T13:34:38.613Z,https://pharmacy.vic.gov.au/register-search/,AMCAL PHARMACY SOUTHLAND,"Shop 1145, Westfield Shoppingtown Southland",Cheltenham,VIC,3192,"Shop 1145, Westfield Shoppingtown Southland, Cheltenham VIC 3192",30/06/2027,Active,Standard registration conditions,Wee Ghak Tan,30/06/2027,Active,Standard licence condition
vpa_public_register,2026-07-29T13:34:38.613Z,https://pharmacy.vic.gov.au/register-search/,CHARMAN ROAD PHARMACY,322-324 Charman Road,Cheltenham,VIC,3192,"322-324 Charman Road, Cheltenham VIC 3192",30/06/2027,Active,Standard registration conditions,Siaw Investments Pty Ltd,30/06/2027,Active,Standard licence condition
vpa_public_register,2026-07-29T13:34:38.613Z,https://pharmacy.vic.gov.au/register-search/,CHEMIST WAREHOUSE CHELTENHAM,326-330 Charman Road,Cheltenham,VIC,3192,"326-330 Charman Road, Cheltenham VIC 3192",30/06/2027,Active,Standard registration conditions,EAST YARRA FRIENDLY SOCIETY PTY LTD,30/06/2027,Active,Standard licence condition
vpa_public_register,2026-07-29T13:34:38.613Z,https://pharmacy.vic.gov.au/register-search/,CHEMIST WAREHOUSE CHELTENHAM,326-330 Charman Road,Cheltenham,VIC,3192,"326-330 Charman Road, Cheltenham VIC 3192",30/06/2027,Active,Standard registration conditions,Rebecca Nguyen,30/06/2027,Active,Standard licence condition
vpa_public_register,2026-07-29T13:34:38.613Z,https://pharmacy.vic.gov.au/register-search/,Direct Chemist Outlet Cheltenham,227 Warrigal Road,Cheltenham,VIC,3192,"227 Warrigal Road, Cheltenham VIC 3192",30/06/2027,Active,Standard registration conditions,Fady Joseph Antoun Moussa,30/06/2027,Active,Standard licence condition
vpa_public_register,2026-07-29T13:34:38.613Z,https://pharmacy.vic.gov.au/register-search/,Direct Chemist Outlet Cheltenham,227 Warrigal Road,Cheltenham,VIC,3192,"227 Warrigal Road, Cheltenham VIC 3192",30/06/2027,Active,Standard registration conditions,John Shihata,30/06/2027,Active,Standard licence condition
vpa_public_register,2026-07-29T13:34:38.613Z,https://pharmacy.vic.gov.au/register-search/,MONASH HEALTH PHARMACY DEPARTMENT  KINGSTON CENTRE,400 Warrigal Road,Cheltenham,VIC,3192,"400 Warrigal Road, Cheltenham VIC 3192",30/06/2027,Active,,MONASH HEALTH,30/06/2027,Active,Standard licence condition
vpa_public_register,2026-07-29T13:34:38.613Z,https://pharmacy.vic.gov.au/register-search/,Pharmacy 777 Cheltenham,35 Bernard Street,Cheltenham,VIC,3192,"35 Bernard Street, Cheltenham VIC 3192",30/06/2027,Active,Standard registration conditions,AFSAR Group VIC Pty Ltd,30/06/2027,Active,Standard licence condition
vpa_public_register,2026-07-29T13:34:38.613Z,https://pharmacy.vic.gov.au/register-search/,Pharmacy 777 Cheltenham,35 Bernard Street,Cheltenham,VIC,3192,"35 Bernard Street, Cheltenham VIC 3192",30/06/2027,Active,Standard registration conditions,Brotherson Group VIC Pty Ltd,30/06/2027,Active,Standard licence condition
vpa_public_register,2026-07-29T13:34:38.613Z,https://pharmacy.vic.gov.au/register-search/,Pharmacy 777 Cheltenham,35 Bernard Street,Cheltenham,VIC,3192,"35 Bernard Street, Cheltenham VIC 3192",30/06/2027,Active,Standard registration conditions,Speak Group VIC Pty Ltd,30/06/2027,Active,Standard licence condition
vpa_public_register,2026-07-29T13:34:38.613Z,https://pharmacy.vic.gov.au/register-search/,PRICELINE PHARMACY SOUTHLAND,"Shop 1016, Westfield Shoppingtown Southland, Nepean Highway",Cheltenham,VIC,3192,"Shop 1016, Westfield Shoppingtown Southland, Nepean Highway, Cheltenham VIC 3192",30/06/2027,Active,Standard registration conditions,Pharmacy Holdings Australia Pty Ltd,30/06/2027,Active,Standard licence condition
vpa_public_register,2026-07-29T13:34:38.613Z,https://pharmacy.vic.gov.au/register-search/,PRICELINE PHARMACY SOUTHLAND EAST,"Shop 2075/7, Westfield Shopping Centre, 1239 Nepean Highway",Cheltenham,VIC,3192,"Shop 2075/7, Westfield Shopping Centre, 1239 Nepean Highway, Cheltenham VIC 3192",30/06/2027,Active,Standard registration conditions,Robert Podolak,30/06/2027,Active,Standard licence condition
vpa_public_register,2026-07-29T13:34:38.613Z,https://pharmacy.vic.gov.au/register-search/,Terry White Chemmart Cheltenham,26 - 28 Station Road,CHELTENHAM,VIC,3192,"26 - 28 Station Road, CHELTENHAM VIC 3192",30/06/2027,Active,Standard registration conditions,CHELTENHAM FRIENDLY SOCIETY DISPENSARY LTD,30/06/2027,Active,Standard licence condition
vpa_public_register,2026-07-29T13:34:38.613Z,https://pharmacy.vic.gov.au/register-search/,BEAUMARIS PHARMACY,1A East Concourse,Beaumaris,VIC,3193,"1A East Concourse, Beaumaris VIC 3193",30/06/2027,Active,Standard registration conditions,David Szylit,30/06/2027,Active,Standard licence condition
vpa_public_register,2026-07-29T13:34:38.613Z,https://pharmacy.vic.gov.au/register-search/,BEAUMARIS PHARMACY,1A East Concourse,Beaumaris,VIC,3193,"1A East Concourse, Beaumaris VIC 3193",30/06/2027,Active,Standard registration conditions,MALCOLM COSGRIFF,30/06/2027,Active,Standard licence condition
vpa_public_register,2026-07-29T13:34:38.613Z,https://pharmacy.vic.gov.au/register-search/,Pharmacy 360 Black Rock,16 Bluff Road,BLACK ROCK,VIC,3193,"16 Bluff Road, BLACK ROCK VIC 3193",30/06/2027,Active,Standard registration conditions,Pharmacy 360 Black Rock Pty Ltd,30/06/2027,Active,Standard licence condition
vpa_public_register,2026-07-29T13:34:38.613Z,https://pharmacy.vic.gov.au/register-search/,Seaview Pharmacy,342 - 344 Balcombe Road,Beaumaris,VIC,3193,"342 - 344 Balcombe Road, Beaumaris VIC 3193",30/06/2027,Active,Standard registration conditions,Paul Krassaris,30/06/2027,Active,Standard licence condition
vpa_public_register,2026-07-29T13:34:38.613Z,https://pharmacy.vic.gov.au/register-search/,Terry White Chemmart Beaumaris,22 South Concourse,Beaumaris,VIC,3193,"22 South Concourse, Beaumaris VIC 3193",30/06/2027,Active,Standard registration conditions,Beaumaris Concourse Pharmacy Pty Ltd,30/06/2027,Active,Standard licence condition
vpa_public_register,2026-07-29T13:34:38.613Z,https://pharmacy.vic.gov.au/register-search/,Chemist Warehouse Kingston Central Plaza - Moorabbin Airport,"Shop 17, Kingston Central Plaza, 288 Centre Dandenong Road",MOORABBIN AIRPORT,VIC,3194,"Shop 17, Kingston Central Plaza, 288 Centre Dandenong Road, MOORABBIN AIRPORT VIC 3194",30/06/2027,Active,Standard registration conditions,Sam Bassaly,30/06/2027,Active,Standard licence condition
vpa_public_register,2026-07-29T13:34:38.613Z,https://pharmacy.vic.gov.au/register-search/,Chemist Warehouse Mentone,"Shops 2 - 5, 41 Florence Street",MENTONE,VIC,3194,"Shops 2 - 5, 41 Florence Street, MENTONE VIC 3194",30/06/2027,Active,Standard registration conditions,Rebecca Nguyen,30/06/2027,Active,Standard licence condition
vpa_public_register,2026-07-29T13:34:38.613Z,https://pharmacy.vic.gov.au/register-search/,GOOD HEALTH PHARMACY,28 - 30 Como Parade,Mentone,VIC,3194,"28 - 30 Como Parade, Mentone VIC 3194",30/06/2027,Active,Standard registration conditions,Colin Templer,30/06/2027,Active,Standard licence condition
vpa_public_register,2026-07-29T13:34:38.613Z,https://pharmacy.vic.gov.au/register-search/,GOOD HEALTH PHARMACY,28 - 30 Como Parade,Mentone,VIC,3194,"28 - 30 Como Parade, Mentone VIC 3194",30/06/2027,Active,Standard registration conditions,Margot Templer,30/06/2027,Active,Standard licence condition
vpa_public_register,2026-07-29T13:34:38.613Z,https://pharmacy.vic.gov.au/register-search/,PARKDALE PHARMACY,270 Como Parade,Parkdale,VIC,3194,"270 Como Parade, Parkdale VIC 3194",30/06/2027,Active,Standard registration conditions,Lynzol Pty Ltd,30/06/2027,Active,Standard licence condition
vpa_public_register,2026-07-29T13:34:38.613Z,https://pharmacy.vic.gov.au/register-search/,TERRY WHITE CHEMMART MENTONE,"Shop 6, Thrift Park Shopping Centre, 171 - 187 Nepean Hwy",MENTONE,VIC,3194,"Shop 6, Thrift Park Shopping Centre, 171 - 187 Nepean Hwy, MENTONE VIC 3194",30/06/2027,Active,Standard registration conditions,Birkeland Pty Ltd,30/06/2027,Active,Standard licence condition
vpa_public_register,2026-07-29T13:34:38.613Z,https://pharmacy.vic.gov.au/register-search/,Amcal Aspendale Gardens,"Shop 21, Aspendale Gardens S/C, Narelle Drive",Aspendale,VIC,3195,"Shop 21, Aspendale Gardens S/C, Narelle Drive, Aspendale VIC 3195",30/06/2027,Active,Standard registration conditions,Azman Haroon,30/06/2027,Active,Standard licence condition
vpa_public_register,2026-07-29T13:34:38.613Z,https://pharmacy.vic.gov.au/register-search/,Amcal Aspendale Gardens,"Shop 21, Aspendale Gardens S/C, Narelle Drive",Aspendale,VIC,3195,"Shop 21, Aspendale Gardens S/C, Narelle Drive, Aspendale VIC 3195",30/06/2027,Active,Standard registration conditions,Sam Bassaly,30/06/2027,Active,Standard licence condition
vpa_public_register,2026-07-29T13:34:38.613Z,https://pharmacy.vic.gov.au/register-search/,Aspendale Pharmacy,134 Station Street,Aspendale,VIC,3195,"134 Station Street, Aspendale VIC 3195",30/06/2027,Active,Standard registration conditions,Chau Trinh,30/06/2027,Active,Standard licence condition
vpa_public_register,2026-07-29T13:34:38.613Z,https://pharmacy.vic.gov.au/register-search/,ASPENDALE PHARMACY,141 Station Street,Aspendale,VIC,3195,"141 Station Street, Aspendale VIC 3195",30/06/2027,Closed,Standard registration conditions,Chau Trinh,30/07/2026,Inactive,Standard licence condition
vpa_public_register,2026-07-29T13:34:38.613Z,https://pharmacy.vic.gov.au/register-search/,Axcess Healthcare Melbourne,554 Main Street,Mordialloc,VIC,3195,"554 Main Street, Mordialloc VIC 3195",30/06/2027,Active,Standard registration conditions,Axcess Healthcare Melbourne Pty Ltd,30/06/2027,Active,Standard licence condition
vpa_public_register,2026-07-29T13:34:38.613Z,https://pharmacy.vic.gov.au/register-search/,MORDIALLOC AMCAL PHARMACY,469 Main Street,Mordialloc,VIC,3195,"469 Main Street, Mordialloc VIC 3195",30/06/2027,Active,Standard registration conditions,Adam Lyn,30/06/2027,Active,Standard licence condition
vpa_public_register,2026-07-29T13:34:38.613Z,https://pharmacy.vic.gov.au/register-search/,MORDIALLOC AMCAL PHARMACY,469 Main Street,Mordialloc,VIC,3195,"469 Main Street, Mordialloc VIC 3195",30/06/2027,Active,Standard registration conditions,Dan Nguyen,30/06/2027,Active,Standard licence condition
vpa_public_register,2026-07-29T13:34:38.613Z,https://pharmacy.vic.gov.au/register-search/,MORDIALLOC AMCAL PHARMACY,469 Main Street,Mordialloc,VIC,3195,"469 Main Street, Mordialloc VIC 3195",30/06/2027,Active,Standard registration conditions,George Stefanos,30/06/2027,Active,Standard licence condition
vpa_public_register,2026-07-29T13:34:38.613Z,https://pharmacy.vic.gov.au/register-search/,MORDIALLOC AMCAL PHARMACY,469 Main Street,Mordialloc,VIC,3195,"469 Main Street, Mordialloc VIC 3195",30/06/2027,Active,Standard registration conditions,Minas Lettas,30/06/2027,Active,Standard licence condition
vpa_public_register,2026-07-29T13:34:38.613Z,https://pharmacy.vic.gov.au/register-search/,WARREN ROAD PHARMACY,91 Warren Road,Mordialloc,VIC,3195,"91 Warren Road, Mordialloc VIC 3195",30/06/2027,Active,Standard registration conditions,George Stefanos,30/06/2027,Active,Standard licence condition
vpa_public_register,2026-07-29T13:34:38.613Z,https://pharmacy.vic.gov.au/register-search/,WARREN ROAD PHARMACY,91 Warren Road,Mordialloc,VIC,3195,"91 Warren Road, Mordialloc VIC 3195",30/06/2027,Active,Standard registration conditions,Minas Lettas,30/06/2027,Active,Standard licence condition
vpa_public_register,2026-07-29T13:34:38.613Z,https://pharmacy.vic.gov.au/register-search/,ADAMS PHARMACY,413 Nepean Highway,Chelsea,VIC,3196,"413 Nepean Highway, Chelsea VIC 3196",30/06/2027,Active,Standard registration conditions,Chelsea Pharmacy D Pty Ltd,30/06/2027,Active,Standard licence condition
vpa_public_register,2026-07-29T13:34:38.613Z,https://pharmacy.vic.gov.au/register-search/,ADAMS PHARMACY,413 Nepean Highway,Chelsea,VIC,3196,"413 Nepean Highway, Chelsea VIC 3196",30/06/2027,Active,Standard registration conditions,Chelsea Pharmacy Group Pty Ltd,30/06/2027,Active,Standard licence condition
vpa_public_register,2026-07-29T13:34:38.613Z,https://pharmacy.vic.gov.au/register-search/,ADAMS PHARMACY,413 Nepean Highway,Chelsea,VIC,3196,"413 Nepean Highway, Chelsea VIC 3196",30/06/2027,Active,Standard registration conditions,Chelsea Pharmacy No 2 Pty Ltd,30/06/2027,Active,Standard licence condition
vpa_public_register,2026-07-29T13:34:38.613Z,https://pharmacy.vic.gov.au/register-search/,Edithvale Pharmacy,240 Nepean Hwy,Edithvale,VIC,3196,"240 Nepean Hwy, Edithvale VIC 3196",30/06/2027,Active,Standard registration conditions,Chau Trinh,30/06/2027,Active,Standard licence condition
vpa_public_register,2026-07-29T13:34:38.613Z,https://pharmacy.vic.gov.au/register-search/,Star Chemist Chelsea,425 Nepean Highway,Chelsea,VIC,3196,"425 Nepean Highway, Chelsea VIC 3196",30/06/2027,Active,Standard registration conditions,Chelsea Pharmacy D Pty Ltd,30/06/2027,Active,Standard licence condition
vpa_public_register,2026-07-29T13:34:38.613Z,https://pharmacy.vic.gov.au/register-search/,Star Chemist Chelsea,425 Nepean Highway,Chelsea,VIC,3196,"425 Nepean Highway, Chelsea VIC 3196",30/06/2027,Active,Standard registration conditions,Chelsea Pharmacy Group Pty Ltd,30/06/2027,Active,Standard licence condition
vpa_public_register,2026-07-29T13:34:38.613Z,https://pharmacy.vic.gov.au/register-search/,Star Chemist Chelsea,425 Nepean Highway,Chelsea,VIC,3196,"425 Nepean Highway, Chelsea VIC 3196",30/06/2027,Active,Standard registration conditions,Chelsea Pharmacy No 1 Pty Ltd,30/06/2027,Active,Standard licence condition
vpa_public_register,2026-07-29T13:34:38.613Z,https://pharmacy.vic.gov.au/register-search/,Wells Road Pharmacy,"Part of Lot 13,, 93 Wells Road",Chelsea Heights,VIC,3196,"Part of Lot 13,, 93 Wells Road, Chelsea Heights VIC 3196",30/06/2027,Active,Standard registration conditions,ZYD Health Pty Ltd,30/06/2027,Active,Standard licence condition
vpa_public_register,2026-07-29T13:34:38.613Z,https://pharmacy.vic.gov.au/register-search/,YOUR PHARMACY CHELSEA HEIGHTS,1/205 Thames Promenade,Chelsea Heights,VIC,3196,"1/205 Thames Promenade, Chelsea Heights VIC 3196",30/06/2027,Active,Standard registration conditions,Mafeking Relief Pty Ltd,30/06/2027,Active,Standard licence condition
vpa_public_register,2026-07-29T13:34:38.613Z,https://pharmacy.vic.gov.au/register-search/,YOUR PHARMACY CHELSEA HEIGHTS,1/205 Thames Promenade,Chelsea Heights,VIC,3196,"1/205 Thames Promenade, Chelsea Heights VIC 3196",30/06/2027,Active,Standard registration conditions,Tissepharma Pty Ltd,30/06/2027,Active,Standard licence condition
vpa_public_register,2026-07-29T13:34:38.613Z,https://pharmacy.vic.gov.au/register-search/,CARRUM PHARMACY,513 Station Street,Carrum,VIC,3197,"513 Station Street, Carrum VIC 3197",30/06/2027,Active,Standard registration conditions,David Ngo,30/06/2027,Active,Standard licence condition
vpa_public_register,2026-07-29T13:34:38.613Z,https://pharmacy.vic.gov.au/register-search/,CARRUM PHARMACY,513 Station Street,Carrum,VIC,3197,"513 Station Street, Carrum VIC 3197",30/06/2027,Active,Standard registration conditions,Michael Pham,30/06/2027,Active,Standard licence condition
vpa_public_register,2026-07-29T13:34:38.613Z,https://pharmacy.vic.gov.au/register-search/,CARRUTHERS PHARMACY,"Lot 1, 620-621 Nepean Highway",CARRUM,VIC,3197,"Lot 1, 620-621 Nepean Highway, CARRUM VIC 3197",30/06/2027,Active,Standard registration conditions,Stefanos Giannakopoulos,30/06/2027,Active,Standard licence condition
vpa_public_register,2026-07-29T13:34:38.613Z,https://pharmacy.vic.gov.au/register-search/,Chemist Discount Centre Patterson Lakes,"Shop 7, Lake View Shopping Centre, Thompson Road",Patterson Lakes,VIC,3197,"Shop 7, Lake View Shopping Centre, Thompson Road, Patterson Lakes VIC 3197",30/06/2027,Active,Standard registration conditions,SMJ Pharmacy Pty Ltd,30/06/2027,Active,Standard licence condition
vpa_public_register,2026-07-29T13:34:38.613Z,https://pharmacy.vic.gov.au/register-search/,Direct Chemist Outlet Belvedere Park,284- 288 Seaford Road,Seaford,VIC,3198,"284- 288 Seaford Road, Seaford VIC 3198",30/06/2027,Active,Standard registration conditions,Belvedere Park Pharmacy Pty Ltd,30/06/2027,Active,Standard licence condition
vpa_public_register,2026-07-29T13:34:38.613Z,https://pharmacy.vic.gov.au/register-search/,Seaford Discount Drug Store,121 Nepean Highway,Seaford,VIC,3198,"121 Nepean Highway, Seaford VIC 3198",30/06/2027,Active,Standard registration conditions,CYQ Healthcare Pty Ltd,30/06/2027,Active,Standard licence condition
vpa_public_register,2026-07-29T13:34:38.613Z,https://pharmacy.vic.gov.au/register-search/,Amcal Beach Street Pharmacy,227 Beach Street,Frankston,VIC,3199,"227 Beach Street, Frankston VIC 3199",30/06/2027,Active,Standard registration conditions,Frankston Pharmacy Pty Ltd,30/06/2027,Active,Standard licence condition
vpa_public_register,2026-07-29T13:34:38.613Z,https://pharmacy.vic.gov.au/register-search/,Amcal Beach Street Pharmacy,227 Beach Street,Frankston,VIC,3199,"227 Beach Street, Frankston VIC 3199",30/06/2027,Active,Standard registration conditions,VK Infinity Pty Ltd,30/06/2027,Active,Standard licence condition
vpa_public_register,2026-07-29T13:34:38.613Z,https://pharmacy.vic.gov.au/register-search/,Amcal Frankston,Part 49 Davey Street,Frankston,VIC,3199,"Part 49 Davey Street, Frankston VIC 3199",30/06/2027,Active,Standard registration conditions,EAST YARRA FRIENDLY SOCIETY PTY LTD,30/06/2027,Active,Standard licence condition
vpa_public_register,2026-07-29T13:34:38.613Z,https://pharmacy.vic.gov.au/register-search/,Amcal Frankston,Part 49 Davey Street,Frankston,VIC,3199,"Part 49 Davey Street, Frankston VIC 3199",30/06/2027,Active,Standard registration conditions,John Megally,30/06/2027,Active,Standard licence condition
vpa_public_register,2026-07-29T13:34:38.613Z,https://pharmacy.vic.gov.au/register-search/,B.G Discount Pharmacy,3 Wells Street,Frankston,VIC,3199,"3 Wells Street, Frankston VIC 3199",30/06/2027,Active,Standard registration conditions,Frangas Pharmacy Pty Ltd,30/06/2027,Active,Standard licence condition
vpa_public_register,2026-07-29T13:34:38.613Z,https://pharmacy.vic.gov.au/register-search/,Barry Dean Pharmacy,53F-G Beach Street,FRANKSTON,VIC,3199,"53F-G Beach Street, FRANKSTON VIC 3199",30/06/2027,Active,Standard registration conditions,Julie Wong,30/06/2027,Active,Standard licence condition
vpa_public_register,2026-07-29T13:34:38.613Z,https://pharmacy.vic.gov.au/register-search/,CHEMIST WAREHOUSE BAXTER,"Shop 3 - 7, Peninsula Gate Shopping Centre, 284 - 286 Frankston Flinders Road",Baxter,VIC,3199,"Shop 3 - 7, Peninsula Gate Shopping Centre, 284 - 286 Frankston Flinders Road, Baxter VIC 3199",30/06/2027,Active,Standard registration conditions,EAST YARRA FRIENDLY SOCIETY PTY LTD,30/06/2027,Active,Standard licence condition
vpa_public_register,2026-07-29T13:34:38.613Z,https://pharmacy.vic.gov.au/register-search/,CHEMIST WAREHOUSE BAXTER,"Shop 3 - 7, Peninsula Gate Shopping Centre, 284 - 286 Frankston Flinders Road",Baxter,VIC,3199,"Shop 3 - 7, Peninsula Gate Shopping Centre, 284 - 286 Frankston Flinders Road, Baxter VIC 3199",30/06/2027,Active,Standard registration conditions,John Megally,30/06/2027,Active,Standard licence condition
vpa_public_register,2026-07-29T13:34:38.613Z,https://pharmacy.vic.gov.au/register-search/,Chemist Warehouse Bayside Shopping Centre Frankston,"G089, Bayside Shopping Centre, 28 Beach Street",FRANKSTON,VIC,3199,"G089, Bayside Shopping Centre, 28 Beach Street, FRANKSTON VIC 3199",30/06/2027,Active,Standard registration conditions,EAST YARRA FRIENDLY SOCIETY PTY LTD,30/06/2027,Active,Standard licence condition
vpa_public_register,2026-07-29T13:34:38.613Z,https://pharmacy.vic.gov.au/register-search/,Chemist Warehouse Bayside Shopping Centre Frankston,"G089, Bayside Shopping Centre, 28 Beach Street",FRANKSTON,VIC,3199,"G089, Bayside Shopping Centre, 28 Beach Street, FRANKSTON VIC 3199",30/06/2027,Active,Standard registration conditions,John Megally,30/06/2027,Active,Standard licence condition
vpa_public_register,2026-07-29T13:34:38.613Z,https://pharmacy.vic.gov.au/register-search/,Chemist Warehouse Frankston,3 & 3A Shannon Street Mall,Frankston,VIC,3199,"3 & 3A Shannon Street Mall, Frankston VIC 3199",30/06/2027,Active,Standard registration conditions,EAST YARRA FRIENDLY SOCIETY PTY LTD,30/06/2027,Active,Standard licence condition
vpa_public_register,2026-07-29T13:34:38.613Z,https://pharmacy.vic.gov.au/register-search/,Chemist Warehouse Frankston,3 & 3A Shannon Street Mall,Frankston,VIC,3199,"3 & 3A Shannon Street Mall, Frankston VIC 3199",30/06/2027,Active,Standard registration conditions,John Megally,30/06/2027,Active,Standard licence condition
vpa_public_register,2026-07-29T13:34:38.613Z,https://pharmacy.vic.gov.au/register-search/,Chemist Warehouse Karingal,Part 332-334 Cranbourne Road,FRANKSTON,VIC,3199,"Part 332-334 Cranbourne Road, FRANKSTON VIC 3199",30/06/2027,Active,Standard registration conditions,Caroline Megally,30/06/2027,Active,Standard licence condition
vpa_public_register,2026-07-29T13:34:38.613Z,https://pharmacy.vic.gov.au/register-search/,Chemist Warehouse Karingal,Part 332-334 Cranbourne Road,FRANKSTON,VIC,3199,"Part 332-334 Cranbourne Road, FRANKSTON VIC 3199",30/06/2027,Active,Standard registration conditions,Patricia Colasante Pharmacies Pty Ltd,30/06/2027,Active,Standard licence condition
vpa_public_register,2026-07-29T13:34:38.613Z,https://pharmacy.vic.gov.au/register-search/,Direct Chemist Outlet Karingal Hub,"Shop S004 (Formerly known as 68), Karingal Hub Shopping Centre",FRANKSTON,VIC,3199,"Shop S004 (Formerly known as 68), Karingal Hub Shopping Centre, FRANKSTON VIC 3199",30/06/2027,Active,Standard registration conditions,Julie Tran,30/06/2027,Active,Standard licence condition
vpa_public_register,2026-07-29T13:34:38.613Z,https://pharmacy.vic.gov.au/register-search/,Frankston Compounding Pharmacy,36 Young Street,Frankston,VIC,3199,"36 Young Street, Frankston VIC 3199",30/06/2027,Active,Standard registration conditions,Frankston Compounding Pharmacy Pty Ltd,30/06/2027,Active,Standard licence condition
vpa_public_register,2026-07-29T13:34:38.613Z,https://pharmacy.vic.gov.au/register-search/,Frankston Discount Pharmacy,"Shop 1, 89 - 97 Young Street",Frankston,VIC,3199,"Shop 1, 89 - 97 Young Street, Frankston VIC 3199",30/06/2027,Active,Standard registration conditions,Ark 3199 Pharmacy Pty Ltd,30/06/2027,Active,Standard licence condition
vpa_public_register,2026-07-29T13:34:38.613Z,https://pharmacy.vic.gov.au/register-search/,Frankston South Discount Pharmacy,43C Foot Street,FRANKSTON,VIC,3199,"43C Foot Street, FRANKSTON VIC 3199",30/06/2027,Active,Standard registration conditions,Briony Sanelli,30/06/2027,Active,Standard licence condition
vpa_public_register,2026-07-29T13:34:38.613Z,https://pharmacy.vic.gov.au/register-search/,Frankston South Discount Pharmacy,43C Foot Street,FRANKSTON,VIC,3199,"43C Foot Street, FRANKSTON VIC 3199",30/06/2027,Active,Standard registration conditions,Wai Lee,30/06/2027,Active,Standard licence condition
vpa_public_register,2026-07-29T13:34:38.613Z,https://pharmacy.vic.gov.au/register-search/,Frankston South Pharmacy,"Shop 2, 78 Cranbourne Road",Frankston,VIC,3199,"Shop 2, 78 Cranbourne Road, Frankston VIC 3199",30/06/2027,Active,Standard registration conditions,Shoucair Pty Ltd,30/06/2027,Active,Standard licence condition
vpa_public_register,2026-07-29T13:34:38.613Z,https://pharmacy.vic.gov.au/register-search/,Golf Links Road Rehabilitation Aged Care & Palliative Care Service Pharmacy Department,125 Golf Links Road,FRANKSTON,VIC,3199,"125 Golf Links Road, FRANKSTON VIC 3199",30/06/2027,Active,,Bayside Health,30/06/2027,Active,Standard licence condition
vpa_public_register,2026-07-29T13:34:38.613Z,https://pharmacy.vic.gov.au/register-search/,HEATHERHILL ROAD PHARMACY,48 Heatherhill Road,Frankston,VIC,3199,"48 Heatherhill Road, Frankston VIC 3199",30/06/2027,Active,Standard registration conditions,Leng Ong,30/06/2027,Active,Standard licence condition
vpa_public_register,2026-07-29T13:34:38.613Z,https://pharmacy.vic.gov.au/register-search/,HEATHERHILL ROAD PHARMACY,48 Heatherhill Road,Frankston,VIC,3199,"48 Heatherhill Road, Frankston VIC 3199",30/06/2027,Active,Standard registration conditions,Sze Shi Siaw,30/06/2027,Active,Standard licence condition
vpa_public_register,2026-07-29T13:34:38.613Z,https://pharmacy.vic.gov.au/register-search/,Humphries Road Pharmacy,265 Humphries Road,Frankston South,VIC,3199,"265 Humphries Road, Frankston South VIC 3199",30/06/2027,Active,Standard registration conditions,Theotokos & Kyrollos Pty Ltd,30/06/2027,Active,Standard licence condition
vpa_public_register,2026-07-29T13:34:38.613Z,https://pharmacy.vic.gov.au/register-search/,Peninsula University Hospital Pharmacy Department,"Hastings Road, PO Box 52",Frankston,VIC,3199,"Hastings Road, PO Box 52, Frankston VIC 3199",30/06/2027,Active,,Bayside Health,30/06/2027,Active,Standard licence condition
vpa_public_register,2026-07-29T13:34:38.613Z,https://pharmacy.vic.gov.au/register-search/,Pharmacy NEO Towerhill,"Shop 9, 10 & 11, Towerhill Shopping Centre, 145-147 Frankston-Flinders Road",Frankston,VIC,3199,"Shop 9, 10 & 11, Towerhill Shopping Centre, 145-147 Frankston-Flinders Road, Frankston VIC 3199",30/06/2027,Active,Standard registration conditions,NEO Towerhill Pty Ltd,30/06/2027,Active,Standard licence condition
vpa_public_register,2026-07-29T13:34:38.613Z,https://pharmacy.vic.gov.au/register-search/,Priceline Pharmacy Karingal Hub,"Shop S047, 330 Cranbourne Road",FRANKSTON,VIC,3199,"Shop S047, 330 Cranbourne Road, FRANKSTON VIC 3199",30/06/2027,Active,Standard registration conditions,JL & OH Company Pty Ltd,30/06/2027,Active,Standard licence condition
vpa_public_register,2026-07-29T13:34:38.613Z,https://pharmacy.vic.gov.au/register-search/,Ramsay Pharmacy - Peninsula Private Hospital,"Tenancy 16, Peninsula Private Hospital, 525 McClelland Drive",FRANKSTON,VIC,3199,"Tenancy 16, Peninsula Private Hospital, 525 McClelland Drive, FRANKSTON VIC 3199",30/06/2027,Active,Standard registration conditions,Judevie Pty Ltd,30/06/2027,Active,Standard licence condition
vpa_public_register,2026-07-29T13:34:38.613Z,https://pharmacy.vic.gov.au/register-search/,Slade Pharmacy - Frankston,"Frankston North Building, Frankston Private Hospital, 5 Susono Way",FRANKSTON,VIC,3199,"Frankston North Building, Frankston Private Hospital, 5 Susono Way, FRANKSTON VIC 3199",30/06/2027,Active,Standard registration conditions,Begelow Group Pty Ltd,30/06/2027,Active,Standard licence condition
vpa_public_register,2026-07-29T13:34:38.613Z,https://pharmacy.vic.gov.au/register-search/,U Pharmacy Karingal,112 Ashleigh Avenue,Karingal,VIC,3199,"112 Ashleigh Avenue, Karingal VIC 3199",30/06/2027,Active,Standard registration conditions,Henry Yu,30/06/2027,Active,Standard licence condition
vpa_public_register,2026-07-29T13:34:38.613Z,https://pharmacy.vic.gov.au/register-search/,PINES FOREST PHARMACY,42 Mahogany Avenue,Frankston North,VIC,3200,"42 Mahogany Avenue, Frankston North VIC 3200",30/06/2027,Active,Standard registration conditions,Peninsula Pharmacy Pty Ltd,30/06/2027,Active,Standard licence condition
vpa_public_register,2026-07-29T13:34:38.613Z,https://pharmacy.vic.gov.au/register-search/,CARRUM DOWNS PHARMACY,"Shop R01, Carrum Downs Plaza, 355 Ballarto Road",Carrum Downs,VIC,3201,"Shop R01, Carrum Downs Plaza, 355 Ballarto Road, Carrum Downs VIC 3201",30/06/2027,Active,Standard registration conditions,Sotto Kouzas,30/06/2027,Active,Standard licence condition
vpa_public_register,2026-07-29T13:34:38.613Z,https://pharmacy.vic.gov.au/register-search/,Nova Discount Pharmacy Carrum  Downs,"Part Lot 7, 115 Hall Road",Carrum Downs,VIC,3201,"Part Lot 7, 115 Hall Road, Carrum Downs VIC 3201",30/06/2027,Active,Standard registration conditions,Mein Yia Chong,30/06/2027,Active,Standard licence condition
vpa_public_register,2026-07-29T13:34:38.613Z,https://pharmacy.vic.gov.au/register-search/,PRICELINE PHARMACY CARRUM DOWNS,"Shop 4-8, Carrum Downs Regional S/C, 100 Hall Road",Carrum Downs,VIC,3201,"Shop 4-8, Carrum Downs Regional S/C, 100 Hall Road, Carrum Downs VIC 3201",30/06/2027,Active,Standard registration conditions,IPG Carrum Downs Pty Ltd,30/06/2027,Active,Standard licence condition
vpa_public_register,2026-07-29T13:34:38.613Z,https://pharmacy.vic.gov.au/register-search/,Priceline Pharmacy Local Village,"Shop 2, The Local Village at Carrum Downs, 1095 Frankston-Dandenong Road",CARRUM DOWNS,VIC,3201,"Shop 2, The Local Village at Carrum Downs, 1095 Frankston-Dandenong Road, CARRUM DOWNS VIC 3201",30/06/2027,Active,Standard registration conditions,IPG Carrum Downs Pty Ltd,30/06/2027,Active,Standard licence condition
vpa_public_register,2026-07-29T13:34:38.613Z,https://pharmacy.vic.gov.au/register-search/,Chemist Warehouse Moorabbin Super Centre - Heatherton,"Unit 8B 'Moorabbin Super Centre', 444 Warrigal Road",HEATHERTON,VIC,3202,"Unit 8B 'Moorabbin Super Centre', 444 Warrigal Road, HEATHERTON VIC 3202",30/06/2027,Active,Standard registration conditions,Pharmacy O2341 Pty Ltd,30/06/2027,Active,Standard licence condition
vpa_public_register,2026-07-29T13:34:38.613Z,https://pharmacy.vic.gov.au/register-search/,BENTLEIGH CENTRE PHARMACY,393 Centre Road,Bentleigh,VIC,3204,"393 Centre Road, Bentleigh VIC 3204",30/06/2027,Active,Standard registration conditions,BC Pharm Pty Ltd,30/06/2027,Active,Standard licence condition
vpa_public_register,2026-07-29T13:34:38.613Z,https://pharmacy.vic.gov.au/register-search/,BENTLEIGH CENTRE PHARMACY,393 Centre Road,Bentleigh,VIC,3204,"393 Centre Road, Bentleigh VIC 3204",30/06/2027,Active,Standard registration conditions,Francis Fong,30/06/2027,Active,Standard licence condition
vpa_public_register,2026-07-29T13:34:38.613Z,https://pharmacy.vic.gov.au/register-search/,BENTLEIGH CENTRE PHARMACY,393 Centre Road,Bentleigh,VIC,3204,"393 Centre Road, Bentleigh VIC 3204",30/06/2027,Active,Standard registration conditions,Lysbeth Fong,30/06/2027,Active,Standard licence condition
vpa_public_register,2026-07-29T13:34:38.613Z,https://pharmacy.vic.gov.au/register-search/,BENTLEIGH CORNER PHARMACY,473 Centre Road,Bentleigh,VIC,3204,"473 Centre Road, Bentleigh VIC 3204",30/06/2027,Active,Standard registration conditions,Alexander Profus,30/06/2027,Active,Standard licence condition
vpa_public_register,2026-07-29T13:34:38.613Z,https://pharmacy.vic.gov.au/register-search/,BENTLEIGH CORNER PHARMACY,473 Centre Road,Bentleigh,VIC,3204,"473 Centre Road, Bentleigh VIC 3204",30/06/2027,Active,Standard registration conditions,Richard Needleman,30/06/2027,Active,Standard licence condition
vpa_public_register,2026-07-29T13:34:38.613Z,https://pharmacy.vic.gov.au/register-search/,Chemist Warehouse Bentleigh,421 & 421A Centre Road,BENTLEIGH,VIC,3204,"421 & 421A Centre Road, BENTLEIGH VIC 3204",30/06/2027,Active,Standard registration conditions,Azman Haroon,30/06/2027,Active,Standard licence condition
vpa_public_register,2026-07-29T13:34:38.613Z,https://pharmacy.vic.gov.au/register-search/,Chemist Warehouse Bentleigh,421 & 421A Centre Road,BENTLEIGH,VIC,3204,"421 & 421A Centre Road, BENTLEIGH VIC 3204",30/06/2027,Active,Standard registration conditions,John Huynh,30/06/2027,Active,Standard licence condition
vpa_public_register,2026-07-29T13:34:38.613Z,https://pharmacy.vic.gov.au/register-search/,Chemist Warehouse Bentleigh,421 & 421A Centre Road,BENTLEIGH,VIC,3204,"421 & 421A Centre Road, BENTLEIGH VIC 3204",30/06/2027,Active,Standard registration conditions,Steve Zakkas,30/06/2027,Active,Standard licence condition
vpa_public_register,2026-07-29T13:34:38.613Z,https://pharmacy.vic.gov.au/register-search/,Direct Chemist Outlet Bentleigh,"Shop 2,3,4 / 285 - 305 Centre Road",Bentleigh,VIC,3204,"Shop 2,3,4 / 285 - 305 Centre Road, Bentleigh VIC 3204",30/06/2027,Active,Standard registration conditions,Charlotte Malmis,30/06/2027,Active,Standard licence condition
vpa_public_register,2026-07-29T13:34:38.613Z,https://pharmacy.vic.gov.au/register-search/,Direct Chemist Outlet Bentleigh,"Shop 2,3,4 / 285 - 305 Centre Road",Bentleigh,VIC,3204,"Shop 2,3,4 / 285 - 305 Centre Road, Bentleigh VIC 3204",30/06/2027,Active,Standard registration conditions,Huu Hai Tony Tu,30/06/2027,Active,Standard licence condition
vpa_public_register,2026-07-29T13:34:38.613Z,https://pharmacy.vic.gov.au/register-search/,Direct Chemist Outlet Bentleigh,"Shop 2,3,4 / 285 - 305 Centre Road",Bentleigh,VIC,3204,"Shop 2,3,4 / 285 - 305 Centre Road, Bentleigh VIC 3204",30/06/2027,Active,Standard registration conditions,MKMB Enterprises Pty Ltd,30/06/2027,Active,Standard licence condition
vpa_public_register,2026-07-29T13:34:38.613Z,https://pharmacy.vic.gov.au/register-search/,DWL Wong McKinnon Pharmacy & Post Office,157 McKinnon Road,McKinnon,VIC,3204,"157 McKinnon Road, McKinnon VIC 3204",30/06/2027,Active,Standard registration conditions,David Wong,30/06/2027,Active,Standard licence condition
vpa_public_register,2026-07-29T13:34:38.613Z,https://pharmacy.vic.gov.au/register-search/,Medigreen Dispensary Bentleigh,496 Centre Road,BENTLEIGH,VIC,3204,"496 Centre Road, BENTLEIGH VIC 3204",30/06/2027,Active,Standard registration conditions,Medmanagement Consulting Pty Ltd,30/06/2027,Active,Standard licence condition
vpa_public_register,2026-07-29T13:34:38.613Z,https://pharmacy.vic.gov.au/register-search/,Ormond Amcal Pharmacy,517 North Road,Ormond,VIC,3204,"517 North Road, Ormond VIC 3204",30/06/2027,Active,Standard registration conditions,Geoffrey Kirschner,30/06/2027,Active,Standard licence condition
vpa_public_register,2026-07-29T13:34:38.613Z,https://pharmacy.vic.gov.au/register-search/,PRICELINE PHARMACY - BENTLEIGH,427-429 Centre Road,Bentleigh,VIC,3204,"427-429 Centre Road, Bentleigh VIC 3204",30/06/2027,Active,Standard registration conditions,Conor McEntee,30/06/2027,Active,Standard licence condition
vpa_public_register,2026-07-29T13:34:38.613Z,https://pharmacy.vic.gov.au/register-search/,PRICELINE PHARMACY - BENTLEIGH,427-429 Centre Road,Bentleigh,VIC,3204,"427-429 Centre Road, Bentleigh VIC 3204",30/06/2027,Active,Standard registration conditions,Steven Christopoulos,30/06/2027,Active,Standard licence condition
vpa_public_register,2026-07-29T13:34:38.613Z,https://pharmacy.vic.gov.au/register-search/,Releaf Dispensary Bentleigh,"Part A, 376 Centre Road",Bentleigh,VIC,3204,"Part A, 376 Centre Road, Bentleigh VIC 3204",30/06/2027,Active,Standard registration conditions,Releaf Dispensary (Bentleigh) Pty Ltd,30/06/2027,Active,Standard licence condition
vpa_public_register,2026-07-29T13:34:38.613Z,https://pharmacy.vic.gov.au/register-search/,TUCKER ROAD PHARMACY,73A Tucker Road,Bentleigh,VIC,3204,"73A Tucker Road, Bentleigh VIC 3204",30/06/2027,Active,Standard registration conditions,Natalie Kopas,30/06/2027,Active,Standard licence condition
vpa_public_register,2026-07-29T13:34:38.613Z,https://pharmacy.vic.gov.au/register-search/,Chemist Warehouse South Melbourne,"Ground Floor, 306 - 314 Clarendon Street",South Melbourne,VIC,3205,"Ground Floor, 306 - 314 Clarendon Street, South Melbourne VIC 3205",30/06/2027,Active,Standard registration conditions,Azman Haroon,30/06/2027,Active,Standard licence condition
vpa_public_register,2026-07-29T13:34:38.613Z,https://pharmacy.vic.gov.au/register-search/,Chemist Warehouse South Melbourne,"Ground Floor, 306 - 314 Clarendon Street",South Melbourne,VIC,3205,"Ground Floor, 306 - 314 Clarendon Street, South Melbourne VIC 3205",30/06/2027,Active,Standard registration conditions,Ismail Arakji,30/06/2027,Active,Standard licence condition
vpa_public_register,2026-07-29T13:34:38.613Z,https://pharmacy.vic.gov.au/register-search/,Chemist Warehouse South Melbourne,"Ground Floor, 306 - 314 Clarendon Street",South Melbourne,VIC,3205,"Ground Floor, 306 - 314 Clarendon Street, South Melbourne VIC 3205",30/06/2027,Active,Standard registration conditions,Mahmoud Arakji,30/06/2027,Active,Standard licence condition
vpa_public_register,2026-07-29T13:34:38.613Z,https://pharmacy.vic.gov.au/register-search/,Chemist Warehouse South Melbourne,"Ground Floor, 306 - 314 Clarendon Street",South Melbourne,VIC,3205,"Ground Floor, 306 - 314 Clarendon Street, South Melbourne VIC 3205",30/06/2027,Active,Standard registration conditions,Mohamed Arakji,30/06/2027,Active,Standard licence condition
vpa_public_register,2026-07-29T13:34:38.613Z,https://pharmacy.vic.gov.au/register-search/,IMES PHARMACY,284 Clarendon Street,South Melbourne,VIC,3205,"284 Clarendon Street, South Melbourne VIC 3205",30/06/2027,Active,Standard registration conditions,LY Health Pty Ltd,30/06/2027,Active,Standard licence condition
vpa_public_register,2026-07-29T13:34:38.613Z,https://pharmacy.vic.gov.au/register-search/,La Feuille Pharmacy,285 Clarendon Street,South Melbourne,VIC,3205,"285 Clarendon Street, South Melbourne VIC 3205",30/06/2027,Active,Standard registration conditions,La Feuille Pharmacy Pty Ltd,30/06/2027,Active,Standard licence condition
vpa_public_register,2026-07-29T13:34:38.613Z,https://pharmacy.vic.gov.au/register-search/,Rays Wellness Melbourne,"Suites 1 & 2, 175 Clarendon Street",South Melbourne,VIC,3205,"Suites 1 & 2, 175 Clarendon Street, South Melbourne VIC 3205",30/06/2027,Active,Standard registration conditions,Rays Wellness Melbourne Pty Ltd,30/06/2027,Active,Standard licence condition
vpa_public_register,2026-07-29T13:34:38.613Z,https://pharmacy.vic.gov.au/register-search/,SOUTH MELBOURNE PHARMACY,"G12 & G 19, South Melbourne Central, 111 Cecil Street",South Melbourne,VIC,3205,"G12 & G 19, South Melbourne Central, 111 Cecil Street, South Melbourne VIC 3205",30/06/2027,Active,Standard registration conditions,Helen Prentice,30/06/2027,Active,Standard licence condition
vpa_public_register,2026-07-29T13:34:38.613Z,https://pharmacy.vic.gov.au/register-search/,SOUTH MELBOURNE PHARMACY,"G12 & G 19, South Melbourne Central, 111 Cecil Street",South Melbourne,VIC,3205,"G12 & G 19, South Melbourne Central, 111 Cecil Street, South Melbourne VIC 3205",30/06/2027,Active,Standard registration conditions,South Melbourne Pharmacy Pty Ltd,30/06/2027,Active,Standard licence condition
vpa_public_register,2026-07-29T13:34:38.613Z,https://pharmacy.vic.gov.au/register-search/,TerryWhite Chemmart South Melbourne,"Shops G12 & G13, The Clarendon Centre, 265 Clarendon Street",South Melbourne,VIC,3205,"Shops G12 & G13, The Clarendon Centre, 265 Clarendon Street, South Melbourne VIC 3205",30/06/2027,Active,Standard registration conditions,Stephen Chan,30/06/2027,Active,Standard licence condition
vpa_public_register,2026-07-29T13:34:38.613Z,https://pharmacy.vic.gov.au/register-search/,CRAVEN'S PHARMACY,134 Bridport Street,Albert Park,VIC,3206,"134 Bridport Street, Albert Park VIC 3206",30/06/2027,Active,Standard registration conditions,David Norton,30/06/2027,Active,Standard licence condition
vpa_public_register,2026-07-29T13:34:38.613Z,https://pharmacy.vic.gov.au/register-search/,CRAVEN'S PHARMACY,134 Bridport Street,Albert Park,VIC,3206,"134 Bridport Street, Albert Park VIC 3206",30/06/2027,Active,Standard registration conditions,Ingrid Norton,30/06/2027,Active,Standard licence condition
vpa_public_register,2026-07-29T13:34:38.613Z,https://pharmacy.vic.gov.au/register-search/,CRAVEN'S PHARMACY,134 Bridport Street,Albert Park,VIC,3206,"134 Bridport Street, Albert Park VIC 3206",30/06/2027,Active,Standard registration conditions,Joseph Cerra,30/06/2027,Active,Standard licence condition
vpa_public_register,2026-07-29T13:34:38.613Z,https://pharmacy.vic.gov.au/register-search/,CRAVEN'S PHARMACY,134 Bridport Street,Albert Park,VIC,3206,"134 Bridport Street, Albert Park VIC 3206",30/06/2027,Active,Standard registration conditions,Samantha Snider,30/06/2027,Active,Standard licence condition
vpa_public_register,2026-07-29T13:34:38.613Z,https://pharmacy.vic.gov.au/register-search/,J & M Douglas Pharmacy,188A Bridport Street,ALBERT PARK,VIC,3206,"188A Bridport Street, ALBERT PARK VIC 3206",30/06/2027,Active,Standard registration conditions,Martin Douglas,30/06/2027,Active,Standard licence condition
vpa_public_register,2026-07-29T13:34:38.613Z,https://pharmacy.vic.gov.au/register-search/,STAR PHARMACY MIDDLE PARK,17 Armstrong Street,Middle Park,VIC,3206,"17 Armstrong Street, Middle Park VIC 3206",30/06/2027,Active,Standard registration conditions,Olivia Litras,30/06/2027,Active,Standard licence condition
vpa_public_register,2026-07-29T13:34:38.613Z,https://pharmacy.vic.gov.au/register-search/,VICTORIA AVENUE PHARMACY,51 Victoria Avenue,Albert Park,VIC,3206,"51 Victoria Avenue, Albert Park VIC 3206",30/06/2027,Active,Standard registration conditions,David Norton,30/06/2027,Active,Standard licence condition
vpa_public_register,2026-07-29T13:34:38.613Z,https://pharmacy.vic.gov.au/register-search/,VICTORIA AVENUE PHARMACY,51 Victoria Avenue,Albert Park,VIC,3206,"51 Victoria Avenue, Albert Park VIC 3206",30/06/2027,Active,Standard registration conditions,Ingrid Norton,30/06/2027,Active,Standard licence condition
vpa_public_register,2026-07-29T13:34:38.613Z,https://pharmacy.vic.gov.au/register-search/,VICTORIA AVENUE PHARMACY,51 Victoria Avenue,Albert Park,VIC,3206,"51 Victoria Avenue, Albert Park VIC 3206",30/06/2027,Active,Standard registration conditions,Joseph Cerra,30/06/2027,Active,Standard licence condition
vpa_public_register,2026-07-29T13:34:38.613Z,https://pharmacy.vic.gov.au/register-search/,VICTORIA AVENUE PHARMACY,51 Victoria Avenue,Albert Park,VIC,3206,"51 Victoria Avenue, Albert Park VIC 3206",30/06/2027,Active,Standard registration conditions,Samantha Snider,30/06/2027,Active,Standard licence condition
vpa_public_register,2026-07-29T13:34:38.613Z,https://pharmacy.vic.gov.au/register-search/,Bay Street Port Melbourne Pharmacy,323 Bay Street,PORT MELBOURNE,VIC,3207,"323 Bay Street, PORT MELBOURNE VIC 3207",30/06/2027,Active,Standard registration conditions,Ismail Arakji,30/06/2027,Active,Standard licence condition
vpa_public_register,2026-07-29T13:34:38.613Z,https://pharmacy.vic.gov.au/register-search/,Bay Street Port Melbourne Pharmacy,323 Bay Street,PORT MELBOURNE,VIC,3207,"323 Bay Street, PORT MELBOURNE VIC 3207",30/06/2027,Active,Standard registration conditions,Mahmoud Arakji,30/06/2027,Active,Standard licence condition
vpa_public_register,2026-07-29T13:34:38.613Z,https://pharmacy.vic.gov.au/register-search/,Bay Street Port Melbourne Pharmacy,323 Bay Street,PORT MELBOURNE,VIC,3207,"323 Bay Street, PORT MELBOURNE VIC 3207",30/06/2027,Active,Standard registration conditions,Mohamed Arakji,30/06/2027,Active,Standard licence condition
vpa_public_register,2026-07-29T13:34:38.613Z,https://pharmacy.vic.gov.au/register-search/,BEACON COVE PHARMACY,"Shop 3, 19 Centre Avenue",Port Melbourne,VIC,3207,"Shop 3, 19 Centre Avenue, Port Melbourne VIC 3207",30/06/2027,Active,Standard registration conditions,Trang Luu,30/06/2027,Active,Standard licence condition
vpa_public_register,2026-07-29T13:34:38.613Z,https://pharmacy.vic.gov.au/register-search/,Chemist Warehouse Port Melbourne,287 Bay Street,PORT MELBOURNE,VIC,3207,"287 Bay Street, PORT MELBOURNE VIC 3207",30/06/2027,Active,Standard registration conditions,Ismail Arakji,30/06/2027,Active,Standard licence condition
vpa_public_register,2026-07-29T13:34:38.613Z,https://pharmacy.vic.gov.au/register-search/,Chemist Warehouse Port Melbourne,287 Bay Street,PORT MELBOURNE,VIC,3207,"287 Bay Street, PORT MELBOURNE VIC 3207",30/06/2027,Active,Standard registration conditions,Mahmoud Arakji,30/06/2027,Active,Standard licence condition
vpa_public_register,2026-07-29T13:34:38.613Z,https://pharmacy.vic.gov.au/register-search/,Chemist Warehouse Port Melbourne,287 Bay Street,PORT MELBOURNE,VIC,3207,"287 Bay Street, PORT MELBOURNE VIC 3207",30/06/2027,Active,Standard registration conditions,Mohamed Arakji,30/06/2027,Active,Standard licence condition
vpa_public_register,2026-07-29T13:34:38.613Z,https://pharmacy.vic.gov.au/register-search/,Port Bay Street Pharmacy,51 Bay Street,PORT MELBOURNE,VIC,3207,"51 Bay Street, PORT MELBOURNE VIC 3207",30/06/2027,Active,Standard registration conditions,Yu-Qing Chen,30/06/2027,Active,Standard licence condition
vpa_public_register,2026-07-29T13:34:38.613Z,https://pharmacy.vic.gov.au/register-search/,PORT MELBOURNE PHARMACY,205-207 Bay Street,Port Melbourne,VIC,3207,"205-207 Bay Street, Port Melbourne VIC 3207",30/06/2027,Active,Standard registration conditions,Yu-Qing Chen,30/06/2027,Active,Standard licence condition
vpa_public_register,2026-07-29T13:34:38.613Z,https://pharmacy.vic.gov.au/register-search/,Community Care Chemist Lara,"Shop 7, 3 - 5 Forest Road",Lara,VIC,3212,"Shop 7, 3 - 5 Forest Road, Lara VIC 3212",30/06/2027,Active,Standard registration conditions,COMMUNITY CARE CHEMIST FRIENDLY SOCIETY LTD,30/06/2027,Active,Standard licence condition
vpa_public_register,2026-07-29T13:34:38.613Z,https://pharmacy.vic.gov.au/register-search/,LARA PHARMACY,7 Waverley Road,Lara,VIC,3212,"7 Waverley Road, Lara VIC 3212",30/06/2027,Active,Standard registration conditions,KWEH PTY LTD,30/06/2027,Active,Standard licence condition
vpa_public_register,2026-07-29T13:34:38.613Z,https://pharmacy.vic.gov.au/register-search/,Chemist Warehouse Corio Central Shopping Centre,"Shop GO21, Corio Central, Bacchus Marsh Road",Corio,VIC,3214,"Shop GO21, Corio Central, Bacchus Marsh Road, Corio VIC 3214",30/06/2027,Active,Standard registration conditions,Raj Grover Pharmacies Pty Ltd,30/06/2027,Active,Standard licence condition
vpa_public_register,2026-07-29T13:34:38.613Z,https://pharmacy.vic.gov.au/register-search/,CHEMIST WAREHOUSE DISTRIBUTION CENTRE CORIO,"Tenancy 7, 470 - 490 Princes Highway",Corio,VIC,3214,"Tenancy 7, 470 - 490 Princes Highway, Corio VIC 3214",30/06/2027,Active,Standard registration conditions,Adrian Verrocchi,30/06/2027,Active,Standard licence condition
vpa_public_register,2026-07-29T13:34:38.613Z,https://pharmacy.vic.gov.au/register-search/,CHEMIST WAREHOUSE DISTRIBUTION CENTRE CORIO,"Tenancy 7, 470 - 490 Princes Highway",Corio,VIC,3214,"Tenancy 7, 470 - 490 Princes Highway, Corio VIC 3214",30/06/2027,Active,Standard registration conditions,Raj Grover Pharmacies Pty Ltd,30/06/2027,Active,Standard licence condition
vpa_public_register,2026-07-29T13:34:38.613Z,https://pharmacy.vic.gov.au/register-search/,LABUAN SQUARE PHARMACY,21 Labuan Square,Norlane,VIC,3214,"21 Labuan Square, Norlane VIC 3214",30/06/2027,Active,Standard registration conditions,LABUAN SQUARE PHARMACY PTY LTD,30/06/2027,Active,Standard licence condition
vpa_public_register,2026-07-29T13:34:38.613Z,https://pharmacy.vic.gov.au/register-search/,NORLANE PHARMACY,70 Robin Avenue,Norlane,VIC,3214,"70 Robin Avenue, Norlane VIC 3214",30/06/2027,Active,Standard registration conditions,David Truong,30/06/2027,Active,Standard licence condition
vpa_public_register,2026-07-29T13:34:38.613Z,https://pharmacy.vic.gov.au/register-search/,NORLANE PHARMACY,70 Robin Avenue,Norlane,VIC,3214,"70 Robin Avenue, Norlane VIC 3214",30/06/2027,Active,Standard registration conditions,Dorothy Tran,30/06/2027,Active,Standard licence condition
vpa_public_register,2026-07-29T13:34:38.613Z,https://pharmacy.vic.gov.au/register-search/,Peak Pharmacy Corio Village,"Shop G061 Corio Village Shopping Centre, Bacchus Marsh & Purnell Road",CORIO,VIC,3214,"Shop G061 Corio Village Shopping Centre, Bacchus Marsh & Purnell Road, CORIO VIC 3214",30/06/2027,Active,Standard registration conditions,Peak Pharmacy Corio Central Pty Ltd,30/06/2027,Active,Standard licence condition
vpa_public_register,2026-07-29T13:34:38.613Z,https://pharmacy.vic.gov.au/register-search/,QUALITY PHARMACY 777 BELLPOST,"Shops 16,17 & 18 Bellpost Shopping Centre, 290 -306 Anakie Road",NORLANE,VIC,3214,"Shops 16,17 & 18 Bellpost Shopping Centre, 290 -306 Anakie Road,, NORLANE VIC 3214",30/06/2027,Active,Standard registration conditions,Bellpost Pharmacy Pty Ltd,30/06/2027,Active,Standard licence condition
vpa_public_register,2026-07-29T13:34:38.613Z,https://pharmacy.vic.gov.au/register-search/,BARWON HEALTH MCKELLAR CENTRE PHARMACY DEPARTMENT,45-95 Ballarat Road,Geelong North,VIC,3215,"45-95 Ballarat Road, Geelong North VIC 3215",30/06/2027,Active,,BARWON HEALTH,30/06/2027,Active,Standard licence condition
vpa_public_register,2026-07-29T13:34:38.613Z,https://pharmacy.vic.gov.au/register-search/,BELL PARK PHARMACY,55-57 Hughes Street,BELL PARK,VIC,3215,"55-57 Hughes Street, BELL PARK VIC 3215",30/06/2027,Active,Standard registration conditions,JAMES IP PHARMACY PTY LTD,30/06/2027,Active,Standard licence condition
vpa_public_register,2026-07-29T13:34:38.613Z,https://pharmacy.vic.gov.au/register-search/,COMMUNITY CARE CHEMIST NORTH GEELONG,Shop 1A/75 Separation Street,North Geelong,VIC,3215,"Shop 1A/75 Separation Street, North Geelong VIC 3215",30/06/2027,Active,Standard registration conditions,COMMUNITY CARE CHEMIST FRIENDLY SOCIETY LTD,30/06/2027,Active,Standard licence condition
vpa_public_register,2026-07-29T13:34:38.613Z,https://pharmacy.vic.gov.au/register-search/,Pharmacy 4 Less Bell Park,"Shop 5 & 6, 222-226 Anakie Road",BELL PARK,VIC,3215,"Shop 5 & 6, 222-226 Anakie Road, BELL PARK VIC 3215",30/06/2027,Active,Standard registration conditions,Ser Wei Goh,30/06/2027,Active,Standard licence condition
vpa_public_register,2026-07-29T13:34:38.613Z,https://pharmacy.vic.gov.au/register-search/,Pharmacy 4 Less Bell Park,"Shop 5 & 6, 222-226 Anakie Road",BELL PARK,VIC,3215,"Shop 5 & 6, 222-226 Anakie Road, BELL PARK VIC 3215",30/06/2027,Active,Standard registration conditions,Yih Cherng Yap,30/06/2027,Active,Standard licence condition
vpa_public_register,2026-07-29T13:34:38.613Z,https://pharmacy.vic.gov.au/register-search/,VINES ROAD GUARDIAN PHARMACY,99 Vines Road,Hamlyn Heights,VIC,3215,"99 Vines Road, Hamlyn Heights VIC 3215",30/06/2027,Active,Standard registration conditions,Vines Road Pharmacy Pty Ltd,30/06/2027,Active,Standard licence condition
vpa_public_register,2026-07-29T13:34:38.613Z,https://pharmacy.vic.gov.au/register-search/,COMMUNITY CARE CHEMIST  BELMONT,1 / 157 High Street,Belmont,VIC,3216,"1 / 157 High Street, Belmont VIC 3216",30/06/2027,Active,Standard registration conditions,COMMUNITY CARE CHEMIST FRIENDLY SOCIETY LTD,30/06/2027,Active,Standard licence condition
vpa_public_register,2026-07-29T13:34:38.613Z,https://pharmacy.vic.gov.au/register-search/,Community Care Chemist Grovedale,"Shop 5, 122 Burdoo Drive",Grovedale,VIC,3216,"Shop 5, 122 Burdoo Drive, Grovedale VIC 3216",30/06/2027,Active,Standard registration conditions,COMMUNITY CARE CHEMIST FRIENDLY SOCIETY LTD,30/06/2027,Active,Standard licence condition
vpa_public_register,2026-07-29T13:34:38.613Z,https://pharmacy.vic.gov.au/register-search/,Direct Chemist Outlet Highton,"Shop 1, 4 - 46 Province Boulevard, Barrabool Hills Shopping Centre",HIGHTON,VIC,3216,"Shop 1, 4 - 46 Province Boulevard, Barrabool Hills Shopping Centre, HIGHTON VIC 3216",30/06/2027,Active,Standard registration conditions,Jessica Burrey,30/06/2027,Active,Standard licence condition
vpa_public_register,2026-07-29T13:34:38.613Z,https://pharmacy.vic.gov.au/register-search/,Direct Chemist Outlet Highton,"Shop 1, 4 - 46 Province Boulevard, Barrabool Hills Shopping Centre",HIGHTON,VIC,3216,"Shop 1, 4 - 46 Province Boulevard, Barrabool Hills Shopping Centre, HIGHTON VIC 3216",30/06/2027,Active,Standard registration conditions,Ramy Youssef,30/06/2027,Active,Standard licence condition
vpa_public_register,2026-07-29T13:34:38.613Z,https://pharmacy.vic.gov.au/register-search/,Direct Chemist Outlet Highton,"Shop 1, 4 - 46 Province Boulevard, Barrabool Hills Shopping Centre",HIGHTON,VIC,3216,"Shop 1, 4 - 46 Province Boulevard, Barrabool Hills Shopping Centre, HIGHTON VIC 3216",30/06/2027,Active,Standard registration conditions,Scott Rodgers,30/06/2027,Active,Standard licence condition
vpa_public_register,2026-07-29T13:34:38.613Z,https://pharmacy.vic.gov.au/register-search/,Grove Plaza Pharmacy,146 Torquay Road,Grovedale,VIC,3216,"146 Torquay Road, Grovedale VIC 3216",30/06/2027,Active,Standard registration conditions,Paul Masek,30/06/2027,Active,Standard licence condition
vpa_public_register,2026-07-29T13:34:38.613Z,https://pharmacy.vic.gov.au/register-search/,HIGHTON AMCAL PHARMACY,8-10 Bellevue Avenue,Highton,VIC,3216,"8-10 Bellevue Avenue, Highton VIC 3216",30/06/2027,Active,Standard registration conditions,Brian Hardley,30/06/2027,Active,Standard licence condition
vpa_public_register,2026-07-29T13:34:38.613Z,https://pharmacy.vic.gov.au/register-search/,HIGHTON AMCAL PHARMACY,8-10 Bellevue Avenue,Highton,VIC,3216,"8-10 Bellevue Avenue, Highton VIC 3216",30/06/2027,Active,Standard registration conditions,Erin Heer,30/06/2027,Active,Standard licence condition
vpa_public_register,2026-07-29T13:34:38.613Z,https://pharmacy.vic.gov.au/register-search/,HIGHTON AMCAL PHARMACY,8-10 Bellevue Avenue,Highton,VIC,3216,"8-10 Bellevue Avenue, Highton VIC 3216",30/06/2027,Active,Standard registration conditions,Peter Apostolopoulos,30/06/2027,Active,Standard licence condition
vpa_public_register,2026-07-29T13:34:38.613Z,https://pharmacy.vic.gov.au/register-search/,Kardinia Pharmacy,"Tenancy 1, Kardinia Health, 2 - 18 Colac Road",Belmont,VIC,3216,"Tenancy 1, Kardinia Health, 2 - 18 Colac Road, Belmont VIC 3216",30/06/2027,Active,Standard registration conditions,Bridget Jacoby,30/06/2027,Active,Standard licence condition
vpa_public_register,2026-07-29T13:34:38.613Z,https://pharmacy.vic.gov.au/register-search/,Kardinia Pharmacy,"Tenancy 1, Kardinia Health, 2 - 18 Colac Road",Belmont,VIC,3216,"Tenancy 1, Kardinia Health, 2 - 18 Colac Road, Belmont VIC 3216",30/06/2027,Active,Standard registration conditions,Chris Ilievski,30/06/2027,Active,Standard licence condition
vpa_public_register,2026-07-29T13:34:38.613Z,https://pharmacy.vic.gov.au/register-search/,Kardinia Pharmacy,"Tenancy 1, Kardinia Health, 2 - 18 Colac Road",Belmont,VIC,3216,"Tenancy 1, Kardinia Health, 2 - 18 Colac Road, Belmont VIC 3216",30/06/2027,Active,Standard registration conditions,Gillian Smyth,30/06/2027,Active,Standard licence condition
vpa_public_register,2026-07-29T13:34:38.613Z,https://pharmacy.vic.gov.au/register-search/,Kardinia Pharmacy,"Tenancy 1, Kardinia Health, 2 - 18 Colac Road",Belmont,VIC,3216,"Tenancy 1, Kardinia Health, 2 - 18 Colac Road, Belmont VIC 3216",30/06/2027,Active,Standard registration conditions,Randall Forsyth,30/06/2027,Active,Standard licence condition
vpa_public_register,2026-07-29T13:34:38.613Z,https://pharmacy.vic.gov.au/register-search/,Kardinia Pharmacy,"Tenancy 1, Kardinia Health, 2 - 18 Colac Road",Belmont,VIC,3216,"Tenancy 1, Kardinia Health, 2 - 18 Colac Road, Belmont VIC 3216",30/06/2027,Active,Standard registration conditions,Renea Forsyth,30/06/2027,Active,Standard licence condition
vpa_public_register,2026-07-29T13:34:38.613Z,https://pharmacy.vic.gov.au/register-search/,PARDEY'S HIGHTON COMPOUNDING PHARMACY,81 Barrabool Road,Highton,VIC,3216,"81 Barrabool Road, Highton VIC 3216",30/06/2027,Active,Standard registration conditions,WILLIAM PARDEY (HIGHTON) PTY LTD,30/06/2027,Active,Standard licence condition
vpa_public_register,2026-07-29T13:34:38.613Z,https://pharmacy.vic.gov.au/register-search/,PARDEYS EASTBROOKE MEDICAL CENTRE PHARMACY,"Shop 1, Ground Floor, 75 - 77 Roslyn Road",Belmont,VIC,3216,"Shop 1, Ground Floor, 75 - 77 Roslyn Road, Belmont VIC 3216",30/06/2027,Active,Standard registration conditions,WILLIAM PARDEY PTY LTD,30/06/2027,Active,Standard licence condition
vpa_public_register,2026-07-29T13:34:38.613Z,https://pharmacy.vic.gov.au/register-search/,Pharmacy 4 Less Belmont,145 High Street,Belmont,VIC,3216,"145 High Street, Belmont VIC 3216",30/06/2027,Active,Standard registration conditions,Belmont Pharmacy Geelong Pty Ltd,30/06/2027,Active,Standard licence condition
vpa_public_register,2026-07-29T13:34:38.613Z,https://pharmacy.vic.gov.au/register-search/,Pharmacy 4 Less Waurn Ponds,"Shop 1D & 1E Waurn Ponds Shopping Centre,, 173-199 Pioneer Road",Waurn Ponds,VIC,3216,"Shop 1D & 1E Waurn Ponds Shopping Centre,, 173-199 Pioneer Road, Waurn Ponds VIC 3216",30/06/2027,Active,Standard registration conditions,Waurn Ponds Pharmacy Pty Ltd,30/06/2027,Active,Standard licence condition
vpa_public_register,2026-07-29T13:34:38.613Z,https://pharmacy.vic.gov.au/register-search/,PRICELINE PHARMACY BELMONT VILLAGE,"Shop SP09 & SP10, Belmont Village Shopping Centre, 65 High Street",Belmont,VIC,3216,"Shop SP09 & SP10, Belmont Village Shopping Centre, 65 High Street, Belmont VIC 3216",30/06/2027,Active,Standard registration conditions,Belmont PL Pty Ltd,30/06/2027,Active,Standard licence condition
vpa_public_register,2026-07-29T13:34:38.613Z,https://pharmacy.vic.gov.au/register-search/,Priceline Pharmacy Waurn Ponds,"MM02, Waurn Ponds Extension, 135 - 177 Colac Road",Grovedale,VIC,3216,"MM02, Waurn Ponds Extension, 135 - 177 Colac Road, Grovedale VIC 3216",30/06/2027,Active,Standard registration conditions,WP Pharmacy Services Pty Ltd,30/06/2027,Active,Standard licence condition
vpa_public_register,2026-07-29T13:34:38.613Z,https://pharmacy.vic.gov.au/register-search/,Slade Pharmacy - Waurn Ponds,"Epworth Geelong Hospital, 1 Epworth Place",WAURN PONDS,VIC,3216,"Epworth Geelong Hospital, 1 Epworth Place, WAURN PONDS VIC 3216",30/06/2027,Active,Standard registration conditions,Graham Slade,30/06/2027,Active,Standard licence condition
vpa_public_register,2026-07-29T13:34:38.613Z,https://pharmacy.vic.gov.au/register-search/,The Cottage Pharmacy,222 Torquay Road,GROVEDALE,VIC,3216,"222 Torquay Road, GROVEDALE VIC 3216",30/06/2027,Active,Standard registration conditions,Cottage Pharmacy Pty Ltd,30/06/2027,Active,Standard licence condition
vpa_public_register,2026-07-29T13:34:38.613Z,https://pharmacy.vic.gov.au/register-search/,Chemist Warehouse Mt Duneed Village,"T10, Mt Duneed Village, 135 Unity Drive",Mt Duneed,VIC,3217,"T10, Mt Duneed Village, 135 Unity Drive, Mt Duneed VIC 3217",30/06/2027,Active,Standard registration conditions,Pharmacy O2600 Pty Ltd,30/06/2027,Active,Standard licence condition
vpa_public_register,2026-07-29T13:34:38.613Z,https://pharmacy.vic.gov.au/register-search/,Direct Chemist Outlet Charlemont Rise,"Tenancy 17, Charlemont Rise, Charlemont Rise Shopping Centre",Charlemont,VIC,3217,"Tenancy 17, Charlemont Rise, Charlemont Rise Shopping Centre, Charlemont VIC 3217",30/06/2027,Active,Standard registration conditions,Gabrielle Calder,30/06/2027,Active,Standard licence condition
vpa_public_register,2026-07-29T13:34:38.613Z,https://pharmacy.vic.gov.au/register-search/,Direct Chemist Outlet Warralily,"Shop 1, Warralily Village Shopping Centre, Barwon Heads Road",ARMSTRONG CREEK,VIC,3217,"Shop 1, Warralily Village Shopping Centre, Barwon Heads Road, ARMSTRONG CREEK VIC 3217",30/06/2027,Active,Standard registration conditions,Michael Haberl,30/06/2027,Active,Standard licence condition
vpa_public_register,2026-07-29T13:34:38.613Z,https://pharmacy.vic.gov.au/register-search/,Direct Chemist Outlet Warralily,"Shop 1, Warralily Village Shopping Centre, Barwon Heads Road",ARMSTRONG CREEK,VIC,3217,"Shop 1, Warralily Village Shopping Centre, Barwon Heads Road, ARMSTRONG CREEK VIC 3217",30/06/2027,Active,Standard registration conditions,Scott Rodgers,30/06/2027,Active,Standard licence condition
vpa_public_register,2026-07-29T13:34:38.613Z,https://pharmacy.vic.gov.au/register-search/,Direct Chemist Outlet Warralily,"Shop 1, Warralily Village Shopping Centre, Barwon Heads Road",ARMSTRONG CREEK,VIC,3217,"Shop 1, Warralily Village Shopping Centre, Barwon Heads Road, ARMSTRONG CREEK VIC 3217",30/06/2027,Active,Standard registration conditions,Thi Thanh Nhan Pham,30/06/2027,Active,Standard licence condition
vpa_public_register,2026-07-29T13:34:38.613Z,https://pharmacy.vic.gov.au/register-search/,TerryWhite Chemmart Armstrong Creek,"Tenancy 11 & 13 Armstrong Creek Town Centre, 500 - 540 Torquay Road",Armstrong Creek,VIC,3217,"Tenancy 11 & 13 Armstrong Creek Town Centre, 500 - 540 Torquay Road, Armstrong Creek VIC 3217",30/06/2027,Active,Standard registration conditions,Millwelll Pharmacy AC Pty Ltd,30/06/2027,Active,Standard licence condition
vpa_public_register,2026-07-29T13:34:38.613Z,https://pharmacy.vic.gov.au/register-search/,Chemist Warehouse Geelong West,86 - 88 Hope Street,GEELONG WEST,VIC,3218,"86 - 88 Hope Street, GEELONG WEST VIC 3218",30/06/2027,Active,Standard registration conditions,Raj Grover Pharmacies Pty Ltd,30/06/2027,Active,Standard licence condition
vpa_public_register,2026-07-29T13:34:38.613Z,https://pharmacy.vic.gov.au/register-search/,Community Care Chemist Geelong West,1/184-192 Pakington Street,GEELONG WEST,VIC,3218,"1/184-192 Pakington Street, GEELONG WEST VIC 3218",30/06/2027,Active,Standard registration conditions,COMMUNITY CARE CHEMIST FRIENDLY SOCIETY LTD,30/06/2027,Active,Standard licence condition
vpa_public_register,2026-07-29T13:34:38.613Z,https://pharmacy.vic.gov.au/register-search/,Herne Hill Pharmacy,17 Minerva Road,HERNE HILL,VIC,3218,"17 Minerva Road, HERNE HILL VIC 3218",30/06/2027,Active,Standard registration conditions,Herne Hill Chemist Pty Ltd,30/06/2027,Active,Standard licence condition
vpa_public_register,2026-07-29T13:34:38.613Z,https://pharmacy.vic.gov.au/register-search/,MITCHELL AND O'HARA PHARMACY,154-156 Shannon Avenue,Geelong West,VIC,3218,"154-156 Shannon Avenue, Geelong West VIC 3218",30/06/2027,Active,Standard registration conditions,Mitchell & O'Hara Pty Ltd,30/06/2027,Active,Standard licence condition
vpa_public_register,2026-07-29T13:34:38.613Z,https://pharmacy.vic.gov.au/register-search/,Pharmacy 4 Less Geelong West,"Shops 5 & 6, Pakington Strand Shopping Centre",GEELONG WEST,VIC,3218,"Shops 5 & 6, Pakington Strand Shopping Centre, GEELONG WEST VIC 3218",30/06/2027,Active,Standard registration conditions,Hadi's Pharmacy Pty Ltd,30/06/2027,Active,Standard licence condition
vpa_public_register,2026-07-29T13:34:38.613Z,https://pharmacy.vic.gov.au/register-search/,Priceline Pharmacy Geelong West,91 - 93 Pakington Street,GEELONG WEST,VIC,3218,"91 - 93 Pakington Street, GEELONG WEST VIC 3218",30/06/2027,Active,Standard registration conditions,Dixon Bennett Pharmacy Pty Ltd,30/06/2027,Active,Standard licence condition
vpa_public_register,2026-07-29T13:34:38.613Z,https://pharmacy.vic.gov.au/register-search/,TerryWhite Chemmart Geelong West,"Tenancy 2, 254 - 260 Shannon Avenue",GEELONG WEST,VIC,3218,"Tenancy 2, 254 - 260 Shannon Avenue, GEELONG WEST VIC 3218",30/06/2027,Active,Standard registration conditions,Med Centre Pharmacy Pty Ltd,30/06/2027,Active,Standard licence condition
vpa_public_register,2026-07-29T13:34:38.613Z,https://pharmacy.vic.gov.au/register-search/,Community Care Chemist Bellarine Village,"Shop 5, Bellarine Village, Queenscliff Road",Newcomb,VIC,3219,"Shop 5, Bellarine Village, Queenscliff Road, Newcomb VIC 3219",30/06/2027,Active,Standard registration conditions,COMMUNITY CARE CHEMIST FRIENDLY SOCIETY LTD,30/06/2027,Active,Standard licence condition
vpa_public_register,2026-07-29T13:34:38.613Z,https://pharmacy.vic.gov.au/register-search/,Direct Chemist Outlet East  Geelong,1 Ormond Road,East Geelong,VIC,3219,"1 Ormond Road, East Geelong VIC 3219",30/06/2027,Active,Standard registration conditions,DCO East Geelong Pty Ltd,30/06/2027,Active,Standard licence condition
vpa_public_register,2026-07-29T13:34:38.613Z,https://pharmacy.vic.gov.au/register-search/,Priceline Pharmacy Newcomb Central,"Shop 5A, 'Newcomb Central Shopping Centre', 71 Bellarine Highway",NEWCOMB,VIC,3219,"Shop 5A, 'Newcomb Central Shopping Centre', 71 Bellarine Highway, NEWCOMB VIC 3219",30/06/2027,Active,Standard registration conditions,Newcomb PL Pty Ltd,30/06/2027,Active,Standard licence condition
vpa_public_register,2026-07-29T13:34:38.613Z,https://pharmacy.vic.gov.au/register-search/,BARWON HEALTH UNIVERSITY HOSPITAL GEELONG PHARMACY DEPARTMENT,"Ryrie Street, PO Box 281",Geelong,VIC,3220,"Ryrie Street, PO Box 281, Geelong VIC 3220",30/06/2027,Active,,BARWON HEALTH,30/06/2027,Active,Standard licence condition
vpa_public_register,2026-07-29T13:34:38.613Z,https://pharmacy.vic.gov.au/register-search/,Bull & Owen Pharmacy,265 Ryrie Street,Geelong,VIC,3220,"265 Ryrie Street, Geelong VIC 3220",30/06/2027,Active,Standard registration conditions,TLT Investments Pty Ltd,30/06/2027,Active,Standard licence condition
vpa_public_register,2026-07-29T13:34:38.613Z,https://pharmacy.vic.gov.au/register-search/,CHEMIST WAREHOUSE - GEELONG,179 Little Malop Street,GEELONG,VIC,3220,"179 Little Malop Street, GEELONG VIC 3220",30/06/2027,Active,Standard registration conditions,EAST YARRA FRIENDLY SOCIETY PTY LTD,30/06/2027,Active,Standard licence condition
vpa_public_register,2026-07-29T13:34:38.613Z,https://pharmacy.vic.gov.au/register-search/,Chemist Warehouse Ryrie Street  Geelong,19 Ryrie Street,Geelong,VIC,3220,"19 Ryrie Street, Geelong VIC 3220",30/06/2027,Active,Standard registration conditions,Rajan Grover,30/06/2027,Active,Standard licence condition
vpa_public_register,2026-07-29T13:34:38.613Z,https://pharmacy.vic.gov.au/register-search/,Chemist Warehouse Westfield Geelong,"Shop 1187 - 1188, Westfield Geelong",Geelong,VIC,3220,"Shop 1187 - 1188, Westfield Geelong, Geelong VIC 3220",30/06/2027,Active,Standard registration conditions,Rajan Grover,30/06/2027,Active,Standard licence condition
vpa_public_register,2026-07-29T13:34:38.613Z,https://pharmacy.vic.gov.au/register-search/,Discount Drug Store Geelong - Market Square,"Shops 131 - 133 Market Square S/C, Malop Street",Geelong,VIC,3220,"Shops 131 - 133 Market Square S/C, Malop Street, Geelong VIC 3220",30/06/2027,Active,Standard registration conditions,EAST YARRA FRIENDLY SOCIETY PTY LTD,30/06/2027,Active,Standard licence condition
vpa_public_register,2026-07-29T13:34:38.613Z,https://pharmacy.vic.gov.au/register-search/,GEELONG DAY & NIGHT PHARMACY,255 Ryrie Street,Geelong,VIC,3220,"255 Ryrie Street, Geelong VIC 3220",30/06/2027,Active,Standard registration conditions,MOWRY Pty Ltd,30/06/2027,Active,Standard licence condition
vpa_public_register,2026-07-29T13:34:38.613Z,https://pharmacy.vic.gov.au/register-search/,Geelong Soul Pattinson Pharmacy,133 Yarra Street,GEELONG,VIC,3220,"133 Yarra Street, GEELONG VIC 3220",30/06/2027,Active,Standard registration conditions,Stella Tsorotes,30/06/2027,Active,Standard licence condition
vpa_public_register,2026-07-29T13:34:38.613Z,https://pharmacy.vic.gov.au/register-search/,Peak Pharmacy Newtown,322A Pakington Street,Newtown,VIC,3220,"322A Pakington Street, Newtown VIC 3220",30/06/2027,Active,Standard registration conditions,Peak Pharmacy Newtown Pty Ltd,30/06/2027,Active,Standard licence condition
vpa_public_register,2026-07-29T13:34:38.613Z,https://pharmacy.vic.gov.au/register-search/,ST JOHN OF GOD HOSPITAL GEELONG PHARMACY DEPARTMENT,80 Myers Street,Geelong,VIC,3220,"80 Myers Street, Geelong VIC 3220",30/06/2026,Active,,ST JOHN OF GOD HEALTH CARE INC,30/06/2026,Active,Standard licence condition
vpa_public_register,2026-07-29T13:34:38.613Z,https://pharmacy.vic.gov.au/register-search/,Direct Chemist Outlet Curlewis,"Shops 10 & 11, Woolworths Curlewis Town Centre, 90 Centennial Boulevard",CURLEWIS,VIC,3222,"Shops 10 & 11, Woolworths Curlewis Town Centre, 90 Centennial Boulevard, CURLEWIS VIC 3222",30/06/2027,Active,Standard registration conditions,PCY CUR PTY LTD,30/06/2027,Active,Standard licence condition
vpa_public_register,2026-07-29T13:34:38.613Z,https://pharmacy.vic.gov.au/register-search/,Drysdale Village Pharmacy,"Shop 5, 3 Wyndham Street",Drysdale,VIC,3222,"Shop 5, 3 Wyndham Street, Drysdale VIC 3222",30/06/2027,Active,Standard registration conditions,Wright Pharmacy Pty Ltd,30/06/2027,Active,Standard licence condition
vpa_public_register,2026-07-29T13:34:38.613Z,https://pharmacy.vic.gov.au/register-search/,Peak Pharmacy Drysdale,1/19 Clifton Springs Road,Drysdale,VIC,3222,"1/19 Clifton Springs Road, Drysdale VIC 3222",30/06/2027,Active,Standard registration conditions,Peak Pharmacy Drysdale Pty Ltd,30/06/2027,Active,Standard licence condition
vpa_public_register,2026-07-29T13:34:38.613Z,https://pharmacy.vic.gov.au/register-search/,PORTARLINGTON PHARMACY,90 Newcombe Street,Portarlington,VIC,3223,"90 Newcombe Street, Portarlington VIC 3223",30/06/2027,Active,Standard registration conditions,James Farquharson,30/06/2027,Active,Standard licence condition
vpa_public_register,2026-07-29T13:34:38.613Z,https://pharmacy.vic.gov.au/register-search/,PORTARLINGTON PHARMACY,90 Newcombe Street,Portarlington,VIC,3223,"90 Newcombe Street, Portarlington VIC 3223",30/06/2027,Active,Standard registration conditions,Louise Farquharson,30/06/2027,Active,Standard licence condition
vpa_public_register,2026-07-29T13:34:38.613Z,https://pharmacy.vic.gov.au/register-search/,PORTARLINGTON PHARMACY,90 Newcombe Street,Portarlington,VIC,3223,"90 Newcombe Street, Portarlington VIC 3223",30/06/2027,Active,Standard registration conditions,Louise McLaughlin,30/06/2027,Active,Standard licence condition
vpa_public_register,2026-07-29T13:34:38.613Z,https://pharmacy.vic.gov.au/register-search/,DIRECT CHEMIST OUTLET - LEOPOLD,"Shop T01, Gateway Plaza Shopping Centre, 621 - 659 Bellarine Hwy",LEOPOLD,VIC,3224,"Shop T01, Gateway Plaza Shopping Centre, 621 - 659 Bellarine Hwy, LEOPOLD VIC 3224",30/06/2027,Active,Standard registration conditions,Amgad Yacoub,30/06/2027,Active,Standard licence condition
vpa_public_register,2026-07-29T13:34:38.613Z,https://pharmacy.vic.gov.au/register-search/,DIRECT CHEMIST OUTLET - LEOPOLD,"Shop T01, Gateway Plaza Shopping Centre, 621 - 659 Bellarine Hwy",LEOPOLD,VIC,3224,"Shop T01, Gateway Plaza Shopping Centre, 621 - 659 Bellarine Hwy, LEOPOLD VIC 3224",30/06/2027,Active,Standard registration conditions,Bartholomew Vanarey,30/06/2027,Active,Standard licence condition
vpa_public_register,2026-07-29T13:34:38.613Z,https://pharmacy.vic.gov.au/register-search/,DIRECT CHEMIST OUTLET - LEOPOLD,"Shop T01, Gateway Plaza Shopping Centre, 621 - 659 Bellarine Hwy",LEOPOLD,VIC,3224,"Shop T01, Gateway Plaza Shopping Centre, 621 - 659 Bellarine Hwy, LEOPOLD VIC 3224",30/06/2027,Active,Standard registration conditions,Ian Tauman,30/06/2027,Active,Standard licence condition
vpa_public_register,2026-07-29T13:34:38.613Z,https://pharmacy.vic.gov.au/register-search/,DIRECT CHEMIST OUTLET - LEOPOLD,"Shop T01, Gateway Plaza Shopping Centre, 621 - 659 Bellarine Hwy",LEOPOLD,VIC,3224,"Shop T01, Gateway Plaza Shopping Centre, 621 - 659 Bellarine Hwy, LEOPOLD VIC 3224",30/06/2027,Active,Standard registration conditions,Scott Rodgers,30/06/2027,Active,Standard licence condition
vpa_public_register,2026-07-29T13:34:38.613Z,https://pharmacy.vic.gov.au/register-search/,Peak Pharmacy Leopold,20 Dorothy Street,Leopold,VIC,3224,"20 Dorothy Street, Leopold VIC 3224",30/06/2027,Active,Standard registration conditions,Peak Pharmacy Leopold Pty Ltd,30/06/2027,Active,Standard licence condition
vpa_public_register,2026-07-29T13:34:38.613Z,https://pharmacy.vic.gov.au/register-search/,PARDEY'S QUEENSCLIFF PHARMACY,52 Hesse Street,Queenscliff,VIC,3225,"52 Hesse Street, Queenscliff VIC 3225",30/06/2027,Active,Standard registration conditions,Joan Lindros,30/06/2027,Active,Standard licence condition
vpa_public_register,2026-07-29T13:34:38.613Z,https://pharmacy.vic.gov.au/register-search/,POINT LONSDALE PHARMACY,55 Point Lonsdale Road,POINT LONSDALE,VIC,3225,"55 Point Lonsdale Road, POINT LONSDALE VIC 3225",30/06/2027,Active,Standard registration conditions,Point Lonsdale Healthcare Pty Ltd,30/06/2027,Active,Standard licence condition
vpa_public_register,2026-07-29T13:34:38.613Z,https://pharmacy.vic.gov.au/register-search/,Direct Chemist Outlet Kingston,"Shop T01, Kingston Village Shopping Centre, 122 - 160 Grubb Road",OCEAN GROVE,VIC,3226,"Shop T01, Kingston Village Shopping Centre, 122 - 160 Grubb Road, OCEAN GROVE VIC 3226",30/06/2027,Active,Standard registration conditions,Ashley Muffet,30/06/2027,Active,Standard licence condition
vpa_public_register,2026-07-29T13:34:38.613Z,https://pharmacy.vic.gov.au/register-search/,Direct Chemist Outlet Kingston,"Shop T01, Kingston Village Shopping Centre, 122 - 160 Grubb Road",OCEAN GROVE,VIC,3226,"Shop T01, Kingston Village Shopping Centre, 122 - 160 Grubb Road, OCEAN GROVE VIC 3226",30/06/2027,Active,Standard registration conditions,Matthew Pittwood,30/06/2027,Active,Standard licence condition
vpa_public_register,2026-07-29T13:34:38.613Z,https://pharmacy.vic.gov.au/register-search/,Direct Chemist Outlet Kingston,"Shop T01, Kingston Village Shopping Centre, 122 - 160 Grubb Road",OCEAN GROVE,VIC,3226,"Shop T01, Kingston Village Shopping Centre, 122 - 160 Grubb Road, OCEAN GROVE VIC 3226",30/06/2027,Active,Standard registration conditions,Scott Rodgers,30/06/2027,Active,Standard licence condition
vpa_public_register,2026-07-29T13:34:38.613Z,https://pharmacy.vic.gov.au/register-search/,Direct Chemist Outlet Ocean Grove,"Shop 1, Ocean Grove Market Place, 2 - 20 Kingston Downs Drive",OCEAN GROVE,VIC,3226,"Shop 1, Ocean Grove Market Place, 2 - 20 Kingston Downs Drive, OCEAN GROVE VIC 3226",30/06/2027,Active,Standard registration conditions,Matthew Pittwood,30/06/2027,Active,Standard licence condition
vpa_public_register,2026-07-29T13:34:38.613Z,https://pharmacy.vic.gov.au/register-search/,Direct Chemist Outlet Ocean Grove,"Shop 1, Ocean Grove Market Place, 2 - 20 Kingston Downs Drive",OCEAN GROVE,VIC,3226,"Shop 1, Ocean Grove Market Place, 2 - 20 Kingston Downs Drive, OCEAN GROVE VIC 3226",30/06/2027,Active,Standard registration conditions,Michael Haberl,30/06/2027,Active,Standard licence condition
vpa_public_register,2026-07-29T13:34:38.613Z,https://pharmacy.vic.gov.au/register-search/,Ocean Grove Terrace Pharmacy,76A The Terrace,Ocean Grove,VIC,3226,"76A The Terrace, Ocean Grove VIC 3226",30/06/2027,Active,Standard registration conditions,Andrew Rodgers,30/06/2027,Active,Standard licence condition
vpa_public_register,2026-07-29T13:34:38.613Z,https://pharmacy.vic.gov.au/register-search/,Ocean Grove Terrace Pharmacy,76A The Terrace,Ocean Grove,VIC,3226,"76A The Terrace, Ocean Grove VIC 3226",30/06/2027,Active,Standard registration conditions,Gabrielle Calder,30/06/2027,Active,Standard licence condition
vpa_public_register,2026-07-29T13:34:38.613Z,https://pharmacy.vic.gov.au/register-search/,Ocean Grove Terrace Pharmacy,76A The Terrace,Ocean Grove,VIC,3226,"76A The Terrace, Ocean Grove VIC 3226",30/06/2027,Active,Standard registration conditions,Matthew Pittwood,30/06/2027,Active,Standard licence condition
vpa_public_register,2026-07-29T13:34:38.613Z,https://pharmacy.vic.gov.au/register-search/,Barwon Heads Pharmacy,55A Hitchcock Avenue,BARWON HEADS,VIC,3227,"55A Hitchcock Avenue, BARWON HEADS VIC 3227",30/06/2027,Active,Standard registration conditions,Andrew Louka,30/06/2027,Active,Standard licence condition
vpa_public_register,2026-07-29T13:34:38.613Z,https://pharmacy.vic.gov.au/register-search/,Barwon Heads Pharmacy,55A Hitchcock Avenue,BARWON HEADS,VIC,3227,"55A Hitchcock Avenue, BARWON HEADS VIC 3227",30/06/2027,Active,Standard registration conditions,Joseph Hanna,30/06/2027,Active,Standard licence condition
vpa_public_register,2026-07-29T13:34:38.613Z,https://pharmacy.vic.gov.au/register-search/,Coastal Compounding  Pharmacy,"G2, 1 - 3 Cylinders Drive",TORQUAY,VIC,3228,"G2, 1 - 3 Cylinders Drive, TORQUAY VIC 3228",30/06/2027,Active,Standard registration conditions,Cottage Pharmacy Pty Ltd,30/06/2027,Active,Standard licence condition
vpa_public_register,2026-07-29T13:34:38.613Z,https://pharmacy.vic.gov.au/register-search/,Pharmacy 4 Less Torquay,"Shop 1, The Dunes Village, 222 Fischer Street",TORQUAY,VIC,3228,"Shop 1, The Dunes Village, 222 Fischer Street, TORQUAY VIC 3228",30/06/2027,Active,Standard registration conditions,Zanzoon Pty Ltd,30/06/2027,Active,Standard licence condition
vpa_public_register,2026-07-29T13:34:38.613Z,https://pharmacy.vic.gov.au/register-search/,Priceline Pharmacy Torquay (VIC),18 Gilbert Street,Torquay,VIC,3228,"18 Gilbert Street, Torquay VIC 3228",30/06/2027,Active,Standard registration conditions,BPG Torquay Pharmacy Pty Ltd,30/06/2027,Active,Standard licence condition
vpa_public_register,2026-07-29T13:34:38.613Z,https://pharmacy.vic.gov.au/register-search/,SURFCOAST PHARMACY,100 Surfcoast Hwy,Torquay,VIC,3228,"100 Surfcoast Hwy, Torquay VIC 3228",30/06/2027,Active,Standard registration conditions,BPG Surfcoast Pharmacy Pty Ltd,30/06/2027,Active,Standard licence condition
vpa_public_register,2026-07-29T13:34:38.613Z,https://pharmacy.vic.gov.au/register-search/,ANGLESEA PHARMACY,93 Great Ocean Road,Anglesea,VIC,3230,"93 Great Ocean Road, Anglesea VIC 3230",30/06/2027,Active,Standard registration conditions,Anglesea Healthcare Pty Ltd,30/06/2027,Active,Standard licence condition
vpa_public_register,2026-07-29T13:34:38.613Z,https://pharmacy.vic.gov.au/register-search/,Aireys Inlet Pharmacy,2 / 44 Great Ocean Road,Aireys Inlet,VIC,3231,"2 / 44 Great Ocean Road, Aireys Inlet VIC 3231",30/06/2027,Active,Standard registration conditions,Modulus Health Pty Ltd,30/06/2027,Active,Standard licence condition
vpa_public_register,2026-07-29T13:34:38.613Z,https://pharmacy.vic.gov.au/register-search/,LORNE PHARMACY,138 Mountjoy Parade,Lorne,VIC,3232,"138 Mountjoy Parade, Lorne VIC 3232",30/06/2027,Active,Standard registration conditions,Lorne Healthcare Pty Ltd,30/06/2027,Active,Standard licence condition
vpa_public_register,2026-07-29T13:34:38.613Z,https://pharmacy.vic.gov.au/register-search/,Apollo Bay Pharmacy,123 Great Ocean Road,Apollo Bay,VIC,3233,"123 Great Ocean Road, Apollo Bay VIC 3233",30/06/2027,Active,Standard registration conditions,Christopher Tewierik,30/06/2027,Active,Standard licence condition
vpa_public_register,2026-07-29T13:34:38.613Z,https://pharmacy.vic.gov.au/register-search/,Apollo Bay Pharmacy,123 Great Ocean Road,Apollo Bay,VIC,3233,"123 Great Ocean Road, Apollo Bay VIC 3233",30/06/2027,Active,Standard registration conditions,Elke Linton,30/06/2027,Active,Standard licence condition
vpa_public_register,2026-07-29T13:34:38.613Z,https://pharmacy.vic.gov.au/register-search/,Apollo Bay Pharmacy,123 Great Ocean Road,Apollo Bay,VIC,3233,"123 Great Ocean Road, Apollo Bay VIC 3233",30/06/2027,Active,Standard registration conditions,Michael Linton,30/06/2027,Active,Standard licence condition
vpa_public_register,2026-07-29T13:34:38.613Z,https://pharmacy.vic.gov.au/register-search/,ST LEONARDS PHARMACY,1374 Murradoc Road,St Leonards,VIC,3233,"1374 Murradoc Road, St Leonards VIC 3233",30/06/2027,Active,Standard registration conditions,David Philippi,30/06/2027,Active,Standard licence condition
vpa_public_register,2026-07-29T13:34:38.613Z,https://pharmacy.vic.gov.au/register-search/,ST LEONARDS PHARMACY,1374 Murradoc Road,St Leonards,VIC,3233,"1374 Murradoc Road, St Leonards VIC 3233",30/06/2027,Active,Standard registration conditions,Larissa Picone,30/06/2027,Active,Standard licence condition
vpa_public_register,2026-07-29T13:34:38.613Z,https://pharmacy.vic.gov.au/register-search/,ST LEONARDS PHARMACY,1374 Murradoc Road,St Leonards,VIC,3233,"1374 Murradoc Road, St Leonards VIC 3233",30/06/2027,Active,Standard registration conditions,Matthew Pittwood,30/06/2027,Active,Standard licence condition
vpa_public_register,2026-07-29T13:34:38.613Z,https://pharmacy.vic.gov.au/register-search/,Moriac Pharmacy,806 Hendy Main Road,MORIAC,VIC,3240,"806 Hendy Main Road, MORIAC VIC 3240",30/06/2027,Active,Standard registration conditions,Demayo Pty Ltd,30/06/2027,Active,Standard licence condition
vpa_public_register,2026-07-29T13:34:38.613Z,https://pharmacy.vic.gov.au/register-search/,TerryWhite Chemmart Winchelsea,15 Main Street,WINCHELSEA,VIC,3241,"15 Main Street, WINCHELSEA VIC 3241",30/06/2027,Active,Standard registration conditions,Anantram Kalpathy Ramnath,30/06/2027,Active,Standard licence condition
vpa_public_register,2026-07-29T13:34:38.613Z,https://pharmacy.vic.gov.au/register-search/,TerryWhite Chemmart Winchelsea,15 Main Street,WINCHELSEA,VIC,3241,"15 Main Street, WINCHELSEA VIC 3241",30/06/2027,Active,Standard registration conditions,Lloyd Jewell,30/06/2027,Active,Standard licence condition
vpa_public_register,2026-07-29T13:34:38.613Z,https://pharmacy.vic.gov.au/register-search/,BIRREGURRA PHARMACY,40 Main Street,Birregurra,VIC,3242,"40 Main Street, Birregurra VIC 3242",30/06/2027,Active,Standard registration conditions,ST MARIA PHARMA PTY LTD,30/06/2027,Active,Standard licence condition
vpa_public_register,2026-07-29T13:34:38.613Z,https://pharmacy.vic.gov.au/register-search/,Blooms The Chemist Colac,"Unit 1-7, 2-52 Bromfield Street",Colac,VIC,3250,"Unit 1-7, 2-52 Bromfield Street, Colac VIC 3250",30/06/2027,Active,Standard registration conditions,Allies in Health Pty Ltd,30/06/2027,Active,Standard licence condition
vpa_public_register,2026-07-29T13:34:38.613Z,https://pharmacy.vic.gov.au/register-search/,Blooms The Chemist Colac,"Unit 1-7, 2-52 Bromfield Street",Colac,VIC,3250,"Unit 1-7, 2-52 Bromfield Street, Colac VIC 3250",30/06/2027,Active,Standard registration conditions,Elements Pharmacy Pty Ltd,30/06/2027,Active,Standard licence condition
vpa_public_register,2026-07-29T13:34:38.613Z,https://pharmacy.vic.gov.au/register-search/,Blooms The Chemist Colac,"Unit 1-7, 2-52 Bromfield Street",Colac,VIC,3250,"Unit 1-7, 2-52 Bromfield Street, Colac VIC 3250",30/06/2027,Active,Standard registration conditions,Mok Pharmacy (Colac) Pty Ltd,30/06/2027,Active,Standard licence condition
vpa_public_register,2026-07-29T13:34:38.613Z,https://pharmacy.vic.gov.au/register-search/,COLAC AREA HEALTH PHARMACY DEPARTMENT,"Ground Floor, 2-28 Connor Street",Colac,VIC,3250,"Ground Floor, 2-28 Connor Street, Colac VIC 3250",30/06/2027,Active,,COLAC AREA HEALTH,30/06/2027,Active,Standard licence condition
vpa_public_register,2026-07-29T13:34:38.613Z,https://pharmacy.vic.gov.au/register-search/,Colac East Pharmacy,"Shop T1A, Colac Plaza Shopping Centre, Corner of 140 Bromfield Street & 66 Queen Street",Colac,VIC,3250,"Shop T1A, Colac Plaza Shopping Centre, Corner of 140 Bromfield Street & 66 Queen Street, Colac VIC 3250",30/06/2027,Active,Standard registration conditions,Christoco Pty Ltd,30/06/2027,Active,Standard licence condition
vpa_public_register,2026-07-29T13:34:38.613Z,https://pharmacy.vic.gov.au/register-search/,Colac East Pharmacy,"Shop T1A, Colac Plaza Shopping Centre, Corner of 140 Bromfield Street & 66 Queen Street",Colac,VIC,3250,"Shop T1A, Colac Plaza Shopping Centre, Corner of 140 Bromfield Street & 66 Queen Street, Colac VIC 3250",30/06/2027,Active,Standard registration conditions,Geovale Investments Pty Ltd,30/06/2027,Active,Standard licence condition
vpa_public_register,2026-07-29T13:34:38.613Z,https://pharmacy.vic.gov.au/register-search/,COLAC PHARMACY,327 Murray Street,Colac,VIC,3250,"327 Murray Street, Colac VIC 3250",30/06/2027,Active,Standard registration conditions,David Christofidis,30/06/2027,Active,Standard licence condition
vpa_public_register,2026-07-29T13:34:38.613Z,https://pharmacy.vic.gov.au/register-search/,COLAC PHARMACY,327 Murray Street,Colac,VIC,3250,"327 Murray Street, Colac VIC 3250",30/06/2027,Active,Standard registration conditions,Michael Georgy,30/06/2027,Active,Standard licence condition
vpa_public_register,2026-07-29T13:34:38.613Z,https://pharmacy.vic.gov.au/register-search/,CAMPERDOWN PHARMACY,135 Manifold Street,Camperdown,VIC,3260,"135 Manifold Street, Camperdown VIC 3260",30/06/2027,Active,Standard registration conditions,SBC Pharmacy Pty Ltd,30/06/2027,Active,Standard licence condition
vpa_public_register,2026-07-29T13:34:38.613Z,https://pharmacy.vic.gov.au/register-search/,CAMPERDOWN PHARMACY,135 Manifold Street,Camperdown,VIC,3260,"135 Manifold Street, Camperdown VIC 3260",30/06/2027,Active,Standard registration conditions,Venn Pharmacy Pty Ltd,30/06/2027,Active,Standard licence condition
vpa_public_register,2026-07-29T13:34:38.613Z,https://pharmacy.vic.gov.au/register-search/,The Little Pharmacy & Shoe Shop,207 Manifold Street,Camperdown,VIC,3260,"207 Manifold Street, Camperdown VIC 3260",30/06/2027,Active,Standard registration conditions,SBC Pharmacy Pty Ltd,30/06/2027,Active,Standard licence condition
vpa_public_register,2026-07-29T13:34:38.613Z,https://pharmacy.vic.gov.au/register-search/,The Little Pharmacy & Shoe Shop,207 Manifold Street,Camperdown,VIC,3260,"207 Manifold Street, Camperdown VIC 3260",30/06/2027,Active,Standard registration conditions,Venn Pharmacy Pty Ltd,30/06/2027,Active,Standard licence condition
vpa_public_register,2026-07-29T13:34:38.613Z,https://pharmacy.vic.gov.au/register-search/,Fraz Family Pharmacy,68 - 70 High Street,Terang,VIC,3264,"68 - 70 High Street, Terang VIC 3264",30/06/2027,Active,Standard registration conditions,Maheen's Pharmacy Company Pty Ltd,30/06/2027,Active,Standard licence condition
vpa_public_register,2026-07-29T13:34:38.613Z,https://pharmacy.vic.gov.au/register-search/,COBDEN PHARMACY,43 Curdie Street,Cobden,VIC,3266,"43 Curdie Street, Cobden VIC 3266",30/06/2027,Active,Standard registration conditions,Alan Porter,30/06/2027,Active,Standard licence condition
vpa_public_register,2026-07-29T13:34:38.613Z,https://pharmacy.vic.gov.au/register-search/,TIMBOON PHARMACY,"Shop 1, 15 Main Street",Timboon,VIC,3268,"Shop 1, 15 Main Street, Timboon VIC 3268",30/06/2027,Active,Standard registration conditions,Danielle D'Onofrio,30/06/2027,Active,Standard licence condition
vpa_public_register,2026-07-29T13:34:38.613Z,https://pharmacy.vic.gov.au/register-search/,TIMBOON PHARMACY,"Shop 1, 15 Main Street",Timboon,VIC,3268,"Shop 1, 15 Main Street, Timboon VIC 3268",30/06/2027,Active,Standard registration conditions,George D'Onofrio,30/06/2027,Active,Standard licence condition
vpa_public_register,2026-07-29T13:34:38.613Z,https://pharmacy.vic.gov.au/register-search/,Mortlake Caremore Pharmacy,110 Dunlop Street,Mortlake,VIC,3272,"110 Dunlop Street, Mortlake VIC 3272",30/06/2027,Active,Standard registration conditions,Shanz Health Mortlake Pty Ltd,30/06/2027,Active,Standard licence condition
vpa_public_register,2026-07-29T13:34:38.613Z,https://pharmacy.vic.gov.au/register-search/,Wandong Pharmacy,"Shop 6, Wandong Plaza, 3272 Epping-Kilmore Road",Wandong,VIC,3758,"Shop 6, Wandong Plaza, 3272 Epping-Kilmore Road, Wandong VIC 3758",30/06/2027,Active,Standard registration conditions,John Georgy,30/06/2027,Active,Standard licence condition
vpa_public_register,2026-07-29T13:34:38.613Z,https://pharmacy.vic.gov.au/register-search/,Wandong Pharmacy,"Shop 6, Wandong Plaza, 3272 Epping-Kilmore Road",Wandong,VIC,3758,"Shop 6, Wandong Plaza, 3272 Epping-Kilmore Road, Wandong VIC 3758",30/06/2027,Active,Standard registration conditions,Paul Halabi,30/06/2027,Active,Standard licence condition
vpa_public_register,2026-07-29T13:34:38.613Z,https://pharmacy.vic.gov.au/register-search/,Blooms The Chemist Warrnambool,"Ground Floor Shop, 143 - 149 Lava Street",Warrnambool,VIC,3280,"Ground Floor Shop, 143 - 149 Lava Street, Warrnambool VIC 3280",30/06/2027,Active,Standard registration conditions,Mok Pharmacy (Warrnambool) Pty Ltd,30/06/2027,Active,Standard licence condition
vpa_public_register,2026-07-29T13:34:38.613Z,https://pharmacy.vic.gov.au/register-search/,Blooms The Chemist Warrnambool,"Ground Floor Shop, 143 - 149 Lava Street",Warrnambool,VIC,3280,"Ground Floor Shop, 143 - 149 Lava Street, Warrnambool VIC 3280",30/06/2027,Active,Standard registration conditions,Okeson Pharmacy (Warrnambool) Pty Ltd,30/06/2027,Active,Standard licence condition
vpa_public_register,2026-07-29T13:34:38.613Z,https://pharmacy.vic.gov.au/register-search/,Chemist Warehouse  Warrnambool,"M1032 Gateway Plaza Shopping Centre, 154 Raglan Parade",WARRNAMBOOL,VIC,3280,"M1032 Gateway Plaza Shopping Centre, 154 Raglan Parade, WARRNAMBOOL VIC 3280",30/06/2027,Active,Standard registration conditions,Jason Yacoub,30/06/2027,Active,Standard licence condition
vpa_public_register,2026-07-29T13:34:38.613Z,https://pharmacy.vic.gov.au/register-search/,Chemist Warehouse  Warrnambool,"M1032 Gateway Plaza Shopping Centre, 154 Raglan Parade",WARRNAMBOOL,VIC,3280,"M1032 Gateway Plaza Shopping Centre, 154 Raglan Parade, WARRNAMBOOL VIC 3280",30/06/2027,Active,Standard registration conditions,Jolimia Pty Ltd,30/06/2027,Active,Standard licence condition
vpa_public_register,2026-07-29T13:34:38.613Z,https://pharmacy.vic.gov.au/register-search/,Chemist Warehouse Warrnambool Central,"Shop 16A, 125 - 139 & 141 - 143 Liebig Street",WARRNAMBOOL,VIC,3280,"Shop 16A, 125 - 139 & 141 - 143 Liebig Street, WARRNAMBOOL VIC 3280",30/06/2027,Active,Standard registration conditions,Anny Yacoub,30/06/2027,Active,Standard licence condition
vpa_public_register,2026-07-29T13:34:38.613Z,https://pharmacy.vic.gov.au/register-search/,Chemist Warehouse Warrnambool Central,"Shop 16A, 125 - 139 & 141 - 143 Liebig Street",WARRNAMBOOL,VIC,3280,"Shop 16A, 125 - 139 & 141 - 143 Liebig Street, WARRNAMBOOL VIC 3280",30/06/2027,Active,Standard registration conditions,Gary Nipperess,30/06/2027,Active,Standard licence condition
vpa_public_register,2026-07-29T13:34:38.613Z,https://pharmacy.vic.gov.au/register-search/,Chemist Warehouse Warrnambool Central,"Shop 16A, 125 - 139 & 141 - 143 Liebig Street",WARRNAMBOOL,VIC,3280,"Shop 16A, 125 - 139 & 141 - 143 Liebig Street, WARRNAMBOOL VIC 3280",30/06/2027,Active,Standard registration conditions,Jason Yacoub,30/06/2027,Active,Standard licence condition
vpa_public_register,2026-07-29T13:34:38.613Z,https://pharmacy.vic.gov.au/register-search/,Dennington Discount Pharmacy,"Shop MM1, 1330 Raglan Parade",DENNINGTON,VIC,3280,"Shop MM1, 1330 Raglan Parade, DENNINGTON VIC 3280",30/06/2027,Active,Standard registration conditions,Dennington Pharmacy Pty Ltd,30/06/2027,Active,Standard licence condition
vpa_public_register,2026-07-29T13:34:38.613Z,https://pharmacy.vic.gov.au/register-search/,Direct Chemist Outlet - Henna Street,"Shop 3, 102 Henna Street",Warrnambool,VIC,3280,"Shop 3, 102 Henna Street, Warrnambool VIC 3280",30/06/2027,Active,Standard registration conditions,Irwin Lowe,30/06/2027,Active,Standard licence condition
vpa_public_register,2026-07-29T13:34:38.613Z,https://pharmacy.vic.gov.au/register-search/,Direct Chemist Outlet - Henna Street,"Shop 3, 102 Henna Street",Warrnambool,VIC,3280,"Shop 3, 102 Henna Street, Warrnambool VIC 3280",30/06/2027,Active,Standard registration conditions,Paul Bereznicki,30/06/2027,Active,Standard licence condition
vpa_public_register,2026-07-29T13:34:38.613Z,https://pharmacy.vic.gov.au/register-search/,DIRECT CHEMIST OUTLET - NORTHPOINT,"Shop 1 & 16, Centro Shopping Centre, 72 Mortlake Road",Warrnambool,VIC,3280,"Shop 1 & 16, Centro Shopping Centre, 72 Mortlake Road, Warrnambool VIC 3280",30/06/2027,Active,Standard registration conditions,Diane Aban,30/06/2027,Active,Standard licence condition
vpa_public_register,2026-07-29T13:34:38.613Z,https://pharmacy.vic.gov.au/register-search/,DIRECT CHEMIST OUTLET - NORTHPOINT,"Shop 1 & 16, Centro Shopping Centre, 72 Mortlake Road",Warrnambool,VIC,3280,"Shop 1 & 16, Centro Shopping Centre, 72 Mortlake Road, Warrnambool VIC 3280",30/06/2027,Active,Standard registration conditions,Ian Tauman,30/06/2027,Active,Standard licence condition
vpa_public_register,2026-07-29T13:34:38.613Z,https://pharmacy.vic.gov.au/register-search/,DIRECT CHEMIST OUTLET - NORTHPOINT,"Shop 1 & 16, Centro Shopping Centre, 72 Mortlake Road",Warrnambool,VIC,3280,"Shop 1 & 16, Centro Shopping Centre, 72 Mortlake Road, Warrnambool VIC 3280",30/06/2027,Active,Standard registration conditions,Shing Tong,30/06/2027,Active,Standard licence condition
vpa_public_register,2026-07-29T13:34:38.613Z,https://pharmacy.vic.gov.au/register-search/,DIRECT CHEMIST OUTLET - TARGET WARRNAMBOOL,"Shop T11 The Target Centre, 154 Koroit Street",WARRNAMBOOL,VIC,3280,"Shop T11 The Target Centre, 154 Koroit Street, WARRNAMBOOL VIC 3280",30/06/2027,Active,Standard registration conditions,Ian Tauman,30/06/2027,Active,Standard licence condition
vpa_public_register,2026-07-29T13:34:38.613Z,https://pharmacy.vic.gov.au/register-search/,HPS Pharmacies -  Warrnambool,"St John of God Hospital, 136 Botanic Road",Warrnambool,VIC,3280,"St John of God Hospital, 136 Botanic Road, Warrnambool VIC 3280",30/06/2027,Active,Standard registration conditions,HSP VIC No. 5 Pty Ltd,30/06/2027,Active,Standard licence condition
vpa_public_register,2026-07-29T13:34:38.613Z,https://pharmacy.vic.gov.au/register-search/,MONAGHAN'S PHARMACY,136 - 140 Fairy Street,Warrnambool,VIC,3280,"136 - 140 Fairy Street, Warrnambool VIC 3280",30/06/2027,Active,Standard registration conditions,FRIENDLY SOCIETY MEDICAL ASSOCIATION LIMITED,30/06/2027,Active,Standard licence condition
vpa_public_register,2026-07-29T13:34:38.613Z,https://pharmacy.vic.gov.au/register-search/,SOULSBY & STRUTH PHARMACY,103 Liebig Street,Warrnambool,VIC,3280,"103 Liebig Street, Warrnambool VIC 3280",30/06/2027,Active,Standard registration conditions,Allan Luke,30/06/2027,Active,Standard licence condition
vpa_public_register,2026-07-29T13:34:38.613Z,https://pharmacy.vic.gov.au/register-search/,SOUTH WEST HEALTHCARE - WARRNAMBOOL CAMPUS - PHARMACY DEPARTMENT,"Zone 5, Ground Floor, Ryot Street",Warrnambool,VIC,3280,"Zone 5, Ground Floor, Ryot Street, Warrnambool VIC 3280",30/06/2027,Active,,SOUTH WEST HEALTHCARE,30/06/2027,Active,Standard licence condition
vpa_public_register,2026-07-29T13:34:38.613Z,https://pharmacy.vic.gov.au/register-search/,KOROIT PHARMACY,115 Commercial Road,Koroit,VIC,3282,"115 Commercial Road, Koroit VIC 3282",30/06/2027,Active,Standard registration conditions,New Dawn Pharmacies Pty Ltd,30/06/2027,Active,Standard licence condition
vpa_public_register,2026-07-29T13:34:38.613Z,https://pharmacy.vic.gov.au/register-search/,Port Fairy Pharmacy,35-37 Sackville Street,Port Fairy,VIC,3284,"35-37 Sackville Street, Port Fairy VIC 3284",30/06/2027,Active,Standard registration conditions,Port Fairy Health Pty Ltd,30/06/2027,Active,Standard licence condition
vpa_public_register,2026-07-29T13:34:38.613Z,https://pharmacy.vic.gov.au/register-search/,DEPOT FOR HEYWOOD PHARMACY,2 Market Street,Macarthur,VIC,3286,"2 Market Street, Macarthur VIC 3286",30/06/2027,Active,,,,,
vpa_public_register,2026-07-29T13:34:38.613Z,https://pharmacy.vic.gov.au/register-search/,Dunkeld Pharmacy,"Shop B, 109 Parker Street",Dunkeld,VIC,3294,"Shop B, 109 Parker Street, Dunkeld VIC 3294",30/06/2027,Active,Standard registration conditions,Ceevale Investments Pty Ltd,30/06/2027,Active,Standard licence condition
vpa_public_register,2026-07-29T13:34:38.613Z,https://pharmacy.vic.gov.au/register-search/,James Dean Pharmacy,Suite 6 / 130 Lonsdale Street,HAMILTON,VIC,3300,"Suite 6 / 130 Lonsdale Street, HAMILTON VIC 3300",30/06/2027,Active,Standard registration conditions,DOTUSMAXIMUS PTY LTD,30/06/2027,Active,Standard licence condition
vpa_public_register,2026-07-29T13:34:38.613Z,https://pharmacy.vic.gov.au/register-search/,James Dean Pharmacy,Suite 6 / 130 Lonsdale Street,HAMILTON,VIC,3300,"Suite 6 / 130 Lonsdale Street, HAMILTON VIC 3300",30/06/2027,Active,Standard registration conditions,Le Pham,30/06/2027,Active,Standard licence condition
vpa_public_register,2026-07-29T13:34:38.613Z,https://pharmacy.vic.gov.au/register-search/,James Dean Pharmacy,Suite 6 / 130 Lonsdale Street,HAMILTON,VIC,3300,"Suite 6 / 130 Lonsdale Street, HAMILTON VIC 3300",30/06/2027,Active,Standard registration conditions,Nhung Thai,30/06/2027,Active,Standard licence condition
vpa_public_register,2026-07-29T13:34:38.613Z,https://pharmacy.vic.gov.au/register-search/,James Dean Pharmacy,Suite 6 / 130 Lonsdale Street,HAMILTON,VIC,3300,"Suite 6 / 130 Lonsdale Street, HAMILTON VIC 3300",30/06/2027,Active,Standard registration conditions,Yen Tran,30/06/2027,Active,Standard licence condition
vpa_public_register,2026-07-29T13:34:38.613Z,https://pharmacy.vic.gov.au/register-search/,JAMES DEAN PHARMACY,170 Gray Street,Hamilton,VIC,3300,"170 Gray Street, Hamilton VIC 3300",30/06/2027,Active,Standard registration conditions,DOTUSMAXIMUS PTY LTD,30/06/2027,Active,Standard licence condition
vpa_public_register,2026-07-29T13:34:38.613Z,https://pharmacy.vic.gov.au/register-search/,JAMES DEAN PHARMACY,170 Gray Street,Hamilton,VIC,3300,"170 Gray Street, Hamilton VIC 3300",30/06/2027,Active,Standard registration conditions,Le Pham,30/06/2027,Active,Standard licence condition
vpa_public_register,2026-07-29T13:34:38.613Z,https://pharmacy.vic.gov.au/register-search/,JAMES DEAN PHARMACY,170 Gray Street,Hamilton,VIC,3300,"170 Gray Street, Hamilton VIC 3300",30/06/2027,Active,Standard registration conditions,Nhung Thai,30/06/2027,Active,Standard licence condition
vpa_public_register,2026-07-29T13:34:38.613Z,https://pharmacy.vic.gov.au/register-search/,JAMES DEAN PHARMACY,170 Gray Street,Hamilton,VIC,3300,"170 Gray Street, Hamilton VIC 3300",30/06/2027,Active,Standard registration conditions,Yen Tran,30/06/2027,Active,Standard licence condition
vpa_public_register,2026-07-29T13:34:38.613Z,https://pharmacy.vic.gov.au/register-search/,Robsons Pharmacy,160 Gray Street,Hamilton,VIC,3300,"160 Gray Street, Hamilton VIC 3300",30/06/2027,Active,Standard registration conditions,Degen Murphy,30/06/2027,Active,Standard licence condition
vpa_public_register,2026-07-29T13:34:38.613Z,https://pharmacy.vic.gov.au/register-search/,WESTERN DISTRICT HEALTH SERVICE HAMILTON BASE HOSPITAL PHARMACY DEPARTMENT,Foster Street,Hamilton,VIC,3300,"Foster Street, Hamilton VIC 3300",30/06/2027,Active,,WESTERN DISTRICT HEALTH SERVICE,30/06/2027,Active,Standard licence condition
vpa_public_register,2026-07-29T13:34:38.613Z,https://pharmacy.vic.gov.au/register-search/,Heywood Pharmacy,63-65 Edgar Street,Heywood,VIC,3304,"63-65 Edgar Street, Heywood VIC 3304",30/06/2027,Active,Standard registration conditions,CNL Pharmacy Pty Ltd,30/06/2027,Active,Standard licence condition
vpa_public_register,2026-07-29T13:34:38.613Z,https://pharmacy.vic.gov.au/register-search/,PORTLAND & DISTRICT HEALTH PHARMACY DEPARTMENT,Bentinck Street,Portland,VIC,3305,"Bentinck Street, Portland VIC 3305",30/06/2027,Active,,PORTLAND DISTRICT HEALTH,30/06/2027,Active,Standard licence condition
vpa_public_register,2026-07-29T13:34:38.613Z,https://pharmacy.vic.gov.au/register-search/,Portland Central Pharmacy,87 Percy Street,Portland,VIC,3305,"87 Percy Street, Portland VIC 3305",30/06/2027,Active,Standard registration conditions,3A Pharmacy Pty Ltd,30/06/2027,Active,Standard licence condition
vpa_public_register,2026-07-29T13:34:38.613Z,https://pharmacy.vic.gov.au/register-search/,Portland Central Pharmacy,87 Percy Street,Portland,VIC,3305,"87 Percy Street, Portland VIC 3305",30/06/2027,Active,Standard registration conditions,Chemistsavers Australia Pty Ltd,30/06/2027,Active,Standard licence condition
vpa_public_register,2026-07-29T13:34:38.613Z,https://pharmacy.vic.gov.au/register-search/,Portland Central Pharmacy,87 Percy Street,Portland,VIC,3305,"87 Percy Street, Portland VIC 3305",30/06/2027,Active,Standard registration conditions,Harbour Health Investments Pty Ltd,30/06/2027,Active,Standard licence condition
vpa_public_register,2026-07-29T13:34:38.613Z,https://pharmacy.vic.gov.au/register-search/,Portland Central Pharmacy,87 Percy Street,Portland,VIC,3305,"87 Percy Street, Portland VIC 3305",30/06/2027,Active,Standard registration conditions,Port Good Health Pty Ltd,30/06/2027,Active,Standard licence condition
vpa_public_register,2026-07-29T13:34:38.613Z,https://pharmacy.vic.gov.au/register-search/,Portland Community Pharmacy,73 Percy Street,Portland,VIC,3305,"73 Percy Street, Portland VIC 3305",30/06/2027,Active,Standard registration conditions,3A Pharmacy Pty Ltd,30/06/2027,Active,Standard licence condition
vpa_public_register,2026-07-29T13:34:38.613Z,https://pharmacy.vic.gov.au/register-search/,Portland Community Pharmacy,73 Percy Street,Portland,VIC,3305,"73 Percy Street, Portland VIC 3305",30/06/2027,Active,Standard registration conditions,Chemistsavers Australia Pty Ltd,30/06/2027,Active,Standard licence condition
vpa_public_register,2026-07-29T13:34:38.613Z,https://pharmacy.vic.gov.au/register-search/,Portland Community Pharmacy,73 Percy Street,Portland,VIC,3305,"73 Percy Street, Portland VIC 3305",30/06/2027,Active,Standard registration conditions,Harbour Health Investments Pty Ltd,30/06/2027,Active,Standard licence condition
vpa_public_register,2026-07-29T13:34:38.613Z,https://pharmacy.vic.gov.au/register-search/,Portland Community Pharmacy,73 Percy Street,Portland,VIC,3305,"73 Percy Street, Portland VIC 3305",30/06/2027,Active,Standard registration conditions,Pakington Enterprise Pty Ltd,30/06/2027,Active,Standard licence condition
vpa_public_register,2026-07-29T13:34:38.613Z,https://pharmacy.vic.gov.au/register-search/,South Portland Pharmacy,22 & 22A Barkly Street,PORTLAND,VIC,3305,"22 & 22A Barkly Street, PORTLAND VIC 3305",30/06/2027,Active,Standard registration conditions | Specific registration condition,Palm Pharma Pty Ltd,30/06/2027,Active,Standard licence condition
vpa_public_register,2026-07-29T13:34:38.613Z,https://pharmacy.vic.gov.au/register-search/,CASTERTON PHARMACY,93 Henty Street,Casterton,VIC,3311,"93 Henty Street, Casterton VIC 3311",30/06/2027,Active,Standard registration conditions,Hamill Pharmacy Pty Ltd,30/06/2027,Active,Standard licence condition
vpa_public_register,2026-07-29T13:34:38.613Z,https://pharmacy.vic.gov.au/register-search/,Coleraine Pharmacy,81B&C Whyte Street,Coleraine,VIC,3315,"81B&C Whyte Street, Coleraine VIC 3315",30/06/2027,Active,Standard registration conditions,Rural Pharmacies Pty  Ltd,30/06/2027,Active,Standard licence condition
vpa_public_register,2026-07-29T13:34:38.613Z,https://pharmacy.vic.gov.au/register-search/,Edenhope Pharmacy,60 Elizabeth Street,Edenhope,VIC,3318,"60 Elizabeth Street, Edenhope VIC 3318",30/06/2027,Active,Standard registration conditions,Phuong Xuan Tu,30/06/2027,Active,Standard licence condition
vpa_public_register,2026-07-29T13:34:38.613Z,https://pharmacy.vic.gov.au/register-search/,Inverleigh Pharmacy,Part of 17 High Street,Inverleigh,VIC,3321,"Part of 17 High Street, Inverleigh VIC 3321",30/06/2027,Active,Standard registration conditions,Lotus Pharmocare Pty Ltd,30/06/2027,Active,Standard licence condition
vpa_public_register,2026-07-29T13:34:38.613Z,https://pharmacy.vic.gov.au/register-search/,Lismore Community Pharmacy,32 High Street,LISMORE,VIC,3324,"32 High Street, LISMORE VIC 3324",30/06/2027,Active,Standard registration conditions,Bhagyaraj Singirikonda,30/06/2027,Active,Standard licence condition
vpa_public_register,2026-07-29T13:34:38.613Z,https://pharmacy.vic.gov.au/register-search/,Derrinallum Pharmacy,18 Main Street,DERRINALLUM,VIC,3325,"18 Main Street, DERRINALLUM VIC 3325",30/06/2027,Active,Standard registration conditions,Bhagyaraj Singirikonda,30/06/2027,Active,Standard licence condition
vpa_public_register,2026-07-29T13:34:38.613Z,https://pharmacy.vic.gov.au/register-search/,Teesdale Pharmacy,Shop 2/1071 Bannockburn-Shelford Road,TEESDALE,VIC,3328,"Shop 2/1071 Bannockburn-Shelford Road, TEESDALE VIC 3328",30/06/2027,Active,Standard registration conditions,David Truong,30/06/2027,Active,Standard licence condition
vpa_public_register,2026-07-29T13:34:38.613Z,https://pharmacy.vic.gov.au/register-search/,HealthEZ Pharmacy,"Shop 1, 55 Ferrars Street",Rokewood,VIC,3330,"Shop 1, 55 Ferrars Street, Rokewood VIC 3330",30/06/2027,Active,Standard registration conditions,Trident Pharma Pty Ltd,30/06/2027,Active,Standard licence condition
vpa_public_register,2026-07-29T13:34:38.613Z,https://pharmacy.vic.gov.au/register-search/,High Street Bannockburn Pharmacy,1 / 38 High Street,Bannockburn,VIC,3331,"1 / 38 High Street, Bannockburn VIC 3331",30/06/2027,Active,Standard registration conditions,High Street Bannockburn Pharmacy Pty Ltd,30/06/2027,Active,Standard licence condition
vpa_public_register,2026-07-29T13:34:38.613Z,https://pharmacy.vic.gov.au/register-search/,TerryWhite Chemmart Bannockburn Central,"Shop T03, Nardi Plaza, 17 McPhillips Road",Bannockburn,VIC,3331,"Shop T03, Nardi Plaza, 17 McPhillips Road, Bannockburn VIC 3331",30/06/2027,Active,Standard registration conditions,Damian Bennett & Scott Wilkes (Bannockburn Pharmacy) Pty Ltd,30/06/2027,Active,Standard licence condition
vpa_public_register,2026-07-29T13:34:38.613Z,https://pharmacy.vic.gov.au/register-search/,Healthline Pharmacy - Meredith,27 Staughton Street,Meredith,VIC,3333,"27 Staughton Street, Meredith VIC 3333",30/06/2027,Active,Standard registration conditions,Anitha Dudhani,30/06/2027,Active,Standard licence condition
vpa_public_register,2026-07-29T13:34:38.613Z,https://pharmacy.vic.gov.au/register-search/,TerryWhite Chemmart Woodlea,"Shop T14, Woodlea Town Centre, 2 Lim Way",AINTREE,VIC,3336,"Shop T14, Woodlea Town Centre, 2 Lim Way, AINTREE VIC 3336",30/06/2027,Active,Standard registration conditions,George Voulgaris,30/06/2027,Active,Standard licence condition
vpa_public_register,2026-07-29T13:34:38.613Z,https://pharmacy.vic.gov.au/register-search/,TerryWhite Chemmart Woodlea,"Shop T14, Woodlea Town Centre, 2 Lim Way",AINTREE,VIC,3336,"Shop T14, Woodlea Town Centre, 2 Lim Way, AINTREE VIC 3336",30/06/2027,Active,Standard registration conditions,Julian Daffy,30/06/2027,Active,Standard licence condition
vpa_public_register,2026-07-29T13:34:38.613Z,https://pharmacy.vic.gov.au/register-search/,Blooms The Chemist Melton,"Shop 12,, Woodgrove Shopping Centre",Melton,VIC,3337,"Shop 12,, Woodgrove Shopping Centre, Melton VIC 3337",30/06/2027,Active,Standard registration conditions,Ghosh Pharmacy (Melton) Pty Ltd,30/06/2027,Active,Standard licence condition
vpa_public_register,2026-07-29T13:34:38.613Z,https://pharmacy.vic.gov.au/register-search/,Blooms The Chemist Melton,"Shop 12,, Woodgrove Shopping Centre",Melton,VIC,3337,"Shop 12,, Woodgrove Shopping Centre, Melton VIC 3337",30/06/2027,Active,Standard registration conditions,KWMTX Pty Ltd,30/06/2027,Active,Standard licence condition
vpa_public_register,2026-07-29T13:34:38.613Z,https://pharmacy.vic.gov.au/register-search/,Blooms The Chemist Melton,"Shop 12,, Woodgrove Shopping Centre",Melton,VIC,3337,"Shop 12,, Woodgrove Shopping Centre, Melton VIC 3337",30/06/2027,Active,Standard registration conditions,Q Xin Pty Ltd,30/06/2027,Active,Standard licence condition
vpa_public_register,2026-07-29T13:34:38.613Z,https://pharmacy.vic.gov.au/register-search/,Blooms The Chemist Melton West,"Shop T111, Woodgrove Shopping Centre, 533-555 High Street",MELTON,VIC,3337,"Shop T111, Woodgrove Shopping Centre, 533-555 High Street, MELTON VIC 3337",30/06/2027,Active,Standard registration conditions,Ghosh Pharmacy (Melton) Pty Ltd,30/06/2027,Active,Standard licence condition
vpa_public_register,2026-07-29T13:34:38.613Z,https://pharmacy.vic.gov.au/register-search/,Blooms The Chemist Melton West,"Shop T111, Woodgrove Shopping Centre, 533-555 High Street",MELTON,VIC,3337,"Shop T111, Woodgrove Shopping Centre, 533-555 High Street, MELTON VIC 3337",30/06/2027,Active,Standard registration conditions,KWMTX Pty Ltd,30/06/2027,Active,Standard licence condition
vpa_public_register,2026-07-29T13:34:38.613Z,https://pharmacy.vic.gov.au/register-search/,Blooms The Chemist Melton West,"Shop T111, Woodgrove Shopping Centre, 533-555 High Street",MELTON,VIC,3337,"Shop T111, Woodgrove Shopping Centre, 533-555 High Street, MELTON VIC 3337",30/06/2027,Active,Standard registration conditions,Q Xin Pty Ltd,30/06/2027,Active,Standard licence condition
vpa_public_register,2026-07-29T13:34:38.613Z,https://pharmacy.vic.gov.au/register-search/,Chemist Discount Centre Melton,383 - 385 High Street,Melton,VIC,3337,"383 - 385 High Street, Melton VIC 3337",30/06/2027,Active,Standard registration conditions,Anthony Cox,30/06/2027,Active,Standard licence condition
vpa_public_register,2026-07-29T13:34:38.613Z,https://pharmacy.vic.gov.au/register-search/,Chemist Warehouse Coburns Central  Shopping Centre,"Shop 3, Coburns Central Shopping Centre, 523 - 531 High Street",Melton,VIC,3337,"Shop 3, Coburns Central Shopping Centre, 523 - 531 High Street, Melton VIC 3337",30/06/2027,Active,Standard registration conditions,Billy Banias,30/06/2027,Active,Standard licence condition
vpa_public_register,2026-07-29T13:34:38.613Z,https://pharmacy.vic.gov.au/register-search/,Chemist Warehouse Coburns Central  Shopping Centre,"Shop 3, Coburns Central Shopping Centre, 523 - 531 High Street",Melton,VIC,3337,"Shop 3, Coburns Central Shopping Centre, 523 - 531 High Street, Melton VIC 3337",30/06/2027,Active,Standard registration conditions,Themis Glezakos,30/06/2027,Active,Standard licence condition
vpa_public_register,2026-07-29T13:34:38.613Z,https://pharmacy.vic.gov.au/register-search/,CHEMIST WAREHOUSE MELTON,"Unit 3 & 4, Melton Gate Way, 66 - 84 High Street",Melton,VIC,3337,"Unit 3 & 4, Melton Gate Way, 66 - 84 High Street, Melton VIC 3337",30/06/2027,Active,Standard registration conditions,Chris Banias,30/06/2027,Active,Standard licence condition
vpa_public_register,2026-07-29T13:34:38.613Z,https://pharmacy.vic.gov.au/register-search/,CHEMIST WAREHOUSE MELTON,"Unit 3 & 4, Melton Gate Way, 66 - 84 High Street",Melton,VIC,3337,"Unit 3 & 4, Melton Gate Way, 66 - 84 High Street, Melton VIC 3337",30/06/2027,Active,Standard registration conditions,Themis Glezakos,30/06/2027,Active,Standard licence condition
vpa_public_register,2026-07-29T13:34:38.613Z,https://pharmacy.vic.gov.au/register-search/,Melton Central UFS Pharmacy,"Shop 5A-6,, Central Walk Shopping Centre",Melton,VIC,3337,"Shop 5A-6,, Central Walk Shopping Centre, Melton VIC 3337",30/06/2027,Active,Standard registration conditions,UFS Healthcare Ltd,30/06/2027,Active,Standard licence condition
vpa_public_register,2026-07-29T13:34:38.613Z,https://pharmacy.vic.gov.au/register-search/,MELTON HEALTH PHARMACY DEPARTMENT,195-209 Barries Road,Melton West,VIC,3337,"195-209 Barries Road, Melton West VIC 3337",30/06/2027,Active,,WESTERN HEALTH,30/06/2027,Active,Standard licence condition
vpa_public_register,2026-07-29T13:34:38.613Z,https://pharmacy.vic.gov.au/register-search/,MELTON PHARMACY,"Shop 2, 211 Barries Road",Melton,VIC,3337,"Shop 2, 211 Barries Road, Melton VIC 3337",30/06/2027,Active,Standard registration conditions,Scott Davis,30/06/2027,Active,Standard licence condition
vpa_public_register,2026-07-29T13:34:38.613Z,https://pharmacy.vic.gov.au/register-search/,RON DAVIS PHARMACY,308-312 High Street,Melton,VIC,3337,"308-312 High Street, Melton VIC 3337",30/06/2027,Active,Standard registration conditions,Scott Davis,30/06/2027,Active,Standard licence condition
vpa_public_register,2026-07-29T13:34:38.613Z,https://pharmacy.vic.gov.au/register-search/,Chemist Warehouse Melton South,"Tenancy CW, Opalia Plaza",MELTON SOUTH,VIC,3338,"Tenancy CW, Opalia Plaza, MELTON SOUTH VIC 3338",30/06/2027,Active,Standard registration conditions,Billy Banias,30/06/2027,Active,Standard licence condition
vpa_public_register,2026-07-29T13:34:38.613Z,https://pharmacy.vic.gov.au/register-search/,Chemist Warehouse Melton South,"Tenancy CW, Opalia Plaza",MELTON SOUTH,VIC,3338,"Tenancy CW, Opalia Plaza, MELTON SOUTH VIC 3338",30/06/2027,Active,Standard registration conditions,Themis Glezakos,30/06/2027,Active,Standard licence condition
vpa_public_register,2026-07-29T13:34:38.613Z,https://pharmacy.vic.gov.au/register-search/,Direct Chemist Outlet Cobblebank,"Shop 6, Cobblebank Village, 201 Ferris Road",COBBLEBANK,VIC,3338,"Shop 6, Cobblebank Village, 201 Ferris Road, COBBLEBANK VIC 3338",30/06/2027,Active,Standard registration conditions,Cobble Pharmacy Pty Ltd,30/06/2027,Active,Standard licence condition
vpa_public_register,2026-07-29T13:34:38.613Z,https://pharmacy.vic.gov.au/register-search/,Direct Chemist Outlet Cobblebank,"Shop 6, Cobblebank Village, 201 Ferris Road",COBBLEBANK,VIC,3338,"Shop 6, Cobblebank Village, 201 Ferris Road, COBBLEBANK VIC 3338",30/06/2027,Active,Standard registration conditions,Ferris Pharmacy Pty Ltd,30/06/2027,Active,Standard licence condition
vpa_public_register,2026-07-29T13:34:38.613Z,https://pharmacy.vic.gov.au/register-search/,Direct Chemist Outlet Cobblebank,"Shop 6, Cobblebank Village, 201 Ferris Road",COBBLEBANK,VIC,3338,"Shop 6, Cobblebank Village, 201 Ferris Road, COBBLEBANK VIC 3338",30/06/2027,Active,Standard registration conditions,First Peak Pty Ltd,30/06/2027,Active,Standard licence condition
vpa_public_register,2026-07-29T13:34:38.613Z,https://pharmacy.vic.gov.au/register-search/,Direct Chemist Outlet Cobblebank,"Shop 6, Cobblebank Village, 201 Ferris Road",COBBLEBANK,VIC,3338,"Shop 6, Cobblebank Village, 201 Ferris Road, COBBLEBANK VIC 3338",30/06/2027,Active,Standard registration conditions,Paul Bereznicki,30/06/2027,Active,Standard licence condition
vpa_public_register,2026-07-29T13:34:38.613Z,https://pharmacy.vic.gov.au/register-search/,Melton  South UFS Pharmacy,"Shop 11, 11 - 25 Station Road",MELTON SOUTH,VIC,3338,"Shop 11, 11 - 25 Station Road, MELTON SOUTH VIC 3338",30/06/2027,Active,Standard registration conditions,UFS Healthcare Ltd,30/06/2027,Active,Standard licence condition
vpa_public_register,2026-07-29T13:34:38.613Z,https://pharmacy.vic.gov.au/register-search/,Advantage Darley Plaza Pharmacy,"Shop 5, Darley Plaza, 151 Gisborne Road",Darley,VIC,3340,"Shop 5, Darley Plaza, 151 Gisborne Road, Darley VIC 3340",30/06/2027,Active,Standard registration conditions,Darley Pharmacy Pty Ltd,30/06/2027,Active,Standard licence condition
vpa_public_register,2026-07-29T13:34:38.613Z,https://pharmacy.vic.gov.au/register-search/,Bacchus Marsh UFS Pharmacy,25-27 Grant Street,Bacchus Marsh,VIC,3340,"25-27 Grant Street, Bacchus Marsh VIC 3340",30/06/2027,Active,Standard registration conditions,UFS Healthcare Ltd,30/06/2027,Active,Standard licence condition
vpa_public_register,2026-07-29T13:34:38.613Z,https://pharmacy.vic.gov.au/register-search/,Bacchus Marsh Village UFS Pharmacy,"Shop 66 Bacchus Marsh Village S/C, Main Street",BACCHUS MARSH,VIC,3340,"Shop 66 Bacchus Marsh Village S/C, Main Street, BACCHUS MARSH VIC 3340",30/06/2027,Active,Standard registration conditions,UFS Healthcare Ltd,30/06/2027,Active,Standard licence condition
vpa_public_register,2026-07-29T13:34:38.613Z,https://pharmacy.vic.gov.au/register-search/,TerryWhite Chemmart Maddingley,Part of 4 O'Leary Way,MADDINGLEY,VIC,3340,"Part of 4 O'Leary Way, MADDINGLEY VIC 3340",30/06/2027,Active,Standard registration conditions,Millwell Pharmacy BM Pty Ltd,30/06/2027,Active,Standard licence condition
vpa_public_register,2026-07-29T13:34:38.613Z,https://pharmacy.vic.gov.au/register-search/,Ballan UFS Pharmacy,"Ground Floor, 121 Inglis Street",Ballan,VIC,3342,"Ground Floor, 121 Inglis Street, Ballan VIC 3342",30/06/2027,Active,Standard registration conditions,WESTERN VICTORIAN UFS DISPENSARIES LTD,30/06/2027,Active,Standard licence condition
vpa_public_register,2026-07-29T13:34:38.613Z,https://pharmacy.vic.gov.au/register-search/,Gordon Pharmacy,56 Urquhart Street,Gordon,VIC,3345,"56 Urquhart Street, Gordon VIC 3345",30/06/2027,Active,Standard registration conditions,George Shehata,30/06/2027,Active,Standard licence condition
vpa_public_register,2026-07-29T13:34:38.613Z,https://pharmacy.vic.gov.au/register-search/,Blooms the Chemist Ballarat North,"Shop 8,, 1113 Doveton Street",NORTH BALLARAT,VIC,3350,"Shop 8,, 1113 Doveton Street, NORTH BALLARAT VIC 3350",30/06/2027,Active,Standard registration conditions,Abhijit Ghosh Pharmacy Operations Pty Ltd,30/06/2027,Active,Standard licence condition
vpa_public_register,2026-07-29T13:34:38.613Z,https://pharmacy.vic.gov.au/register-search/,Blooms the Chemist Ballarat North,"Shop 8,, 1113 Doveton Street",NORTH BALLARAT,VIC,3350,"Shop 8,, 1113 Doveton Street, NORTH BALLARAT VIC 3350",30/06/2027,Active,Standard registration conditions,Wu Family Pharmacies Pty Ltd,30/06/2027,Active,Standard licence condition
vpa_public_register,2026-07-29T13:34:38.613Z,https://pharmacy.vic.gov.au/register-search/,Bridge Mall UFS Pharmacy,12-14 Bridge Mall,Ballarat Central,VIC,3350,"12-14 Bridge Mall, Ballarat Central VIC 3350",30/06/2027,Active,Standard registration conditions,UFS Healthcare Ltd,30/06/2027,Active,Standard licence condition
vpa_public_register,2026-07-29T13:34:38.613Z,https://pharmacy.vic.gov.au/register-search/,CHEMIST WAREHOUSE ALFREDTON,1607A - 1609A Sturt Street,Alfredton,VIC,3350,"1607A - 1609A Sturt Street, Alfredton VIC 3350",30/06/2027,Active,Standard registration conditions,Damien Gance,30/06/2027,Active,Standard licence condition
vpa_public_register,2026-07-29T13:34:38.613Z,https://pharmacy.vic.gov.au/register-search/,CHEMIST WAREHOUSE ALFREDTON,1607A - 1609A Sturt Street,Alfredton,VIC,3350,"1607A - 1609A Sturt Street, Alfredton VIC 3350",30/06/2027,Active,Standard registration conditions,Robert Cleary,30/06/2027,Active,Standard licence condition
vpa_public_register,2026-07-29T13:34:38.613Z,https://pharmacy.vic.gov.au/register-search/,Chemist Warehouse Ballarat East,"Retail Store 2, Ballarat East Shopping Centre, 200 Victoria Street",Ballarat East,VIC,3350,"Retail Store 2, Ballarat East Shopping Centre, 200 Victoria Street, Ballarat East VIC 3350",30/06/2027,Active,Standard registration conditions,Pharmacy O2378 Pty Ltd,30/06/2027,Active,Standard licence condition
vpa_public_register,2026-07-29T13:34:38.613Z,https://pharmacy.vic.gov.au/register-search/,CRAWFORD'S PHARMACY,1342 Sturt Street,Ballarat,VIC,3350,"1342 Sturt Street, Ballarat VIC 3350",30/06/2027,Active,Standard registration conditions,Craig Trembath,30/06/2027,Active,Standard licence condition
vpa_public_register,2026-07-29T13:34:38.613Z,https://pharmacy.vic.gov.au/register-search/,CRAWFORD'S PHARMACY,1342 Sturt Street,Ballarat,VIC,3350,"1342 Sturt Street, Ballarat VIC 3350",30/06/2027,Active,Standard registration conditions,Susan Trembath,30/06/2027,Active,Standard licence condition
vpa_public_register,2026-07-29T13:34:38.613Z,https://pharmacy.vic.gov.au/register-search/,Direct Chemist Outlet Alfredton,"Tenancy 3, 1730 Sturt Street",ALFREDTON,VIC,3350,"Tenancy 3, 1730 Sturt Street, ALFREDTON VIC 3350",30/06/2027,Active,Standard registration conditions,Be Pharmacy Services Pty Ltd,30/06/2027,Active,Standard licence condition
vpa_public_register,2026-07-29T13:34:38.613Z,https://pharmacy.vic.gov.au/register-search/,Direct Chemist Outlet Wendouree,1019 - 1021 Howitt Street,Ballarat,VIC,3350,"1019 - 1021 Howitt Street, Ballarat VIC 3350",30/06/2027,Active,Standard registration conditions,Be Pharmacy Services Pty Ltd,30/06/2027,Active,Standard licence condition
vpa_public_register,2026-07-29T13:34:38.613Z,https://pharmacy.vic.gov.au/register-search/,Doveton Street South UFS Pharmacy,"Shops 1 & 2, The Block Arcade, Doveton Street South",BALLARAT,VIC,3350,"Shops 1 & 2, The Block Arcade, Doveton Street South, BALLARAT VIC 3350",30/06/2027,Active,Standard registration conditions,WESTERN VICTORIAN UFS DISPENSARIES LTD,30/06/2027,Active,Standard licence condition
vpa_public_register,2026-07-29T13:34:38.613Z,https://pharmacy.vic.gov.au/register-search/,Doveton Street UFS Pharmacy,202 Doveton Street North,Ballarat,VIC,3350,"202 Doveton Street North, Ballarat VIC 3350",30/06/2027,Active,Standard registration conditions,UFS Healthcare Ltd,30/06/2027,Active,Standard licence condition
vpa_public_register,2026-07-29T13:34:38.613Z,https://pharmacy.vic.gov.au/register-search/,EUREKA MEDICAL CENTRE PHARMACY,"Shop 1, Ground floor, 14 Albert Street",Ballarat,VIC,3350,"Shop 1, Ground floor, 14 Albert Street, Ballarat VIC 3350",30/06/2027,Active,Standard registration conditions,DHMO Pty Ltd,30/06/2027,Active,Standard licence condition
vpa_public_register,2026-07-29T13:34:38.613Z,https://pharmacy.vic.gov.au/register-search/,Grampians Health (Ballarat Site) Pharmacy Department,1 Drummond Street North,BALLARAT,VIC,3350,"1 Drummond Street North, BALLARAT VIC 3350",30/06/2027,Active,,BALLARAT HEALTH SERVICES,30/06/2027,Active,Standard licence condition
vpa_public_register,2026-07-29T13:34:38.613Z,https://pharmacy.vic.gov.au/register-search/,Lucas UFS Pharmacy,"Shop 1, Coltman Plaza Lucas, 6 Coltman Plaza",Lucas,VIC,3350,"Shop 1, Coltman Plaza Lucas, 6 Coltman Plaza, Lucas VIC 3350",30/06/2027,Active,Standard registration conditions,UFS Healthcare Ltd,30/06/2027,Active,Standard licence condition
vpa_public_register,2026-07-29T13:34:38.613Z,https://pharmacy.vic.gov.au/register-search/,MT CLEAR UFS PHARMACY,"Shop 1, Midvale Shopping Centre, 1172 Geelong Road",Mt Clear,VIC,3350,"Shop 1, Midvale Shopping Centre, 1172 Geelong Road, Mt Clear VIC 3350",30/06/2027,Active,Standard registration conditions,UFS Healthcare Ltd,30/06/2027,Active,Standard licence condition
vpa_public_register,2026-07-29T13:34:38.613Z,https://pharmacy.vic.gov.au/register-search/,ST JOHN OF GOD HEALTH CARE PHARMACY DEPARTMENT,101 Drummond Street North,Ballarat,VIC,3350,"101 Drummond Street North, Ballarat VIC 3350",30/06/2027,Active,,ST JOHN OF GOD HEALTH CARE INC,30/06/2027,Active,Standard licence condition
vpa_public_register,2026-07-29T13:34:38.613Z,https://pharmacy.vic.gov.au/register-search/,STURT STREET UFS PHARMACY,717 Sturt Street,Ballarat,VIC,3350,"717 Sturt Street, Ballarat VIC 3350",30/06/2027,Active,Standard registration conditions,UFS Healthcare Ltd,30/06/2027,Active,Standard licence condition
vpa_public_register,2026-07-29T13:34:38.613Z,https://pharmacy.vic.gov.au/register-search/,Sturt Street West UFS Pharmacy,1010 Sturt Street,BALLARAT,VIC,3350,"1010 Sturt Street, BALLARAT VIC 3350",30/06/2027,Active,Standard registration conditions,WESTERN VICTORIAN UFS DISPENSARIES LTD,30/06/2027,Active,Standard licence condition
vpa_public_register,2026-07-29T13:34:38.613Z,https://pharmacy.vic.gov.au/register-search/,VICTORIA STREET UFS PHARMACY,69 Victoria Street,Ballarat,VIC,3350,"69 Victoria Street, Ballarat VIC 3350",30/06/2027,Active,Standard registration conditions,UFS Healthcare Ltd,30/06/2027,Active,Standard licence condition
vpa_public_register,2026-07-29T13:34:38.613Z,https://pharmacy.vic.gov.au/register-search/,Smythesdale Pharmacy,"Shop 1, 19 Heales Street",Smythesdale,VIC,3351,"Shop 1, 19 Heales Street, Smythesdale VIC 3351",30/06/2027,Active,Standard registration conditions,EBGE Pty Ltd,30/06/2027,Active,Standard licence condition
vpa_public_register,2026-07-29T13:34:38.613Z,https://pharmacy.vic.gov.au/register-search/,Chemist Warehouse Ballarat Health Co.,"Tenancy T3, Ballarat Health Co, 21 - 53 Learmonth Road",Wendouree,VIC,3355,"Tenancy T3, Ballarat Health Co, 21 - 53 Learmonth Road, Wendouree VIC 3355",30/06/2027,Active,Standard registration conditions,Pharmacy O2377 Pty Ltd,30/06/2027,Active,Standard licence condition
vpa_public_register,2026-07-29T13:34:38.613Z,https://pharmacy.vic.gov.au/register-search/,Direct Chemist Outlet Thornhill Park,"Shop T.A06, Building A, The Central Thornhill Park, 2 Sadie Avenue",Thornhill Park,VIC,3355,"Shop T.A06, Building A, The Central Thornhill Park, 2 Sadie Avenue, Thornhill Park VIC 3355",30/06/2027,Active,Standard registration conditions,PD Pharmaceuticals Thornhill Pty Ltd,30/06/2027,Active,Standard licence condition
vpa_public_register,2026-07-29T13:34:38.613Z,https://pharmacy.vic.gov.au/register-search/,Prospect Compounding Pharmacy,904 Howitt Street,Wendouree,VIC,3355,"904 Howitt Street, Wendouree VIC 3355",30/06/2027,Active,Standard registration conditions,Prospect Compounding Pty Ltd,30/06/2027,Active,Standard licence condition
vpa_public_register,2026-07-29T13:34:38.613Z,https://pharmacy.vic.gov.au/register-search/,Ramsay Pharmacy Wendouree,"Shop 101, Stockland Wendouree, Gillies Street",WENDOUREE,VIC,3355,"Shop 101, Stockland Wendouree, Gillies Street, WENDOUREE VIC 3355",30/06/2027,Active,Standard registration conditions,Pharmire Pty Ltd,30/06/2027,Active,Standard licence condition
vpa_public_register,2026-07-29T13:34:38.613Z,https://pharmacy.vic.gov.au/register-search/,Ramsay Pharmacy Wendouree Shopping Centre,"Shop 73 Stockland Wendouree, Gillies Street",Wendouree,VIC,3355,"Shop 73 Stockland Wendouree, Gillies Street, Wendouree VIC 3355",30/06/2027,Active,Standard registration conditions,Pharmire Pty Ltd,30/06/2027,Active,Standard licence condition
vpa_public_register,2026-07-29T13:34:38.613Z,https://pharmacy.vic.gov.au/register-search/,WENDOUREE UFS PHARMACY,1207 Howitt Street,Wendouree,VIC,3355,"1207 Howitt Street, Wendouree VIC 3355",30/06/2027,Active,Standard registration conditions,UFS Healthcare Ltd,30/06/2027,Active,Standard licence condition
vpa_public_register,2026-07-29T13:34:38.613Z,https://pharmacy.vic.gov.au/register-search/,Chemist Warehouse Sebastopol,"Tenancy 1, 112 - 114 Albert Street",SEBASTOPOL,VIC,3356,"Tenancy 1, 112 - 114 Albert Street, SEBASTOPOL VIC 3356",30/06/2027,Active,Standard registration conditions,Robert Cleary,30/06/2027,Active,Standard licence condition
vpa_public_register,2026-07-29T13:34:38.613Z,https://pharmacy.vic.gov.au/register-search/,Delacombe UFS Pharmacy,830 La Trobe Street,Delacombe,VIC,3356,"830 La Trobe Street, Delacombe VIC 3356",30/06/2027,Active,Standard registration conditions,UFS Healthcare Ltd,30/06/2027,Active,Standard licence condition
vpa_public_register,2026-07-29T13:34:38.613Z,https://pharmacy.vic.gov.au/register-search/,Direct Chemist Outlet Delacombe,"T15 Delacombe Town Centre, 315 Glenelg Highway",DELACOMBE,VIC,3356,"T15 Delacombe Town Centre, 315 Glenelg Highway, DELACOMBE VIC 3356",30/06/2027,Active,Standard registration conditions,David Philippi,30/06/2027,Active,Standard licence condition
vpa_public_register,2026-07-29T13:34:38.613Z,https://pharmacy.vic.gov.au/register-search/,Direct Chemist Outlet Delacombe,"T15 Delacombe Town Centre, 315 Glenelg Highway",DELACOMBE,VIC,3356,"T15 Delacombe Town Centre, 315 Glenelg Highway, DELACOMBE VIC 3356",30/06/2027,Active,Standard registration conditions,Hien Nguyen,30/06/2027,Active,Standard licence condition
vpa_public_register,2026-07-29T13:34:38.613Z,https://pharmacy.vic.gov.au/register-search/,Direct Chemist Outlet Delacombe,"T15 Delacombe Town Centre, 315 Glenelg Highway",DELACOMBE,VIC,3356,"T15 Delacombe Town Centre, 315 Glenelg Highway, DELACOMBE VIC 3356",30/06/2027,Active,Standard registration conditions,Nam-Tran Tran-Dinh,30/06/2027,Active,Standard licence condition
vpa_public_register,2026-07-29T13:34:38.613Z,https://pharmacy.vic.gov.au/register-search/,Direct Chemist Outlet Delacombe,"T15 Delacombe Town Centre, 315 Glenelg Highway",DELACOMBE,VIC,3356,"T15 Delacombe Town Centre, 315 Glenelg Highway, DELACOMBE VIC 3356",30/06/2027,Active,Standard registration conditions,Phoang Pty Ltd,30/06/2027,Active,Standard licence condition
vpa_public_register,2026-07-29T13:34:38.613Z,https://pharmacy.vic.gov.au/register-search/,Sebastopol UFS Pharmacy,37 - 39 Albert Street,Sebastopol,VIC,3356,"37 - 39 Albert Street, Sebastopol VIC 3356",30/06/2027,Active,Standard registration conditions,UFS Healthcare Ltd,30/06/2027,Active,Standard licence condition
vpa_public_register,2026-07-29T13:34:38.613Z,https://pharmacy.vic.gov.au/register-search/,BUNINYONG UFS PHARMACY,316 Learmonth Street,Buninyong,VIC,3357,"316 Learmonth Street, Buninyong VIC 3357",30/06/2027,Active,Standard registration conditions,UFS Healthcare Ltd,30/06/2027,Active,Standard licence condition
vpa_public_register,2026-07-29T13:34:38.613Z,https://pharmacy.vic.gov.au/register-search/,Skipton Pharmacy,17 Montgomery Street,SKIPTON,VIC,3361,"17 Montgomery Street, SKIPTON VIC 3361",30/06/2027,Active,Standard registration conditions,Himanshu Kackar,30/06/2027,Active,Standard licence condition
vpa_public_register,2026-07-29T13:34:38.613Z,https://pharmacy.vic.gov.au/register-search/,Creswick Pharmacy,58 Albert Street,Creswick,VIC,3363,"58 Albert Street, Creswick VIC 3363",30/06/2027,Active,Standard registration conditions,Jeffrey Unmack,30/06/2027,Active,Standard licence condition
vpa_public_register,2026-07-29T13:34:38.613Z,https://pharmacy.vic.gov.au/register-search/,CLUNES PHARMACY,59 Fraser Street,Clunes,VIC,3370,"59 Fraser Street, Clunes VIC 3370",30/06/2027,Active,Standard registration conditions,Jeffrey Unmack,30/06/2027,Active,Standard licence condition
vpa_public_register,2026-07-29T13:34:38.613Z,https://pharmacy.vic.gov.au/register-search/,BEAUFORT UFS PHARMACY,62-64 Neill Street,Beaufort,VIC,3373,"62-64 Neill Street, Beaufort VIC 3373",30/06/2027,Active,Standard registration conditions,UFS Healthcare Ltd,30/06/2027,Active,Standard licence condition
vpa_public_register,2026-07-29T13:34:38.613Z,https://pharmacy.vic.gov.au/register-search/,Blooms The Chemist Ararat,137 Barkly Street,Ararat,VIC,3377,"137 Barkly Street, Ararat VIC 3377",30/06/2027,Active,Standard registration conditions,Jason Hosemans,30/06/2027,Active,Standard licence condition
vpa_public_register,2026-07-29T13:34:38.613Z,https://pharmacy.vic.gov.au/register-search/,Blooms The Chemist Ararat,137 Barkly Street,Ararat,VIC,3377,"137 Barkly Street, Ararat VIC 3377",30/06/2027,Active,Standard registration conditions,Leslie Pharmacy (Ararat) Pty Ltd,30/06/2027,Active,Standard licence condition
vpa_public_register,2026-07-29T13:34:38.613Z,https://pharmacy.vic.gov.au/register-search/,Hope Pharmacy - Great Western,96 Main Street,GREAT WESTERN,VIC,3377,"96 Main Street, GREAT WESTERN VIC 3377",30/06/2027,Active,Standard registration conditions,Monica Rafla,30/06/2027,Active,Standard licence condition
vpa_public_register,2026-07-29T13:34:38.613Z,https://pharmacy.vic.gov.au/register-search/,PRICELINE PHARMACY ARARAT,117 - 119 Barkly Street,Ararat,VIC,3377,"117 - 119 Barkly Street, Ararat VIC 3377",30/06/2027,Active,Standard registration conditions,Fiona Cochrane Pharmacy Pty Ltd,30/06/2027,Active,Standard licence condition
vpa_public_register,2026-07-29T13:34:38.613Z,https://pharmacy.vic.gov.au/register-search/,Trident Pharmacy Willaura,63 Main Street,WILLAURA,VIC,3379,"63 Main Street, WILLAURA VIC 3379",30/06/2027,Active,Standard registration conditions,Som & Giri Pharmacy Pty Ltd,30/06/2027,Active,Standard licence condition
vpa_public_register,2026-07-29T13:34:38.613Z,https://pharmacy.vic.gov.au/register-search/,GRAMPIANS PHARMACY,93-95 Main Street,STAWELL,VIC,3380,"93-95 Main Street, STAWELL VIC 3380",30/06/2027,Active,Standard registration conditions,Amarsi Stawell Pharmacy Pty Ltd,30/06/2027,Active,Standard licence condition
vpa_public_register,2026-07-29T13:34:38.613Z,https://pharmacy.vic.gov.au/register-search/,GRAMPIANS PHARMACY,93-95 Main Street,STAWELL,VIC,3380,"93-95 Main Street, STAWELL VIC 3380",30/06/2027,Active,Standard registration conditions,Devonport Chemists Pty Ltd,30/06/2027,Active,Standard licence condition
vpa_public_register,2026-07-29T13:34:38.613Z,https://pharmacy.vic.gov.au/register-search/,GRAMPIANS PHARMACY,93-95 Main Street,STAWELL,VIC,3380,"93-95 Main Street, STAWELL VIC 3380",30/06/2027,Active,Standard registration conditions,Stawell Pharmacy Group Pty Ltd,30/06/2027,Active,Standard licence condition
vpa_public_register,2026-07-29T13:34:38.613Z,https://pharmacy.vic.gov.au/register-search/,STAWELL PHARMACY,104-106 Main Street,STAWELL,VIC,3380,"104-106 Main Street, STAWELL VIC 3380",30/06/2027,Active,Standard registration conditions,Amarsi Stawell Pharmacy Pty Ltd,30/06/2027,Active,Standard licence condition
vpa_public_register,2026-07-29T13:34:38.613Z,https://pharmacy.vic.gov.au/register-search/,STAWELL PHARMACY,104-106 Main Street,STAWELL,VIC,3380,"104-106 Main Street, STAWELL VIC 3380",30/06/2027,Active,Standard registration conditions,Devonport Chemists Pty Ltd,30/06/2027,Active,Standard licence condition
vpa_public_register,2026-07-29T13:34:38.613Z,https://pharmacy.vic.gov.au/register-search/,STAWELL PHARMACY,104-106 Main Street,STAWELL,VIC,3380,"104-106 Main Street, STAWELL VIC 3380",30/06/2027,Active,Standard registration conditions,Stawell Pharmacy Group Pty Ltd,30/06/2027,Active,Standard licence condition
vpa_public_register,2026-07-29T13:34:38.613Z,https://pharmacy.vic.gov.au/register-search/,DEPOT FOR GRAMPIANS PHARMACY,Main Road,Halls Gap,VIC,3381,"Main Road, Halls Gap VIC 3381",30/06/2027,Active,,,,,
vpa_public_register,2026-07-29T13:34:38.613Z,https://pharmacy.vic.gov.au/register-search/,Halls Gap Fair Price Chemist,Shop 9 / 97 Grampians Road,Halls Gap,VIC,3381,"Shop 9 / 97 Grampians Road, Halls Gap VIC 3381",30/06/2027,Active,Standard registration conditions,Mark Rafla,30/06/2027,Active,Standard licence condition
vpa_public_register,2026-07-29T13:34:38.613Z,https://pharmacy.vic.gov.au/register-search/,Murtoa  Community Pharmacy,Part of 28 Marma Street,Murtoa,VIC,3390,"Part of 28 Marma Street, Murtoa VIC 3390",30/06/2027,Active,Standard registration conditions,Murtoa Pharmacy Pty Ltd,30/06/2027,Active,Standard licence condition
vpa_public_register,2026-07-29T13:34:38.613Z,https://pharmacy.vic.gov.au/register-search/,DEPOT FOR WARRACKNABEAL PHARMACY,81 Main Street,MINYIP,VIC,3392,"81 Main Street, MINYIP VIC 3392",30/06/2027,Active,,,,,
vpa_public_register,2026-07-29T13:34:38.613Z,https://pharmacy.vic.gov.au/register-search/,RURAL NORTHWEST HEALTH PHARMACY DEPARTMENT,Dimboola Road,Warracknabeal,VIC,3393,"Dimboola Road, Warracknabeal VIC 3393",30/06/2026,Active,,RURAL NORTHWEST HEALTH,30/06/2027,Active,Standard licence condition
vpa_public_register,2026-07-29T13:34:38.613Z,https://pharmacy.vic.gov.au/register-search/,WARRACKNABEAL  PHARMACY,106 - 108 Scott Street,Warracknabeal,VIC,3393,"106 - 108 Scott Street, Warracknabeal VIC 3393",30/06/2027,Active,Standard registration conditions,CERRALUM PTY LTD,30/06/2027,Active,Standard licence condition
vpa_public_register,2026-07-29T13:34:38.613Z,https://pharmacy.vic.gov.au/register-search/,WARRACKNABEAL  PHARMACY,106 - 108 Scott Street,Warracknabeal,VIC,3393,"106 - 108 Scott Street, Warracknabeal VIC 3393",30/06/2027,Active,Standard registration conditions,DOTUSMAXIMUS PTY LTD,30/06/2027,Active,Standard licence condition
vpa_public_register,2026-07-29T13:34:38.613Z,https://pharmacy.vic.gov.au/register-search/,WARRACKNABEAL  PHARMACY,106 - 108 Scott Street,Warracknabeal,VIC,3393,"106 - 108 Scott Street, Warracknabeal VIC 3393",30/06/2027,Active,Standard registration conditions,GEORGE SPYROPOULOS PTY LTD,30/06/2027,Active,Standard licence condition
vpa_public_register,2026-07-29T13:34:38.613Z,https://pharmacy.vic.gov.au/register-search/,WARRACKNABEAL  PHARMACY,106 - 108 Scott Street,Warracknabeal,VIC,3393,"106 - 108 Scott Street, Warracknabeal VIC 3393",30/06/2027,Active,Standard registration conditions,PHARMACY INVEST PTY LTD,30/06/2027,Active,Standard licence condition
vpa_public_register,2026-07-29T13:34:38.613Z,https://pharmacy.vic.gov.au/register-search/,WARRACKNABEAL  PHARMACY,106 - 108 Scott Street,Warracknabeal,VIC,3393,"106 - 108 Scott Street, Warracknabeal VIC 3393",30/06/2027,Active,Standard registration conditions,Thy Ly,30/06/2027,Active,Standard licence condition
vpa_public_register,2026-07-29T13:34:38.613Z,https://pharmacy.vic.gov.au/register-search/,MALLEE PHARMACY,18 Austin Street,Hopetoun,VIC,3396,"18 Austin Street, Hopetoun VIC 3396",30/06/2027,Active,Standard registration conditions,Kovoor Pharmacy Pty Ltd,30/06/2027,Active,Standard licence condition
vpa_public_register,2026-07-29T13:34:38.613Z,https://pharmacy.vic.gov.au/register-search/,Grampians Health Horsham & Dimboola Pharmacy Department,83 Baillie Street,Horsham,VIC,3400,"83 Baillie Street, Horsham VIC 3400",30/06/2027,Active,,Grampians Health,30/06/2027,Active,Standard licence condition
vpa_public_register,2026-07-29T13:34:38.613Z,https://pharmacy.vic.gov.au/register-search/,HORSHAM AMCAL PHARMACY,96-98 Firebrace Street,HORSHAM,VIC,3400,"96-98 Firebrace Street, HORSHAM VIC 3400",30/06/2027,Active,Standard registration conditions,Bianca Inkster,30/06/2027,Active,Standard licence condition
vpa_public_register,2026-07-29T13:34:38.613Z,https://pharmacy.vic.gov.au/register-search/,HORSHAM AMCAL PHARMACY,96-98 Firebrace Street,HORSHAM,VIC,3400,"96-98 Firebrace Street, HORSHAM VIC 3400",30/06/2027,Active,Standard registration conditions,Bianca Inkster Pty Ltd,30/06/2027,Active,Standard licence condition
vpa_public_register,2026-07-29T13:34:38.613Z,https://pharmacy.vic.gov.au/register-search/,HORSHAM AMCAL PHARMACY,96-98 Firebrace Street,HORSHAM,VIC,3400,"96-98 Firebrace Street, HORSHAM VIC 3400",30/06/2027,Active,Standard registration conditions,Carlie Streeter,30/06/2027,Active,Standard licence condition
vpa_public_register,2026-07-29T13:34:38.613Z,https://pharmacy.vic.gov.au/register-search/,HORSHAM AMCAL PHARMACY,96-98 Firebrace Street,HORSHAM,VIC,3400,"96-98 Firebrace Street, HORSHAM VIC 3400",30/06/2027,Active,Standard registration conditions,Carlie Streeter Pty Ltd,30/06/2027,Active,Standard licence condition
vpa_public_register,2026-07-29T13:34:38.613Z,https://pharmacy.vic.gov.au/register-search/,Instant Scripts Pharmacy Health Hub Horsham,1A Madden Street,HORSHAM,VIC,3400,"1A Madden Street, HORSHAM VIC 3400",30/06/2027,Active,Standard registration conditions,CBM Pharm Pty Ltd,30/06/2027,Active,Standard licence condition
vpa_public_register,2026-07-29T13:34:38.613Z,https://pharmacy.vic.gov.au/register-search/,Instant Scripts Pharmacy Health Hub Horsham,1A Madden Street,HORSHAM,VIC,3400,"1A Madden Street, HORSHAM VIC 3400",30/06/2027,Active,Standard registration conditions,Dawn Pharmacies Pty Ltd,30/06/2027,Active,Standard licence condition
vpa_public_register,2026-07-29T13:34:38.613Z,https://pharmacy.vic.gov.au/register-search/,Instant Scripts Pharmacy Health Hub Horsham,1A Madden Street,HORSHAM,VIC,3400,"1A Madden Street, HORSHAM VIC 3400",30/06/2027,Active,Standard registration conditions,Lighthouse Pharmaceuticals Pty Ltd,30/06/2027,Active,Standard licence condition
vpa_public_register,2026-07-29T13:34:38.613Z,https://pharmacy.vic.gov.au/register-search/,Instant Scripts Pharmacy Health Hub Horsham,1A Madden Street,HORSHAM,VIC,3400,"1A Madden Street, HORSHAM VIC 3400",30/06/2027,Active,Standard registration conditions,Stuart Hall,30/06/2027,Active,Standard licence condition
vpa_public_register,2026-07-29T13:34:38.613Z,https://pharmacy.vic.gov.au/register-search/,Priceline Pharmacy Horsham,34 Darlot Street,Horsham,VIC,3400,"34 Darlot Street, Horsham VIC 3400",30/06/2027,Active,Standard registration conditions,Jostco Pty Ltd,30/06/2027,Active,Standard licence condition
vpa_public_register,2026-07-29T13:34:38.613Z,https://pharmacy.vic.gov.au/register-search/,TerryWhite Chemmart Horsham Compounding,58 Firebrace Street,Horsham,VIC,3400,"58 Firebrace Street, Horsham VIC 3400",30/06/2027,Active,Standard registration conditions,HORSHAM PHARMACY PTY LTD,30/06/2027,Active,Standard licence condition
vpa_public_register,2026-07-29T13:34:38.613Z,https://pharmacy.vic.gov.au/register-search/,DIMBOOLA PHARMACY,110 Lloyd Street,Dimboola,VIC,3414,"110 Lloyd Street, Dimboola VIC 3414",30/06/2027,Active,Standard registration conditions,Phuong Xuan Tu,30/06/2027,Active,Standard licence condition
vpa_public_register,2026-07-29T13:34:38.613Z,https://pharmacy.vic.gov.au/register-search/,DIMBOOLA PHARMACY,110 Lloyd Street,Dimboola,VIC,3414,"110 Lloyd Street, Dimboola VIC 3414",30/06/2027,Active,Standard registration conditions,Tam Tu,30/06/2027,Active,Standard licence condition
vpa_public_register,2026-07-29T13:34:38.613Z,https://pharmacy.vic.gov.au/register-search/,Nhill Pharmacy,21 Victoria Street,NHILL,VIC,3418,"21 Victoria Street, NHILL VIC 3418",30/06/2027,Active,Standard registration conditions,CERRALUM PTY LTD,30/06/2027,Active,Standard licence condition
vpa_public_register,2026-07-29T13:34:38.613Z,https://pharmacy.vic.gov.au/register-search/,Nhill Pharmacy,21 Victoria Street,NHILL,VIC,3418,"21 Victoria Street, NHILL VIC 3418",30/06/2027,Active,Standard registration conditions,John Forster,30/06/2027,Active,Standard licence condition
vpa_public_register,2026-07-29T13:34:38.613Z,https://pharmacy.vic.gov.au/register-search/,Nhill Pharmacy,21 Victoria Street,NHILL,VIC,3418,"21 Victoria Street, NHILL VIC 3418",30/06/2027,Active,Standard registration conditions,PHARMACY INVEST PTY LTD,30/06/2027,Active,Standard licence condition
vpa_public_register,2026-07-29T13:34:38.613Z,https://pharmacy.vic.gov.au/register-search/,WEST WIMMERA HEALTH SERVICES PHARMACY DEPARTMENT,49 Nelson Street,Nhill,VIC,3418,"49 Nelson Street, Nhill VIC 3418",30/06/2027,Active,,WEST WIMMERA HEALTH SERVICE,30/06/2027,Active,Standard licence condition
vpa_public_register,2026-07-29T13:34:38.613Z,https://pharmacy.vic.gov.au/register-search/,Kaniva Pharmacy,47 Commercial Street,Kaniva,VIC,3419,"47 Commercial Street, Kaniva VIC 3419",30/06/2027,Active,Standard registration conditions,Phuong Xuan Tu,30/06/2027,Active,Standard licence condition
vpa_public_register,2026-07-29T13:34:38.613Z,https://pharmacy.vic.gov.au/register-search/,Kaniva Pharmacy,47 Commercial Street,Kaniva,VIC,3419,"47 Commercial Street, Kaniva VIC 3419",30/06/2027,Active,Standard registration conditions,Tam Tu,30/06/2027,Active,Standard licence condition
vpa_public_register,2026-07-29T13:34:38.613Z,https://pharmacy.vic.gov.au/register-search/,Jeparit Pharmacy,39 Roy Street,Jeparit,VIC,3423,"39 Roy Street, Jeparit VIC 3423",30/06/2027,Active,Standard registration conditions,Jeparit and Rainbow Pharmacy Pty Ltd,30/06/2027,Active,Standard licence condition
vpa_public_register,2026-07-29T13:34:38.613Z,https://pharmacy.vic.gov.au/register-search/,Rainbow Community Pharmacy,4 Federal Street,Rainbow,VIC,3424,"4 Federal Street, Rainbow VIC 3424",30/06/2027,Active,Standard registration conditions,Jeparit and Rainbow Pharmacy Pty Ltd,30/06/2027,Active,Standard licence condition
vpa_public_register,2026-07-29T13:34:38.613Z,https://pharmacy.vic.gov.au/register-search/,Diggers Rest Pharmacy,"Room 1 & 1A, 2 Farm Road",DIGGERS REST,VIC,3427,"Room 1 & 1A, 2 Farm Road, DIGGERS REST VIC 3427",30/06/2027,Active,Standard registration conditions,David Christofidis,30/06/2027,Active,Standard licence condition
vpa_public_register,2026-07-29T13:34:38.613Z,https://pharmacy.vic.gov.au/register-search/,Diggers Rest Pharmacy,"Room 1 & 1A, 2 Farm Road",DIGGERS REST,VIC,3427,"Room 1 & 1A, 2 Farm Road, DIGGERS REST VIC 3427",30/06/2027,Active,Standard registration conditions,Michael Georgy,30/06/2027,Active,Standard licence condition
vpa_public_register,2026-07-29T13:34:38.613Z,https://pharmacy.vic.gov.au/register-search/,Diggers Rest Pharmacy,"Room 1 & 1A, 2 Farm Road",DIGGERS REST,VIC,3427,"Room 1 & 1A, 2 Farm Road, DIGGERS REST VIC 3427",30/06/2027,Active,Standard registration conditions,Peter Georgy,30/06/2027,Active,Standard licence condition
vpa_public_register,2026-07-29T13:34:38.613Z,https://pharmacy.vic.gov.au/register-search/,Chemist Warehouse Sunbury,"Tenancy 1, 80 - 90 Evans Street",Sunbury,VIC,3429,"Tenancy 1, 80 - 90 Evans Street, Sunbury VIC 3429",30/06/2027,Active,Standard registration conditions,Aphrodite Barbayannis,30/06/2027,Active,Standard licence condition
vpa_public_register,2026-07-29T13:34:38.613Z,https://pharmacy.vic.gov.au/register-search/,Chemist Warehouse Sunbury,"Tenancy 1, 80 - 90 Evans Street",Sunbury,VIC,3429,"Tenancy 1, 80 - 90 Evans Street, Sunbury VIC 3429",30/06/2027,Active,Standard registration conditions,Mario Tascone,30/06/2027,Active,Standard licence condition
vpa_public_register,2026-07-29T13:34:38.613Z,https://pharmacy.vic.gov.au/register-search/,Chemist Warehouse Sunbury Gap Road,"Shops 19 - 22, 106 - 126 Gap Road",SUNBURY,VIC,3429,"Shops 19 - 22, 106 - 126 Gap Road, SUNBURY VIC 3429",30/06/2027,Active,Standard registration conditions,Aphrodite Barbayannis,30/06/2027,Active,Standard licence condition
vpa_public_register,2026-07-29T13:34:38.613Z,https://pharmacy.vic.gov.au/register-search/,Chemist Warehouse Sunbury Gap Road,"Shops 19 - 22, 106 - 126 Gap Road",SUNBURY,VIC,3429,"Shops 19 - 22, 106 - 126 Gap Road, SUNBURY VIC 3429",30/06/2027,Active,Standard registration conditions,Jeffrey Wasley,30/06/2027,Active,Standard licence condition
vpa_public_register,2026-07-29T13:34:38.613Z,https://pharmacy.vic.gov.au/register-search/,Direct Chemist Outlet Sunbury,"Shop T10, Woolworths Rosenthal, 90 Vineyard Road",SUNBURY,VIC,3429,"Shop T10, Woolworths Rosenthal, 90 Vineyard Road, SUNBURY VIC 3429",30/06/2027,Active,Standard registration conditions,PCY SUN Pty Ltd,30/06/2027,Active,Standard licence condition
vpa_public_register,2026-07-29T13:34:38.613Z,https://pharmacy.vic.gov.au/register-search/,Gap Road Pharmacy,"Pharmacy Tenancy, 46 Gap Road",SUNBURY,VIC,3429,"Pharmacy Tenancy, 46 Gap Road, SUNBURY VIC 3429",30/06/2027,Active,Standard registration conditions,Gap Road Pharmacy Pty Ltd,30/06/2027,Active,Standard licence condition
vpa_public_register,2026-07-29T13:34:38.613Z,https://pharmacy.vic.gov.au/register-search/,GOONAWARRA PHARMACY,11 Dornoch Drive,SUNBURY,VIC,3429,"11 Dornoch Drive, SUNBURY VIC 3429",30/06/2027,Active,Standard registration conditions,Eskdan Investments Pty Ltd,30/06/2027,Active,Standard licence condition
vpa_public_register,2026-07-29T13:34:38.613Z,https://pharmacy.vic.gov.au/register-search/,PRICELINE PHARMACY SUNBURY SQUARE,"Shops 14 -16, Sunbury Square Shopping Centre",Sunbury,VIC,3429,"Shops 14 -16, Sunbury Square Shopping Centre, Sunbury VIC 3429",30/06/2027,Active,Standard registration conditions,Aphrodite Barbayannis,30/06/2027,Active,Standard licence condition
vpa_public_register,2026-07-29T13:34:38.613Z,https://pharmacy.vic.gov.au/register-search/,Sunbury Chemist,"Shops 3-4 Evans Central, 17 - 49 Evans Street, (also known as Shops 3 & 4, 21 - 23 Evans Street)",SUNBURY,VIC,3429,"Shops 3-4 Evans Central, 17 - 49 Evans Street, (also known as Shops 3 & 4, 21 - 23 Evans Street), SUNBURY VIC 3429",30/06/2027,Active,Standard registration conditions,Sunbury Chemists Pty Ltd,30/06/2027,Active,Standard licence condition
vpa_public_register,2026-07-29T13:34:38.613Z,https://pharmacy.vic.gov.au/register-search/,Sunbury Community Hospital Pharmacy Department,7 Macedon Street,Sunbury,VIC,3429,"7 Macedon Street, Sunbury VIC 3429",30/06/2027,Active,,WESTERN HEALTH,30/06/2027,Active,Standard licence condition
vpa_public_register,2026-07-29T13:34:38.613Z,https://pharmacy.vic.gov.au/register-search/,Sunbury Medical Revive Pharmacy,"Part Ground Floor, 38 - 40 Gap Road",SUNBURY,VIC,3429,"Part Ground Floor, 38 - 40 Gap Road, SUNBURY VIC 3429",30/06/2027,Active,Standard registration conditions,George Shehata,30/06/2027,Active,Standard licence condition
vpa_public_register,2026-07-29T13:34:38.613Z,https://pharmacy.vic.gov.au/register-search/,Sunbury Medical Revive Pharmacy,"Part Ground Floor, 38 - 40 Gap Road",SUNBURY,VIC,3429,"Part Ground Floor, 38 - 40 Gap Road, SUNBURY VIC 3429",30/06/2027,Active,Standard registration conditions,Silvar Eeso,30/06/2027,Active,Standard licence condition
vpa_public_register,2026-07-29T13:34:38.613Z,https://pharmacy.vic.gov.au/register-search/,Sunbury Pharmacy,83-87 Evans Street,Sunbury,VIC,3429,"83-87 Evans Street, Sunbury VIC 3429",30/06/2027,Active,Standard registration conditions,Sunbury Pharmacy Pty Ltd,30/06/2027,Active,Standard licence condition
vpa_public_register,2026-07-29T13:34:38.613Z,https://pharmacy.vic.gov.au/register-search/,Vineyard Road Pharmacy,"Part of, 2 Sussex Court",SUNBURY,VIC,3429,"Part of, 2 Sussex Court, SUNBURY VIC 3429",30/06/2027,Active,Standard registration conditions,Vineyard Road Pharmacy Pty Ltd,30/06/2027,Active,Standard licence condition
vpa_public_register,2026-07-29T13:34:38.613Z,https://pharmacy.vic.gov.au/register-search/,RIDDELLS CREEK PHARMACY,"Shop 1, 7-9 Station Street",RIDDELLS CREEK,VIC,3431,"Shop 1, 7-9 Station Street, RIDDELLS CREEK VIC 3431",30/06/2027,Active,Standard registration conditions,Bruno Bragaglia,30/06/2027,Active,Standard licence condition
vpa_public_register,2026-07-29T13:34:38.613Z,https://pharmacy.vic.gov.au/register-search/,Romsey Chemists,"Shop T3, 51 Main Street",Romsey,VIC,3434,"Shop T3, 51 Main Street, Romsey VIC 3434",30/06/2027,Active,Standard registration conditions,Romsey Chemists Pty Ltd,30/06/2027,Active,Standard licence condition
vpa_public_register,2026-07-29T13:34:38.613Z,https://pharmacy.vic.gov.au/register-search/,Romsey Pharmacy,"Shop 3 & 4, 107 - 113 Main Street",Romsey,VIC,3434,"Shop 3 & 4, 107 - 113 Main Street, Romsey VIC 3434",30/06/2027,Active,Standard registration conditions,Christopher Tewierik,30/06/2027,Active,Standard licence condition
vpa_public_register,2026-07-29T13:34:38.613Z,https://pharmacy.vic.gov.au/register-search/,Romsey Pharmacy,"Shop 3 & 4, 107 - 113 Main Street",Romsey,VIC,3434,"Shop 3 & 4, 107 - 113 Main Street, Romsey VIC 3434",30/06/2027,Active,Standard registration conditions,Elke Linton,30/06/2027,Active,Standard licence condition
vpa_public_register,2026-07-29T13:34:38.613Z,https://pharmacy.vic.gov.au/register-search/,Romsey Pharmacy,"Shop 3 & 4, 107 - 113 Main Street",Romsey,VIC,3434,"Shop 3 & 4, 107 - 113 Main Street, Romsey VIC 3434",30/06/2027,Active,Standard registration conditions,Michael Linton,30/06/2027,Active,Standard licence condition
vpa_public_register,2026-07-29T13:34:38.613Z,https://pharmacy.vic.gov.au/register-search/,Romsey Pharmacy,"Shop 3 & 4, 107 - 113 Main Street",Romsey,VIC,3434,"Shop 3 & 4, 107 - 113 Main Street, Romsey VIC 3434",30/06/2027,Active,Standard registration conditions,Michael Yazji,30/06/2027,Active,Standard licence condition
vpa_public_register,2026-07-29T13:34:38.613Z,https://pharmacy.vic.gov.au/register-search/,LANCEFIELD PHARMACY,15 High Street,Lancefield,VIC,3435,"15 High Street, Lancefield VIC 3435",30/06/2027,Active,Standard registration conditions,Elke Linton,30/06/2027,Active,Standard licence condition
vpa_public_register,2026-07-29T13:34:38.613Z,https://pharmacy.vic.gov.au/register-search/,LANCEFIELD PHARMACY,15 High Street,Lancefield,VIC,3435,"15 High Street, Lancefield VIC 3435",30/06/2027,Active,Standard registration conditions,Michael Yazji,30/06/2027,Active,Standard licence condition
vpa_public_register,2026-07-29T13:34:38.613Z,https://pharmacy.vic.gov.au/register-search/,CHEMIST WAREHOUSE GISBORNE,"Shop 29, 30 & 31 Gisborne Village S/C, 22 Brantome Street",Gisborne,VIC,3437,"Shop 29, 30 & 31 Gisborne Village S/C, 22 Brantome Street, Gisborne VIC 3437",30/06/2027,Active,Standard registration conditions,Adam Sebastiano,30/06/2027,Active,Standard licence condition
vpa_public_register,2026-07-29T13:34:38.613Z,https://pharmacy.vic.gov.au/register-search/,CHEMIST WAREHOUSE GISBORNE,"Shop 29, 30 & 31 Gisborne Village S/C, 22 Brantome Street",Gisborne,VIC,3437,"Shop 29, 30 & 31 Gisborne Village S/C, 22 Brantome Street, Gisborne VIC 3437",30/06/2027,Active,Standard registration conditions,Adrian Sebastiano,30/06/2027,Active,Standard licence condition
vpa_public_register,2026-07-29T13:34:38.613Z,https://pharmacy.vic.gov.au/register-search/,CHEMIST WAREHOUSE GISBORNE,"Shop 29, 30 & 31 Gisborne Village S/C, 22 Brantome Street",Gisborne,VIC,3437,"Shop 29, 30 & 31 Gisborne Village S/C, 22 Brantome Street, Gisborne VIC 3437",30/06/2027,Active,Standard registration conditions,Philip Colasante,30/06/2027,Active,Standard licence condition
vpa_public_register,2026-07-29T13:34:38.613Z,https://pharmacy.vic.gov.au/register-search/,Gisborne Pharmacy,5 Neal Street,GISBORNE,VIC,3437,"5 Neal Street, GISBORNE VIC 3437",30/06/2027,Active,Standard registration conditions,Gisborne Pharmacy Pty Ltd,30/06/2027,Active,Standard licence condition
vpa_public_register,2026-07-29T13:34:38.613Z,https://pharmacy.vic.gov.au/register-search/,Hardy's UFS Pharmacy,40 Brantome Street,Gisborne,VIC,3437,"40 Brantome Street, Gisborne VIC 3437",30/06/2027,Active,Standard registration conditions,UFS Healthcare Ltd,30/06/2027,Active,Standard licence condition
vpa_public_register,2026-07-29T13:34:38.613Z,https://pharmacy.vic.gov.au/register-search/,PRICELINE PHARMACY GISBORNE,"Shop 1, 18 Brantome Street",Gisborne,VIC,3437,"Shop 1, 18 Brantome Street, Gisborne VIC 3437",30/06/2027,Active,Standard registration conditions,MMI Pharmacy Pty Ltd,30/06/2027,Active,Standard licence condition
vpa_public_register,2026-07-29T13:34:38.613Z,https://pharmacy.vic.gov.au/register-search/,Neighbourhood Pharmacy Woodend,30 Urquhart Street,WOODEND,VIC,3442,"30 Urquhart Street, WOODEND VIC 3442",30/06/2027,Active,Standard registration conditions,Andrew Louka,30/06/2027,Active,Standard licence condition
vpa_public_register,2026-07-29T13:34:38.613Z,https://pharmacy.vic.gov.au/register-search/,WOODEND PHARMACY,116 - 118 High Street,Woodend,VIC,3442,"116 - 118 High Street, Woodend VIC 3442",30/06/2027,Active,Standard registration conditions,Angelo Antonas,30/06/2027,Active,Standard licence condition
vpa_public_register,2026-07-29T13:34:38.613Z,https://pharmacy.vic.gov.au/register-search/,WOODEND PHARMACY,116 - 118 High Street,Woodend,VIC,3442,"116 - 118 High Street, Woodend VIC 3442",30/06/2027,Active,Standard registration conditions,Annette Hardie,30/06/2027,Active,Standard licence condition
vpa_public_register,2026-07-29T13:34:38.613Z,https://pharmacy.vic.gov.au/register-search/,WOODEND PHARMACY,116 - 118 High Street,Woodend,VIC,3442,"116 - 118 High Street, Woodend VIC 3442",30/06/2027,Active,Standard registration conditions,Navin Amarsi,30/06/2027,Active,Standard licence condition
vpa_public_register,2026-07-29T13:34:38.613Z,https://pharmacy.vic.gov.au/register-search/,WOODEND PHARMACY,116 - 118 High Street,Woodend,VIC,3442,"116 - 118 High Street, Woodend VIC 3442",30/06/2027,Active,Standard registration conditions,Sunrise Ma Pty Ltd,30/06/2027,Active,Standard licence condition
vpa_public_register,2026-07-29T13:34:38.613Z,https://pharmacy.vic.gov.au/register-search/,Central Highlands Rural Health - Kyneton Health Pharmacy Department,7 - 25 Caroline Chisholm Drive,Kyneton,VIC,3444,"7 - 25 Caroline Chisholm Drive, Kyneton VIC 3444",30/06/2027,Active,,Central Highlands Rural Health,30/06/2027,Active,Standard licence condition
vpa_public_register,2026-07-29T13:34:38.613Z,https://pharmacy.vic.gov.au/register-search/,Kyneton Wholelife Pharmacy & Healthfoods,103 - 105 Mollison Street,Kyneton,VIC,3444,"103 - 105 Mollison Street, Kyneton VIC 3444",30/06/2027,Active,Standard registration conditions,Kyneton Health Pty Ltd,30/06/2027,Active,Standard licence condition
vpa_public_register,2026-07-29T13:34:38.613Z,https://pharmacy.vic.gov.au/register-search/,TerryWhite Chemmart Kyneton,107 Mollison Street,Kyneton,VIC,3444,"107 Mollison Street, Kyneton VIC 3444",30/06/2027,Active,Standard registration conditions,Kyneton Pharmacy Pty Ltd,30/06/2027,Active,Standard licence condition
vpa_public_register,2026-07-29T13:34:38.613Z,https://pharmacy.vic.gov.au/register-search/,Malmsbury Pharmacy,81 Mollison Street,MALMSBURY,VIC,3446,"81 Mollison Street, MALMSBURY VIC 3446",30/06/2027,Active,Standard registration conditions,Malmsbury Pharmacy Pty Ltd,30/06/2027,Active,Standard licence condition
vpa_public_register,2026-07-29T13:34:38.613Z,https://pharmacy.vic.gov.au/register-search/,CASTLEMAINE HEALTH PHARMACY DEPARTMENT,Cornish Street (PO Box 50),Castlemaine,VIC,3450,"Cornish Street (PO Box 50), Castlemaine VIC 3450",30/06/2027,Active,,CASTLEMAINE HEALTH,30/06/2027,Active,Standard licence condition
vpa_public_register,2026-07-29T13:34:38.613Z,https://pharmacy.vic.gov.au/register-search/,MCKENZIE DAVEY PHARMACY,195 Barker Street,CASTLEMAINE,VIC,3450,"195 Barker Street, CASTLEMAINE VIC 3450",30/06/2027,Active,Standard registration conditions,Jeremy Byrne,30/06/2027,Active,Standard licence condition
vpa_public_register,2026-07-29T13:34:38.613Z,https://pharmacy.vic.gov.au/register-search/,MCKENZIE DAVEY PHARMACY,195 Barker Street,CASTLEMAINE,VIC,3450,"195 Barker Street, CASTLEMAINE VIC 3450",30/06/2027,Active,Standard registration conditions,Luke Davey,30/06/2027,Active,Standard licence condition
vpa_public_register,2026-07-29T13:34:38.613Z,https://pharmacy.vic.gov.au/register-search/,MCKENZIE DAVEY PHARMACY,195 Barker Street,CASTLEMAINE,VIC,3450,"195 Barker Street, CASTLEMAINE VIC 3450",30/06/2027,Active,Standard registration conditions,Stacey Mannix,30/06/2027,Active,Standard licence condition
vpa_public_register,2026-07-29T13:34:38.613Z,https://pharmacy.vic.gov.au/register-search/,TerryWhite Chemmart Castlemaine,2 Frederick Street,Castlemaine,VIC,3450,"2 Frederick Street, Castlemaine VIC 3450",30/06/2027,Active,Standard registration conditions,V 1 Pharm Pty Ltd,30/06/2027,Active,Standard licence condition
vpa_public_register,2026-07-29T13:34:38.613Z,https://pharmacy.vic.gov.au/register-search/,TerryWhite Chemmart Castlemaine Express,"Shop 2, Woolworths Castlemaine Centre, Corner of Urquhart & Forest Streets",Castlemaine,VIC,3450,"Shop 2, Woolworths Castlemaine Centre, Corner of Urquhart & Forest Streets, Castlemaine VIC 3450",30/06/2027,Active,Standard registration conditions,V 1 Pharm Pty Ltd,30/06/2027,Active,Standard licence condition
vpa_public_register,2026-07-29T13:34:38.613Z,https://pharmacy.vic.gov.au/register-search/,TRENTHAM PHARMACY,43A High Street,Trentham,VIC,3458,"43A High Street, Trentham VIC 3458",30/06/2027,Active,Standard registration conditions,Philopateer Mercurius Pty Ltd,30/06/2027,Active,Standard licence condition
vpa_public_register,2026-07-29T13:34:38.613Z,https://pharmacy.vic.gov.au/register-search/,Blooms The Chemist Daylesford,39 Vincent Street,DAYLESFORD,VIC,3460,"39 Vincent Street, DAYLESFORD VIC 3460",30/06/2027,Active,Standard registration conditions,Chan Pharmacy (Daylesford) Pty Ltd,30/06/2027,Active,Standard licence condition
vpa_public_register,2026-07-29T13:34:38.613Z,https://pharmacy.vic.gov.au/register-search/,Blooms The Chemist Daylesford,39 Vincent Street,DAYLESFORD,VIC,3460,"39 Vincent Street, DAYLESFORD VIC 3460",30/06/2027,Active,Standard registration conditions,Huynh Pharmacy Pty Ltd,30/06/2027,Active,Standard licence condition
vpa_public_register,2026-07-29T13:34:38.613Z,https://pharmacy.vic.gov.au/register-search/,Blooms The Chemist Daylesford,39 Vincent Street,DAYLESFORD,VIC,3460,"39 Vincent Street, DAYLESFORD VIC 3460",30/06/2027,Active,Standard registration conditions,Leslie Pharmacy Daylesford Pty Ltd,30/06/2027,Active,Standard licence condition
vpa_public_register,2026-07-29T13:34:38.613Z,https://pharmacy.vic.gov.au/register-search/,Newstead Pharmacy & Post Office,41 Lyons Street,NEWSTEAD,VIC,3462,"41 Lyons Street, NEWSTEAD VIC 3462",30/06/2027,Active,Standard registration conditions,Alphacare Pharmaceuticals Pty Ltd,30/06/2027,Active,Standard licence condition
vpa_public_register,2026-07-29T13:34:38.613Z,https://pharmacy.vic.gov.au/register-search/,TerryWhite Chemmart Maldon,33 Main Street,Maldon,VIC,3463,"33 Main Street, Maldon VIC 3463",30/06/2027,Active,Standard registration conditions,Gary Leung,30/06/2027,Active,Standard licence condition
vpa_public_register,2026-07-29T13:34:38.613Z,https://pharmacy.vic.gov.au/register-search/,TerryWhite Chemmart Maldon,33 Main Street,Maldon,VIC,3463,"33 Main Street, Maldon VIC 3463",30/06/2027,Active,Standard registration conditions,Yee Man Ann Chiang,30/06/2027,Active,Standard licence condition
vpa_public_register,2026-07-29T13:34:38.613Z,https://pharmacy.vic.gov.au/register-search/,Maryborough Pharmacy,131 High Street,Maryborough,VIC,3465,"131 High Street, Maryborough VIC 3465",30/06/2027,Active,Standard registration conditions,FRIENDLY SOCIETY MEDICAL ASSOCIATION LIMITED,30/06/2027,Active,Standard licence condition
vpa_public_register,2026-07-29T13:34:38.613Z,https://pharmacy.vic.gov.au/register-search/,Priceline Pharmacy Maryborough,101-103 High Street,Maryborough,VIC,3465,"101-103 High Street, Maryborough VIC 3465",30/06/2027,Active,Standard registration conditions,T.K. Gills Pills Pty Ltd,30/06/2027,Active,Standard licence condition
vpa_public_register,2026-07-29T13:34:38.613Z,https://pharmacy.vic.gov.au/register-search/,Priceline Pharmacy Maryborough,101-103 High Street,Maryborough,VIC,3465,"101-103 High Street, Maryborough VIC 3465",30/06/2027,Active,Standard registration conditions,Taren Gill,30/06/2027,Active,Standard licence condition
vpa_public_register,2026-07-29T13:34:38.613Z,https://pharmacy.vic.gov.au/register-search/,Avoca Gold Chemist,107 High Street,Avoca,VIC,3467,"107 High Street, Avoca VIC 3467",30/06/2027,Active,Standard registration conditions,Radhakrishna Nityakamala Pharmacy Pty Ltd,30/06/2027,Active,Standard licence condition
vpa_public_register,2026-07-29T13:34:38.613Z,https://pharmacy.vic.gov.au/register-search/,DEPOT FOR PRICELINE PHARMACY MARYBOROUGH,High Street,Avoca,VIC,3467,"High Street, Avoca VIC 3467",30/06/2027,Active,,,,,
vpa_public_register,2026-07-29T13:34:38.613Z,https://pharmacy.vic.gov.au/register-search/,WARBURTON PHARMACY,3468 Warburton Highway,Warburton,VIC,3799,"3468 Warburton Highway, Warburton VIC 3799",30/06/2027,Active,Standard registration conditions,Warburton Community Pharmacy Pty Ltd,30/06/2027,Active,Standard licence condition
vpa_public_register,2026-07-29T13:34:38.613Z,https://pharmacy.vic.gov.au/register-search/,Dunolly Pharmacy,119 Broadway,DUNOLLY,VIC,3472,"119 Broadway, DUNOLLY VIC 3472",30/06/2027,Active,Standard registration conditions,Dunolly Pharmacy PP Pty Ltd,30/06/2027,Active,Standard licence condition
vpa_public_register,2026-07-29T13:34:38.613Z,https://pharmacy.vic.gov.au/register-search/,ST ARNAUD PHARMACY,88 Napier Street,St Arnaud,VIC,3478,"88 Napier Street, St Arnaud VIC 3478",30/06/2027,Active,Standard registration conditions,GSDE Investments Pty Ltd,30/06/2027,Active,Standard licence condition
vpa_public_register,2026-07-29T13:34:38.613Z,https://pharmacy.vic.gov.au/register-search/,CAREMORE PHARMACY DONALD,62 Woods Street,DONALD,VIC,3480,"62 Woods Street, DONALD VIC 3480",30/06/2027,Active,Standard registration conditions,Alddon Pty Ltd,30/06/2027,Active,Standard licence condition
vpa_public_register,2026-07-29T13:34:38.613Z,https://pharmacy.vic.gov.au/register-search/,CAREMORE PHARMACY DONALD,62 Woods Street,DONALD,VIC,3480,"62 Woods Street, DONALD VIC 3480",30/06/2027,Active,Standard registration conditions,Ortikia Pty Ltd,30/06/2027,Active,Standard licence condition
vpa_public_register,2026-07-29T13:34:38.613Z,https://pharmacy.vic.gov.au/register-search/,Birchip PHARMACY EXCELLENCE,49-51 Cumming Avenue,BIRCHIP,VIC,3483,"49-51 Cumming Avenue, BIRCHIP VIC 3483",30/06/2027,Active,Standard registration conditions,Pharmacy Excellence Pty Ltd,30/06/2027,Active,Standard licence condition | Specific licence condition
vpa_public_register,2026-07-29T13:34:38.613Z,https://pharmacy.vic.gov.au/register-search/,Ouyen Pharmacy,46 Oke Street,Ouyen,VIC,3490,"46 Oke Street, Ouyen VIC 3490",30/06/2027,Active,Standard registration conditions,LookAhead Solutions Pty Ltd,30/06/2027,Active,Standard licence condition
vpa_public_register,2026-07-29T13:34:38.613Z,https://pharmacy.vic.gov.au/register-search/,Terry White Chemmart Red Cliffs,53-55 Ilex Street,RED CLIFFS,VIC,3496,"53-55 Ilex Street, RED CLIFFS VIC 3496",30/06/2027,Active,Standard registration conditions,Wai Mun Pharmacy 1 Pty Ltd,30/06/2027,Active,Standard licence condition
vpa_public_register,2026-07-29T13:34:38.613Z,https://pharmacy.vic.gov.au/register-search/,Irymple Pharmacy,"Shop 2, 2109 - 2111 Fifteenth Street",IRYMPLE,VIC,3498,"Shop 2, 2109 - 2111 Fifteenth Street, IRYMPLE VIC 3498",30/06/2027,Active,Standard registration conditions,Olaoluwa Company Pty Ltd,30/06/2027,Active,Standard licence condition
vpa_public_register,2026-07-29T13:34:38.613Z,https://pharmacy.vic.gov.au/register-search/,Amcal Mildura,69 Langtree Avenue,Mildura,VIC,3500,"69 Langtree Avenue, Mildura VIC 3500",30/06/2027,Active,Standard registration conditions,Anthony Albert,30/06/2027,Active,Standard licence condition
vpa_public_register,2026-07-29T13:34:38.613Z,https://pharmacy.vic.gov.au/register-search/,Amcal Mildura,69 Langtree Avenue,Mildura,VIC,3500,"69 Langtree Avenue, Mildura VIC 3500",30/06/2027,Active,Standard registration conditions,Ertan Oguzkaya,30/06/2027,Active,Standard licence condition
vpa_public_register,2026-07-29T13:34:38.613Z,https://pharmacy.vic.gov.au/register-search/,Amcal Mildura,69 Langtree Avenue,Mildura,VIC,3500,"69 Langtree Avenue, Mildura VIC 3500",30/06/2027,Active,Standard registration conditions,Lee Ching Tan,30/06/2027,Active,Standard licence condition
vpa_public_register,2026-07-29T13:34:38.613Z,https://pharmacy.vic.gov.au/register-search/,Amcal Mildura,69 Langtree Avenue,Mildura,VIC,3500,"69 Langtree Avenue, Mildura VIC 3500",30/06/2027,Active,Standard registration conditions,Sasha Robertson,30/06/2027,Active,Standard licence condition
vpa_public_register,2026-07-29T13:34:38.613Z,https://pharmacy.vic.gov.au/register-search/,Amcal Mildura,69 Langtree Avenue,Mildura,VIC,3500,"69 Langtree Avenue, Mildura VIC 3500",30/06/2027,Active,Standard registration conditions,William Albert,30/06/2027,Active,Standard licence condition
vpa_public_register,2026-07-29T13:34:38.613Z,https://pharmacy.vic.gov.au/register-search/,CHEMIST WAREHOUSE MILDURA,114A - 118 Langtree Avenue,MILDURA,VIC,3500,"114A - 118 Langtree Avenue, MILDURA VIC 3500",30/06/2027,Active,Standard registration conditions,Anthony Albert,30/06/2027,Active,Standard licence condition
vpa_public_register,2026-07-29T13:34:38.613Z,https://pharmacy.vic.gov.au/register-search/,CHEMIST WAREHOUSE MILDURA,114A - 118 Langtree Avenue,MILDURA,VIC,3500,"114A - 118 Langtree Avenue, MILDURA VIC 3500",30/06/2027,Active,Standard registration conditions,Ertan Oguzkaya,30/06/2027,Active,Standard licence condition
vpa_public_register,2026-07-29T13:34:38.613Z,https://pharmacy.vic.gov.au/register-search/,CHEMIST WAREHOUSE MILDURA,114A - 118 Langtree Avenue,MILDURA,VIC,3500,"114A - 118 Langtree Avenue, MILDURA VIC 3500",30/06/2027,Active,Standard registration conditions,Lee Ching Tan,30/06/2027,Active,Standard licence condition
vpa_public_register,2026-07-29T13:34:38.613Z,https://pharmacy.vic.gov.au/register-search/,CHEMIST WAREHOUSE MILDURA,114A - 118 Langtree Avenue,MILDURA,VIC,3500,"114A - 118 Langtree Avenue, MILDURA VIC 3500",30/06/2027,Active,Standard registration conditions,Marcello Verrocchi,30/06/2027,Active,Standard licence condition
vpa_public_register,2026-07-29T13:34:38.613Z,https://pharmacy.vic.gov.au/register-search/,CHEMIST WAREHOUSE MILDURA,114A - 118 Langtree Avenue,MILDURA,VIC,3500,"114A - 118 Langtree Avenue, MILDURA VIC 3500",30/06/2027,Active,Standard registration conditions,William Albert,30/06/2027,Active,Standard licence condition
vpa_public_register,2026-07-29T13:34:38.613Z,https://pharmacy.vic.gov.au/register-search/,Chemist Warehouse Mildura Central Shopping Centre,"Shop G002, Mildura Central Shopping Centre, Corner Deakin Avenue and Fifteenth Street",Mildura,VIC,3500,"Shop G002, Mildura Central Shopping Centre, Corner Deakin Avenue and Fifteenth Street, Mildura VIC 3500",30/06/2027,Active,Standard registration conditions,Anthony Albert,30/06/2027,Active,Standard licence condition
vpa_public_register,2026-07-29T13:34:38.613Z,https://pharmacy.vic.gov.au/register-search/,Chemist Warehouse Mildura Central Shopping Centre,"Shop G002, Mildura Central Shopping Centre, Corner Deakin Avenue and Fifteenth Street",Mildura,VIC,3500,"Shop G002, Mildura Central Shopping Centre, Corner Deakin Avenue and Fifteenth Street, Mildura VIC 3500",30/06/2027,Active,Standard registration conditions,Ertan Oguzkaya,30/06/2027,Active,Standard licence condition
vpa_public_register,2026-07-29T13:34:38.613Z,https://pharmacy.vic.gov.au/register-search/,Chemist Warehouse Mildura Central Shopping Centre,"Shop G002, Mildura Central Shopping Centre, Corner Deakin Avenue and Fifteenth Street",Mildura,VIC,3500,"Shop G002, Mildura Central Shopping Centre, Corner Deakin Avenue and Fifteenth Street, Mildura VIC 3500",30/06/2027,Active,Standard registration conditions,Lee Ching Tan,30/06/2027,Active,Standard licence condition
vpa_public_register,2026-07-29T13:34:38.613Z,https://pharmacy.vic.gov.au/register-search/,Chemist Warehouse Mildura D.C.,"5B Mildura Homemaker Centre, Cnr Fifteenth Street & Benetook Avenue",Mildura,VIC,3500,"5B Mildura Homemaker Centre, Cnr Fifteenth Street & Benetook Avenue, Mildura VIC 3500",30/06/2027,Active,Standard registration conditions,Anthony Albert,30/06/2027,Active,Standard licence condition
vpa_public_register,2026-07-29T13:34:38.613Z,https://pharmacy.vic.gov.au/register-search/,Chemist Warehouse Mildura D.C.,"5B Mildura Homemaker Centre, Cnr Fifteenth Street & Benetook Avenue",Mildura,VIC,3500,"5B Mildura Homemaker Centre, Cnr Fifteenth Street & Benetook Avenue, Mildura VIC 3500",30/06/2027,Active,Standard registration conditions,Brett Clark,30/06/2027,Active,Standard licence condition
vpa_public_register,2026-07-29T13:34:38.613Z,https://pharmacy.vic.gov.au/register-search/,Chemist Warehouse Mildura D.C.,"5B Mildura Homemaker Centre, Cnr Fifteenth Street & Benetook Avenue",Mildura,VIC,3500,"5B Mildura Homemaker Centre, Cnr Fifteenth Street & Benetook Avenue, Mildura VIC 3500",30/06/2027,Active,Standard registration conditions,Ertan Oguzkaya,30/06/2027,Active,Standard licence condition
vpa_public_register,2026-07-29T13:34:38.613Z,https://pharmacy.vic.gov.au/register-search/,Chemist Warehouse Mildura D.C.,"5B Mildura Homemaker Centre, Cnr Fifteenth Street & Benetook Avenue",Mildura,VIC,3500,"5B Mildura Homemaker Centre, Cnr Fifteenth Street & Benetook Avenue, Mildura VIC 3500",30/06/2027,Active,Standard registration conditions,Lee Ching Tan,30/06/2027,Active,Standard licence condition
vpa_public_register,2026-07-29T13:34:38.613Z,https://pharmacy.vic.gov.au/register-search/,Chemist Warehouse Mildura D.C.,"5B Mildura Homemaker Centre, Cnr Fifteenth Street & Benetook Avenue",Mildura,VIC,3500,"5B Mildura Homemaker Centre, Cnr Fifteenth Street & Benetook Avenue, Mildura VIC 3500",30/06/2027,Active,Standard registration conditions,William Albert,30/06/2027,Active,Standard licence condition
vpa_public_register,2026-07-29T13:34:38.613Z,https://pharmacy.vic.gov.au/register-search/,MILDURA BASE HOSPITAL PHARMACY DEPARTMENT,"Ontario Ave, PO Box 620",Mildura,VIC,3500,"Ontario Ave, PO Box 620, Mildura VIC 3500",30/06/2027,Active,,Mildura Base Public Hospital,30/06/2027,Active,Standard licence condition
vpa_public_register,2026-07-29T13:34:38.613Z,https://pharmacy.vic.gov.au/register-search/,Mildura Direct Chemist Outlet,"Shop 1, 829 Fifteenth Street",MILDURA,VIC,3500,"Shop 1, 829 Fifteenth Street, MILDURA VIC 3500",30/06/2027,Active,Standard registration conditions,MILDURA PHARMACIES PTY LTD,30/06/2027,Active,Standard licence condition
vpa_public_register,2026-07-29T13:34:38.613Z,https://pharmacy.vic.gov.au/register-search/,Priceline Pharmacy - Mildura,91 Langtree Avenue,MILDURA,VIC,3500,"91 Langtree Avenue, MILDURA VIC 3500",30/06/2027,Active,Standard registration conditions,Mildura Pharmacy Group Pty Ltd,30/06/2027,Active,Standard licence condition
vpa_public_register,2026-07-29T13:34:38.613Z,https://pharmacy.vic.gov.au/register-search/,Terry White Chemmart Mildura,204 Deakin Avenue,Mildura,VIC,3500,"204 Deakin Avenue, Mildura VIC 3500",30/06/2027,Active,Standard registration conditions,Mildura Pharmacy Group Pty Ltd,30/06/2027,Active,Standard licence condition
vpa_public_register,2026-07-29T13:34:38.613Z,https://pharmacy.vic.gov.au/register-search/,KEENS PHARMACY,81 Commercial Street,Merbein,VIC,3505,"81 Commercial Street, Merbein VIC 3505",30/06/2027,Active,Standard registration conditions,Chiu Li Liew,30/06/2027,Active,Standard licence condition
vpa_public_register,2026-07-29T13:34:38.613Z,https://pharmacy.vic.gov.au/register-search/,KEENS PHARMACY,81 Commercial Street,Merbein,VIC,3505,"81 Commercial Street, Merbein VIC 3505",30/06/2027,Active,Standard registration conditions,Nicholas Tung Lik Wong,30/06/2027,Active,Standard licence condition
vpa_public_register,2026-07-29T13:34:38.613Z,https://pharmacy.vic.gov.au/register-search/,Murrayville After Hours Pharmacy,12 Reed Street,MURRAYVILLE,VIC,3512,"12 Reed Street, MURRAYVILLE VIC 3512",30/06/2027,Active,Standard registration conditions,Izidot Pty Ltd,30/06/2027,Active,Standard licence condition
vpa_public_register,2026-07-29T13:34:38.613Z,https://pharmacy.vic.gov.au/register-search/,Inglewood Pharmacy,"Shop 2, 30 - 36 Brooke Street",INGLEWOOD,VIC,3517,"Shop 2, 30 - 36 Brooke Street, INGLEWOOD VIC 3517",30/06/2027,Active,Standard registration conditions,Khaled's Locum Services Pty Ltd,30/06/2027,Active,Standard licence condition
vpa_public_register,2026-07-29T13:34:38.613Z,https://pharmacy.vic.gov.au/register-search/,WEDDERBURN PHARMACY,71 High Street,Wedderburn,VIC,3518,"71 High Street, Wedderburn VIC 3518",30/06/2027,Active,Standard registration conditions,JMJ - Wedderburn Pharmacy Pty Ltd,30/06/2027,Active,Standard licence condition
vpa_public_register,2026-07-29T13:34:38.613Z,https://pharmacy.vic.gov.au/register-search/,HEATHCOTE PHARMACY,79 High Street,Heathcote,VIC,3523,"79 High Street, Heathcote VIC 3523",30/06/2027,Active,Standard registration conditions,Jeffrey Ramsey,30/06/2027,Active,Standard licence condition
vpa_public_register,2026-07-29T13:34:38.613Z,https://pharmacy.vic.gov.au/register-search/,HEATHCOTE PHARMACY,79 High Street,Heathcote,VIC,3523,"79 High Street, Heathcote VIC 3523",30/06/2027,Active,Standard registration conditions,Kok Sim,30/06/2027,Active,Standard licence condition
vpa_public_register,2026-07-29T13:34:38.613Z,https://pharmacy.vic.gov.au/register-search/,HEATHCOTE PHARMACY,79 High Street,Heathcote,VIC,3523,"79 High Street, Heathcote VIC 3523",30/06/2027,Active,Standard registration conditions,Teik Chor,30/06/2027,Active,Standard licence condition
vpa_public_register,2026-07-29T13:34:38.613Z,https://pharmacy.vic.gov.au/register-search/,THE CHARLTON PHARMACY,23-25 High Street,Charlton,VIC,3525,"23-25 High Street, Charlton VIC 3525",30/06/2027,Active,Standard registration conditions,RSW Charlton Investments Pty Ltd,30/06/2027,Active,Standard licence condition
vpa_public_register,2026-07-29T13:34:38.613Z,https://pharmacy.vic.gov.au/register-search/,DEPOT FOR BOORT COMMUNITY PHARMACY,314 Broadway,Wycheproof,VIC,3527,"314 Broadway, Wycheproof VIC 3527",30/06/2027,Active,,,,,
vpa_public_register,2026-07-29T13:34:38.613Z,https://pharmacy.vic.gov.au/register-search/,Wycheproof Pharmacy,332 Broadway,Wycheproof,VIC,3527,"332 Broadway, Wycheproof vic 3527",30/06/2027,Active,Standard registration conditions,RSW Charlton Investments Pty Ltd,30/06/2027,Active,Standard licence condition
vpa_public_register,2026-07-29T13:34:38.613Z,https://pharmacy.vic.gov.au/register-search/,SEA LAKE PHARMACY,100 Best Street,Sea Lake,VIC,3533,"100 Best Street, Sea Lake VIC 3533",30/06/2027,Active,Standard registration conditions,Ava Moses & Thomas Pty Ltd,30/06/2027,Active,Standard licence condition
vpa_public_register,2026-07-29T13:34:38.613Z,https://pharmacy.vic.gov.au/register-search/,BOORT COMMUNITY PHARMACY,108 - 112 Godfrey Street,Boort,VIC,3537,"108 - 112 Godfrey Street, Boort VIC 3537",30/06/2027,Active,Standard registration conditions,Daniel Snyder,30/06/2027,Active,Standard licence condition
vpa_public_register,2026-07-29T13:34:38.613Z,https://pharmacy.vic.gov.au/register-search/,Kilcunda Discount Chemist,"Shop/Pod 6, The Sticks Kilcunda, 3537 Bass Highway",Kilcunda,VIC,3995,"Shop/Pod 6, The Sticks Kilcunda, 3537 Bass Highway, Kilcunda VIC 3995",30/06/2027,Active,Standard registration conditions,Alaa Eldin Elkilany,30/06/2027,Active,Standard licence condition
vpa_public_register,2026-07-29T13:34:38.613Z,https://pharmacy.vic.gov.au/register-search/,Kilcunda Discount Chemist,"Shop/Pod 6, The Sticks Kilcunda, 3537 Bass Highway",Kilcunda,VIC,3995,"Shop/Pod 6, The Sticks Kilcunda, 3537 Bass Highway, Kilcunda VIC 3995",30/06/2027,Active,Standard registration conditions,Mohamed Shalabi,30/06/2027,Active,Standard licence condition
vpa_public_register,2026-07-29T13:34:38.613Z,https://pharmacy.vic.gov.au/register-search/,Kilcunda Discount Chemist,"Shop/Pod 6, The Sticks Kilcunda, 3537 Bass Highway",Kilcunda,VIC,3995,"Shop/Pod 6, The Sticks Kilcunda, 3537 Bass Highway, Kilcunda VIC 3995",30/06/2027,Active,Standard registration conditions,Ossama Shalabi,30/06/2027,Active,Standard licence condition
vpa_public_register,2026-07-29T13:34:38.613Z,https://pharmacy.vic.gov.au/register-search/,Depot for Nyah West Pharmacy (Manangatang Depot),39 Wattle Street,MANANGATANG,VIC,3546,"39 Wattle Street, MANANGATANG VIC 3546",30/06/2027,Active,,,,,
vpa_public_register,2026-07-29T13:34:38.613Z,https://pharmacy.vic.gov.au/register-search/,Robinvale Pharmacy,21 Perrin Street,Robinvale,VIC,3549,"21 Perrin Street, Robinvale VIC 3549",30/06/2027,Active,Standard registration conditions,Hatader Pty Ltd,30/06/2027,Active,Standard licence condition
vpa_public_register,2026-07-29T13:34:38.613Z,https://pharmacy.vic.gov.au/register-search/,Bendigo Hospital Pharmacy Department,100 Barnard Street,BENDIGO,VIC,3550,"100 Barnard Street, BENDIGO VIC 3550",30/06/2027,Active,,BENDIGO HEALTH,30/06/2027,Active,Standard licence condition
vpa_public_register,2026-07-29T13:34:38.613Z,https://pharmacy.vic.gov.au/register-search/,Bendigo UFS Arnold Street,150 Arnold Street,Bendigo,VIC,3550,"150 Arnold Street, Bendigo VIC 3550",30/06/2027,Active,Standard registration conditions,CENTRAL VICTORIAN UNITED FRIENDLY SOCIETY LTD,30/06/2027,Active,Standard licence condition
vpa_public_register,2026-07-29T13:34:38.613Z,https://pharmacy.vic.gov.au/register-search/,Bendigo UFS Bridge Street,63 - 65 Bridge Street,BENDIGO,VIC,3550,"63 - 65 Bridge Street, BENDIGO VIC 3550",30/06/2027,Active,Standard registration conditions,BENDIGO UNITED FRIENDLY SOCIETIES PHARMACIES LTD,30/06/2027,Active,Standard licence condition
vpa_public_register,2026-07-29T13:34:38.613Z,https://pharmacy.vic.gov.au/register-search/,Bendigo UFS Hargreaves Street,379 Hargreaves Street,Bendigo,VIC,3550,"379 Hargreaves Street, Bendigo VIC 3550",30/06/2027,Active,Standard registration conditions,BENDIGO UNITED FRIENDLY SOCIETIES PHARMACIES LTD,30/06/2027,Active,Standard licence condition
vpa_public_register,2026-07-29T13:34:38.613Z,https://pharmacy.vic.gov.au/register-search/,Bendigo UFS View Street,209 View Street,Bendigo,VIC,3550,"209 View Street, Bendigo VIC 3550",30/06/2027,Active,Standard registration conditions,BENDIGO UNITED FRIENDLY SOCIETIES PHARMACIES LTD,30/06/2027,Active,Standard licence condition
vpa_public_register,2026-07-29T13:34:38.613Z,https://pharmacy.vic.gov.au/register-search/,Chemist Discount Centre  Bendigo,7 Queen Street,BENDIGO,VIC,3550,"7 Queen Street, BENDIGO VIC 3550",30/06/2027,Active,Standard registration conditions,John Kardis,30/06/2027,Active,Standard licence condition
vpa_public_register,2026-07-29T13:34:38.613Z,https://pharmacy.vic.gov.au/register-search/,Chemist Warehouse Bendigo,138 Mollison Street,Bendigo,VIC,3550,"138 Mollison Street, Bendigo VIC 3550",30/06/2027,Active,Standard registration conditions,Sasha Robertson,30/06/2027,Active,Standard licence condition
vpa_public_register,2026-07-29T13:34:38.613Z,https://pharmacy.vic.gov.au/register-search/,Chemist Warehouse Bendigo,138 Mollison Street,Bendigo,VIC,3550,"138 Mollison Street, Bendigo VIC 3550",30/06/2027,Active,Standard registration conditions,Wahid Wardak,30/06/2027,Active,Standard licence condition
vpa_public_register,2026-07-29T13:34:38.613Z,https://pharmacy.vic.gov.au/register-search/,Chemist Warehouse Eaglehawk,"Ground Floor, 162 - 172 Eaglehawk Road",LONG GULLY,VIC,3550,"Ground Floor, 162 - 172 Eaglehawk Road, LONG GULLY VIC 3550",30/06/2027,Active,Standard registration conditions,Sunil Narula,30/06/2027,Active,Standard licence condition
vpa_public_register,2026-07-29T13:34:38.613Z,https://pharmacy.vic.gov.au/register-search/,Chemist Warehouse Eaglehawk,"Ground Floor, 162 - 172 Eaglehawk Road",LONG GULLY,VIC,3550,"Ground Floor, 162 - 172 Eaglehawk Road, LONG GULLY VIC 3550",30/06/2027,Active,Standard registration conditions,Tae Yeong Lee,30/06/2027,Active,Standard licence condition
vpa_public_register,2026-07-29T13:34:38.613Z,https://pharmacy.vic.gov.au/register-search/,Chemist Warehouse Eaglehawk,"Ground Floor, 162 - 172 Eaglehawk Road",LONG GULLY,VIC,3550,"Ground Floor, 162 - 172 Eaglehawk Road, LONG GULLY VIC 3550",30/06/2027,Active,Standard registration conditions,Wahid Wardak,30/06/2027,Active,Standard licence condition
vpa_public_register,2026-07-29T13:34:38.613Z,https://pharmacy.vic.gov.au/register-search/,Emily Roberts Pharmacy 777,9 Lowndes Street,Bendigo,VIC,3550,"9 Lowndes Street, Bendigo VIC 3550",30/06/2027,Active,Standard registration conditions,EMILY ROBERTS PHARMACY PTY LTD,30/06/2027,Active,Standard licence condition
vpa_public_register,2026-07-29T13:34:38.613Z,https://pharmacy.vic.gov.au/register-search/,PRICELINE PHARMACY BENDIGO MARKETPLACE,"Shop 11, Bendigo Market Place, 116-120 Mitchell Street",Bendigo,VIC,3550,"Shop 11, Bendigo Market Place, 116-120 Mitchell Street, Bendigo VIC 3550",30/06/2027,Active,Standard registration conditions,JSMY Bendigo Pty Ltd,30/06/2027,Active,Standard licence condition
vpa_public_register,2026-07-29T13:34:38.613Z,https://pharmacy.vic.gov.au/register-search/,Slade Pharmacy Bendigo,"St John of God Bendigo Hospital, 133 - 145 Lily Street",BENDIGO,VIC,3550,"St John of God Bendigo Hospital, 133 - 145 Lily Street, BENDIGO VIC 3550",30/06/2027,Active,Standard registration conditions,Ram Hill Pharmacy Pty Ltd,30/06/2027,Active,Standard licence condition
vpa_public_register,2026-07-29T13:34:38.613Z,https://pharmacy.vic.gov.au/register-search/,Strathdale Pharmacy,"Unit 48D, Strathdale Shopping Centre, 134 Condon Street",KENNINGTON,VIC,3550,"Unit 48D, Strathdale Shopping Centre, 134 Condon Street, KENNINGTON VIC 3550",30/06/2027,Active,Standard registration conditions,Gary Leung,30/06/2027,Active,Standard licence condition
vpa_public_register,2026-07-29T13:34:38.613Z,https://pharmacy.vic.gov.au/register-search/,Strathdale Pharmacy,"Unit 48D, Strathdale Shopping Centre, 134 Condon Street",KENNINGTON,VIC,3550,"Unit 48D, Strathdale Shopping Centre, 134 Condon Street, KENNINGTON VIC 3550",30/06/2027,Active,Standard registration conditions,Yee Man Ann Chiang,30/06/2027,Active,Standard licence condition
vpa_public_register,2026-07-29T13:34:38.613Z,https://pharmacy.vic.gov.au/register-search/,TerryWhite Chemmart Bendigo,130 Arnold Street,BENDIGO,VIC,3550,"130 Arnold Street, BENDIGO VIC 3550",30/06/2027,Active,Standard registration conditions | Specific registration condition,Andrew Law Pty Ltd,30/06/2027,Active,Standard licence condition
vpa_public_register,2026-07-29T13:34:38.613Z,https://pharmacy.vic.gov.au/register-search/,Vanstan's Pharmacy,Corner Neale and Hammer Streets,Bendigo,VIC,3550,"Corner Neale and Hammer Streets, Bendigo VIC 3550",30/06/2027,Active,Standard registration conditions,Daniel Buttolph,30/06/2027,Active,Standard licence condition
vpa_public_register,2026-07-29T13:34:38.613Z,https://pharmacy.vic.gov.au/register-search/,Vanstan's Pharmacy,Corner Neale and Hammer Streets,Bendigo,VIC,3550,"Corner Neale and Hammer Streets, Bendigo VIC 3550",30/06/2027,Active,Standard registration conditions,Helen Buttolph,30/06/2027,Active,Standard licence condition
vpa_public_register,2026-07-29T13:34:38.613Z,https://pharmacy.vic.gov.au/register-search/,WHITE HILLS PHARMACY,499 Napier Street,White Hills,VIC,3550,"499 Napier Street, White Hills VIC 3550",30/06/2027,Active,Standard registration conditions,S & M Jhaveri Pharmacy Pty Ltd,30/06/2027,Active,Standard licence condition
vpa_public_register,2026-07-29T13:34:38.613Z,https://pharmacy.vic.gov.au/register-search/,Bendigo UFS Maiden Gully,"Shop 2, 741 Calder Highway",MAIDEN GULLY,VIC,3551,"Shop 2, 741 Calder Highway, MAIDEN GULLY VIC 3551",30/06/2027,Active,Standard registration conditions,CENTRAL VICTORIAN UNITED FRIENDLY SOCIETY LTD,30/06/2027,Active,Standard licence condition
vpa_public_register,2026-07-29T13:34:38.613Z,https://pharmacy.vic.gov.au/register-search/,Bendigo UFS Strathfieldsaye,32 Blucher Street,Strathfieldsaye,VIC,3551,"32 Blucher Street, Strathfieldsaye VIC 3551",30/06/2027,Active,Standard registration conditions,BENDIGO UNITED FRIENDLY SOCIETIES PHARMACIES LTD,30/06/2027,Active,Standard licence condition
vpa_public_register,2026-07-29T13:34:38.613Z,https://pharmacy.vic.gov.au/register-search/,CHEMIST WAREHOUSE EPSOM VILLAGE,"Shops 2 - 7, Epsom Village Shopping Centre",Epsom,VIC,3551,"Shops 2 - 7, Epsom Village Shopping Centre, Epsom VIC 3551",30/06/2027,Active,Standard registration conditions,Sasha Robertson,30/06/2027,Active,Standard licence condition
vpa_public_register,2026-07-29T13:34:38.613Z,https://pharmacy.vic.gov.au/register-search/,CHEMIST WAREHOUSE EPSOM VILLAGE,"Shops 2 - 7, Epsom Village Shopping Centre",Epsom,VIC,3551,"Shops 2 - 7, Epsom Village Shopping Centre, Epsom VIC 3551",30/06/2027,Active,Standard registration conditions,Wahid Wardak,30/06/2027,Active,Standard licence condition
vpa_public_register,2026-07-29T13:34:38.613Z,https://pharmacy.vic.gov.au/register-search/,Chemist Warehouse Kangaroo Flat,144 High Street,Kangaroo Flat,VIC,3555,"144 High Street, Kangaroo Flat VIC 3555",30/06/2027,Active,Standard registration conditions,Esther Finocchiaro,30/06/2027,Active,Standard licence condition
vpa_public_register,2026-07-29T13:34:38.613Z,https://pharmacy.vic.gov.au/register-search/,Chemist Warehouse Kangaroo Flat,144 High Street,Kangaroo Flat,VIC,3555,"144 High Street, Kangaroo Flat VIC 3555",30/06/2027,Active,Standard registration conditions,Wahid Wardak,30/06/2027,Active,Standard licence condition
vpa_public_register,2026-07-29T13:34:38.613Z,https://pharmacy.vic.gov.au/register-search/,Golden Square's Pharmacy,305 High Street,GOLDEN SQUARE,VIC,3555,"305 High Street, GOLDEN SQUARE VIC 3555",30/06/2027,Active,Standard registration conditions,Local Locum Pty Ltd,30/06/2027,Active,Standard licence condition
vpa_public_register,2026-07-29T13:34:38.613Z,https://pharmacy.vic.gov.au/register-search/,HEALTHWORKS PHARMACY KANGAROO FLAT,226 High Street,Kangaroo Flat,VIC,3555,"226 High Street, Kangaroo Flat VIC 3555",30/06/2027,Active,Standard registration conditions,Mina Fam,30/06/2027,Active,Standard licence condition
vpa_public_register,2026-07-29T13:34:38.613Z,https://pharmacy.vic.gov.au/register-search/,HEALTHWORKS PHARMACY KANGAROO FLAT,226 High Street,Kangaroo Flat,VIC,3555,"226 High Street, Kangaroo Flat VIC 3555",30/06/2027,Active,Standard registration conditions,Mona Fam,30/06/2027,Active,Standard licence condition
vpa_public_register,2026-07-29T13:34:38.613Z,https://pharmacy.vic.gov.au/register-search/,Kangaroo Flat Community Pharmacy,118 -120 High Street,KANGAROO FLAT,VIC,3555,"118 -120 High Street, KANGAROO FLAT VIC 3555",30/06/2027,Active,Standard registration conditions,KF Pharmacy Pty Ltd,30/06/2027,Active,Standard licence condition
vpa_public_register,2026-07-29T13:34:38.613Z,https://pharmacy.vic.gov.au/register-search/,Priceline Pharmacy Lansell Square,"Shop 153, Lansell Plaza S/C, 267-287 High Street",Kangaroo Flat,VIC,3555,"Shop 153, Lansell Plaza S/C, 267-287 High Street, Kangaroo Flat VIC 3555",30/06/2027,Active,Standard registration conditions,Jerry Ma,30/06/2027,Active,Standard licence condition | Specific licence condition
vpa_public_register,2026-07-29T13:34:38.613Z,https://pharmacy.vic.gov.au/register-search/,EAGLEHAWK UFS DISPENSARY,50 High Street,Eaglehawk,VIC,3556,"50 High Street, Eaglehawk VIC 3556",30/06/2027,Active,Standard registration conditions,EAGLEHAWK UNITED FRIENDLY SOCIETIES DISPENSARY LTD,30/06/2027,Active,Standard licence condition
vpa_public_register,2026-07-29T13:34:38.613Z,https://pharmacy.vic.gov.au/register-search/,Neangar E.U.F.S Pharmacy,Shops 1-2 / 89 Victoria Street,Eaglehawk,VIC,3556,"Shops 1-2 / 89 Victoria Street, Eaglehawk VIC 3556",30/06/2027,Active,Standard registration conditions,EAGLEHAWK UNITED FRIENDLY SOCIETIES DISPENSARY LTD,30/06/2027,Active,Standard licence condition
vpa_public_register,2026-07-29T13:34:38.613Z,https://pharmacy.vic.gov.au/register-search/,Elmore Pharmacy,82 Railway Place,ELMORE,VIC,3558,"82 Railway Place, ELMORE VIC 3558",30/06/2027,Active,Standard registration conditions,Elmore Pharmacy Holdings Pty Ltd,30/06/2027,Active,Standard licence condition
vpa_public_register,2026-07-29T13:34:38.613Z,https://pharmacy.vic.gov.au/register-search/,Depot for Mediconsul Rushworth Pharmacy,"Colbinabbin Supply Store, 37 Mitchell Street",Colbinabbin,VIC,3559,"Colbinabbin Supply Store, 37 Mitchell Street, Colbinabbin VIC 3559",30/06/2027,Active,,,,,
vpa_public_register,2026-07-29T13:34:38.613Z,https://pharmacy.vic.gov.au/register-search/,ROCHESTER CHEMMART PHARMACY,27 Gillies Street,Rochester,VIC,3561,"27 Gillies Street, Rochester VIC 3561",30/06/2027,Active,Standard registration conditions,Caslun Pty Ltd,30/06/2027,Active,Standard licence condition
vpa_public_register,2026-07-29T13:34:38.613Z,https://pharmacy.vic.gov.au/register-search/,Chemist Warehouse Echuca,3 / 102 Northern Highway,Echuca,VIC,3564,"3 / 102 Northern Highway, Echuca VIC 3564",30/06/2027,Active,Standard registration conditions,Brett Clark,30/06/2027,Active,Standard licence condition
vpa_public_register,2026-07-29T13:34:38.613Z,https://pharmacy.vic.gov.au/register-search/,Chemist Warehouse Echuca,3 / 102 Northern Highway,Echuca,VIC,3564,"3 / 102 Northern Highway, Echuca VIC 3564",30/06/2027,Active,Standard registration conditions,David Monks,30/06/2027,Active,Standard licence condition
vpa_public_register,2026-07-29T13:34:38.613Z,https://pharmacy.vic.gov.au/register-search/,Chemsave Rich River Pharmacy,214 Ogilvie Street,Echuca,VIC,3564,"214 Ogilvie Street, Echuca VIC 3564",30/06/2027,Active,Standard registration conditions,Bonsapharm Pty Ltd,30/06/2027,Active,Standard licence condition
vpa_public_register,2026-07-29T13:34:38.613Z,https://pharmacy.vic.gov.au/register-search/,Chemsave Rich River Pharmacy,214 Ogilvie Street,Echuca,VIC,3564,"214 Ogilvie Street, Echuca VIC 3564",30/06/2027,Active,Standard registration conditions,Echuca RX Pty Ltd,30/06/2027,Active,Standard licence condition
vpa_public_register,2026-07-29T13:34:38.613Z,https://pharmacy.vic.gov.au/register-search/,Coburn & Reid Pharmacy,177 Annesley Street,ECHUCA,VIC,3564,"177 Annesley Street, ECHUCA VIC 3564",30/06/2027,Active,Standard registration conditions,B D Coburn Pty Ltd,30/06/2027,Active,Standard licence condition
vpa_public_register,2026-07-29T13:34:38.613Z,https://pharmacy.vic.gov.au/register-search/,Coburn & Reid Pharmacy,177 Annesley Street,ECHUCA,VIC,3564,"177 Annesley Street, ECHUCA VIC 3564",30/06/2027,Active,Standard registration conditions,Balanced Health Pty Ltd,30/06/2027,Active,Standard licence condition
vpa_public_register,2026-07-29T13:34:38.613Z,https://pharmacy.vic.gov.au/register-search/,Coburn & Reid Pharmacy,177 Annesley Street,ECHUCA,VIC,3564,"177 Annesley Street, ECHUCA VIC 3564",30/06/2027,Active,Standard registration conditions,ELM Health Pty Ltd,30/06/2027,Active,Standard licence condition
vpa_public_register,2026-07-29T13:34:38.613Z,https://pharmacy.vic.gov.au/register-search/,Direct Chemist Outlet Echuca West,"Shop 3, 73 - 85 Murray Valley Highway",Echuca,VIC,3564,"Shop 3, 73 - 85 Murray Valley Highway, Echuca VIC 3564",30/06/2027,Active,Standard registration conditions,Ka Kit Chan,30/06/2027,Active,Standard licence condition
vpa_public_register,2026-07-29T13:34:38.613Z,https://pharmacy.vic.gov.au/register-search/,Direct Chemist Outlet Echuca West,"Shop 3, 73 - 85 Murray Valley Highway",Echuca,VIC,3564,"Shop 3, 73 - 85 Murray Valley Highway, Echuca VIC 3564",30/06/2027,Active,Standard registration conditions,Wessam Tossoun,30/06/2027,Active,Standard licence condition
vpa_public_register,2026-07-29T13:34:38.613Z,https://pharmacy.vic.gov.au/register-search/,ECHUCA AMCAL PHARMACY,192 Hare Street,Echuca,VIC,3564,"192 Hare Street, Echuca VIC 3564",30/06/2027,Active,Standard registration conditions,Konstantinos Kostoglou,30/06/2027,Active,Standard licence condition
vpa_public_register,2026-07-29T13:34:38.613Z,https://pharmacy.vic.gov.au/register-search/,Echuca Regional Health Pharmacy Department,226 Service Street,Echuca,VIC,3564,"226 Service Street, Echuca VIC 3564",30/06/2027,Active,,ECHUCA REGIONAL HEALTH,30/06/2027,Active,Standard licence condition
vpa_public_register,2026-07-29T13:34:38.613Z,https://pharmacy.vic.gov.au/register-search/,Priceline Pharmacy Echuca Square,147 - 151 Annesley Street,ECHUCA,VIC,3564,"147 - 151 Annesley Street, ECHUCA VIC 3564",30/06/2027,Active,Standard registration conditions,Konstantinos Kostoglou,30/06/2027,Active,Standard licence condition
vpa_public_register,2026-07-29T13:34:38.613Z,https://pharmacy.vic.gov.au/register-search/,TerryWhite Chemmart Cohuna,63-67 King George Street,Cohuna,VIC,3568,"63-67 King George Street, Cohuna VIC 3568",30/06/2027,Active,Standard registration conditions,Adam Dowell,30/06/2027,Active,Standard licence condition
vpa_public_register,2026-07-29T13:34:38.613Z,https://pharmacy.vic.gov.au/register-search/,TerryWhite Chemmart Cohuna,63-67 King George Street,Cohuna,VIC,3568,"63-67 King George Street, Cohuna VIC 3568",30/06/2027,Active,Standard registration conditions,Kobie McIvor,30/06/2027,Active,Standard licence condition
vpa_public_register,2026-07-29T13:34:38.613Z,https://pharmacy.vic.gov.au/register-search/,TerryWhite Chemmart Cohuna,63-67 King George Street,Cohuna,VIC,3568,"63-67 King George Street, Cohuna VIC 3568",30/06/2027,Active,Standard registration conditions,Lewi Karalis,30/06/2027,Active,Standard licence condition
vpa_public_register,2026-07-29T13:34:38.613Z,https://pharmacy.vic.gov.au/register-search/,TerryWhite Chemmart Cohuna,63-67 King George Street,Cohuna,VIC,3568,"63-67 King George Street, Cohuna VIC 3568",30/06/2027,Active,Standard registration conditions,Melissa Dowell,30/06/2027,Active,Standard licence condition
vpa_public_register,2026-07-29T13:34:38.613Z,https://pharmacy.vic.gov.au/register-search/,TerryWhite Chemmart Cohuna,63-67 King George Street,Cohuna,VIC,3568,"63-67 King George Street, Cohuna VIC 3568",30/06/2027,Active,Standard registration conditions,Simon O'Halloran,30/06/2027,Active,Standard licence condition
vpa_public_register,2026-07-29T13:34:38.613Z,https://pharmacy.vic.gov.au/register-search/,TerryWhite Chemmart Cohuna,63-67 King George Street,Cohuna,VIC,3568,"63-67 King George Street, Cohuna VIC 3568",30/06/2027,Active,Standard registration conditions,Theo Messinis,30/06/2027,Active,Standard licence condition
vpa_public_register,2026-07-29T13:34:38.613Z,https://pharmacy.vic.gov.au/register-search/,DEPOT FOR COHUNA AMCAL PHARMACY,15 Kelly Street,Pyramid Hill,VIC,3575,"15 Kelly Street, Pyramid Hill VIC 3575",30/06/2027,Active,,,,,
vpa_public_register,2026-07-29T13:34:38.613Z,https://pharmacy.vic.gov.au/register-search/,Drug Central Pharmacy - Kerang,91 Boundary Street,Kerang,VIC,3579,"91 Boundary Street, Kerang VIC 3579",30/06/2027,Active,Standard registration conditions,Ngai Chong,30/06/2027,Active,Standard licence condition
vpa_public_register,2026-07-29T13:34:38.613Z,https://pharmacy.vic.gov.au/register-search/,TERRY WHITE CHEMISTS KERANG,28-32 Victoria Street,Kerang,VIC,3579,"28-32 Victoria Street, Kerang VIC 3579",30/06/2027,Active,Standard registration conditions,Ngai Chong,30/06/2027,Active,Standard licence condition
vpa_public_register,2026-07-29T13:34:38.613Z,https://pharmacy.vic.gov.au/register-search/,Lake Boga Pharmacy,3A Marraboor Street,Lake Boga,VIC,3584,"3A Marraboor Street, Lake Boga VIC 3584",30/06/2027,Active,Standard registration conditions,T J Davis Pty Ltd,30/06/2027,Active,Standard licence condition
vpa_public_register,2026-07-29T13:34:38.613Z,https://pharmacy.vic.gov.au/register-search/,MARRABOOR PHARMACY,30-34 McCrae Street,Swan Hill,VIC,3585,"30-34 McCrae Street, Swan Hill VIC 3585",30/06/2027,Active,Standard registration conditions,MARRABOOR PHARMACY PTY LTD,30/06/2027,Active,Standard licence condition
vpa_public_register,2026-07-29T13:34:38.613Z,https://pharmacy.vic.gov.au/register-search/,NYAH WEST PHARMACY,144 Monash Avenue,Nyah West,VIC,3585,"144 Monash Avenue, Nyah West VIC 3585",30/06/2027,Active,Standard registration conditions,Mobile Pharmacist Services Pty Ltd,30/06/2027,Active,Standard licence condition
vpa_public_register,2026-07-29T13:34:38.613Z,https://pharmacy.vic.gov.au/register-search/,Priceline Pharmacy Swan Hill,202-206 Campbell Street,Swan Hill,VIC,3585,"202-206 Campbell Street, Swan Hill VIC 3585",30/06/2027,Active,Standard registration conditions,KENTS PHARMACY PTY LTD,30/06/2027,Active,Standard licence condition
vpa_public_register,2026-07-29T13:34:38.613Z,https://pharmacy.vic.gov.au/register-search/,SWAN HILL DISTRICT HEALTH PHARMACY DEPARTMENT,Splatt Street,Swan Hill,VIC,3585,"Splatt Street, Swan Hill VIC 3585",30/06/2027,Active,,SWAN HILL DISTRICT HEALTH,30/06/2027,Active,Standard licence condition
vpa_public_register,2026-07-29T13:34:38.613Z,https://pharmacy.vic.gov.au/register-search/,Rebecca Baker Pharmacy,"Lot 2, 253-257 High Street",Nagambie,VIC,3608,"Lot 2, 253-257 High Street, Nagambie VIC 3608",30/06/2027,Active,Standard registration conditions,Nagambie Pharmacy Services Pty Ltd,30/06/2027,Active,Standard licence condition
vpa_public_register,2026-07-29T13:34:38.613Z,https://pharmacy.vic.gov.au/register-search/,Murchison Pharmacy,45 Stevenson Street,Murchison,VIC,3610,"45 Stevenson Street, Murchison VIC 3610",30/06/2027,Active,Standard registration conditions,Franco Mattea,30/06/2027,Active,Standard licence condition
vpa_public_register,2026-07-29T13:34:38.613Z,https://pharmacy.vic.gov.au/register-search/,Mediconsul Rushworth Pharmacy,11 High Street,Rushworth,VIC,3612,"11 High Street, Rushworth VIC 3612",30/06/2027,Active,Standard registration conditions,Mediconsul Victoria Pty Ltd,30/06/2027,Active,Standard licence condition
vpa_public_register,2026-07-29T13:34:38.613Z,https://pharmacy.vic.gov.au/register-search/,Tatura Local Pharmacy,Part of 70 Casey Street,Tatura,VIC,3616,"Part of 70 Casey Street, Tatura VIC 3616",30/06/2027,Active,Standard registration conditions,Peter Pantazopoulos,30/06/2027,Active,Standard licence condition
vpa_public_register,2026-07-29T13:34:38.613Z,https://pharmacy.vic.gov.au/register-search/,TATURA PHARMACY,151 Hogan Street,TATURA,VIC,3616,"151 Hogan Street, TATURA VIC 3616",30/06/2027,Active,Standard registration conditions,PAPHEALTH Pty Ltd,30/06/2027,Active,Standard licence condition
vpa_public_register,2026-07-29T13:34:38.613Z,https://pharmacy.vic.gov.au/register-search/,IAN COLLIE PHARMACY,174 Allan Street,Kyabram,VIC,3620,"174 Allan Street, Kyabram VIC 3620",30/06/2027,Active,Standard registration conditions | Specific registration condition,PPHealth Pty Ltd,30/06/2027,Active,Standard licence condition
vpa_public_register,2026-07-29T13:34:38.613Z,https://pharmacy.vic.gov.au/register-search/,TerryWhite Chemmart  Kyabram,155 Allan Street,Kyabram,VIC,3620,"155 Allan Street, Kyabram VIC 3620",30/06/2027,Active,Standard registration conditions,Kyabram Healthcare Pty Ltd,30/06/2027,Active,Standard licence condition
vpa_public_register,2026-07-29T13:34:38.613Z,https://pharmacy.vic.gov.au/register-search/,TONGALA PHARMACY,46 Mangan Street,Tongala,VIC,3621,"46 Mangan Street, Tongala VIC 3621",30/06/2027,Active,Standard registration conditions,J & J Tongala Health Pty Ltd,30/06/2027,Active,Standard licence condition
vpa_public_register,2026-07-29T13:34:38.613Z,https://pharmacy.vic.gov.au/register-search/,TONGALA PHARMACY,46 Mangan Street,Tongala,VIC,3621,"46 Mangan Street, Tongala VIC 3621",30/06/2027,Active,Standard registration conditions,Murray River South Pty Ltd,30/06/2026,Active,Standard licence condition | Specific licence condition
vpa_public_register,2026-07-29T13:34:38.613Z,https://pharmacy.vic.gov.au/register-search/,DEPOT FOR TerryWhite Chemmart Kyabram,29 Birdwood Ave,Stanhope,VIC,3623,"29 Birdwood Ave, Stanhope VIC 3623",30/06/2027,Active,,,,,
vpa_public_register,2026-07-29T13:34:38.613Z,https://pharmacy.vic.gov.au/register-search/,Stanhope Community Pharmacy,Shop at 34 Birdwood Avenue,Stanhope,VIC,3623,"Shop at 34 Birdwood Avenue, Stanhope VIC 3623",30/06/2027,Active,Standard registration conditions,SCPLPO Pty Ltd,30/06/2027,Active,Standard licence condition
vpa_public_register,2026-07-29T13:34:38.613Z,https://pharmacy.vic.gov.au/register-search/,MOOROOPNA CARE PHARMACY,"Ground Floor, 90 McLennan Street",Mooroopna,VIC,3629,"Ground Floor, 90 McLennan Street, Mooroopna VIC 3629",30/06/2027,Active,Standard registration conditions,Mooroopna Care Pharmacy Pty Ltd,30/06/2027,Active,Standard licence condition
vpa_public_register,2026-07-29T13:34:38.613Z,https://pharmacy.vic.gov.au/register-search/,PAUL WICKHAM PHARMACY,83 McLennan Street,Mooroopna,VIC,3629,"83 McLennan Street, Mooroopna VIC 3629",30/06/2027,Active,Standard registration conditions,Paul Wickham Pharmacy Pty Ltd,30/06/2027,Active,Standard licence condition
vpa_public_register,2026-07-29T13:34:38.613Z,https://pharmacy.vic.gov.au/register-search/,TerryWhite Chemmart Mooroopna,"Shop 4, Mooroopna Park Shopping Centre, 4 Macissac Road",Mooroopna,VIC,3629,"Shop 4, Mooroopna Park Shopping Centre, 4 Macissac Road, Mooroopna VIC 3629",30/06/2027,Active,Standard registration conditions,Trinity Plus Pty Ltd,30/06/2027,Active,Standard licence condition
vpa_public_register,2026-07-29T13:34:38.613Z,https://pharmacy.vic.gov.au/register-search/,Chemist Discount Centre Shepparton,"R00-002, Shepparton Marketplace, 110-120 Benalla Road",Shepparton,VIC,3630,"R00-002, Shepparton Marketplace, 110-120 Benalla Road, Shepparton VIC 3630",30/06/2027,Active,Standard registration conditions,Melvin Deo,30/06/2027,Active,Standard licence condition
vpa_public_register,2026-07-29T13:34:38.613Z,https://pharmacy.vic.gov.au/register-search/,CHEMIST WAREHOUSE - SHEPPARTON,425-429 Wyndham Street,Shepparton,VIC,3630,"425-429 Wyndham Street, Shepparton VIC 3630",30/06/2027,Active,Standard registration conditions,EAST YARRA FRIENDLY SOCIETY PTY LTD,30/06/2027,Active,Standard licence condition
vpa_public_register,2026-07-29T13:34:38.613Z,https://pharmacy.vic.gov.au/register-search/,CHEMIST WAREHOUSE - SHEPPARTON,425-429 Wyndham Street,Shepparton,VIC,3630,"425-429 Wyndham Street, Shepparton VIC 3630",30/06/2027,Active,Standard registration conditions,Ehab Mikhail,30/06/2027,Active,Standard licence condition
vpa_public_register,2026-07-29T13:34:38.613Z,https://pharmacy.vic.gov.au/register-search/,Chemist Warehouse Shepparton North,127 Numurkah Road,SHEPPARTON NORTH,VIC,3630,"127 Numurkah Road, SHEPPARTON NORTH VIC 3630",30/06/2027,Active,Standard registration conditions,Ehab Mikhail,30/06/2027,Active,Standard licence condition
vpa_public_register,2026-07-29T13:34:38.613Z,https://pharmacy.vic.gov.au/register-search/,Direct Chemist Outlet - Shepparton,248 - 250 Wyndham Street,Shepparton,VIC,3630,"248 - 250 Wyndham Street, Shepparton VIC 3630",30/06/2027,Active,Standard registration conditions,CL & DL Health Pty Ltd,30/06/2027,Active,Standard licence condition
vpa_public_register,2026-07-29T13:34:38.613Z,https://pharmacy.vic.gov.au/register-search/,Direct Chemist Outlet - Shepparton,248 - 250 Wyndham Street,Shepparton,VIC,3630,"248 - 250 Wyndham Street, Shepparton VIC 3630",30/06/2027,Active,Standard registration conditions,HEALTHVIBE PTY LTD,30/06/2027,Active,Standard licence condition
vpa_public_register,2026-07-29T13:34:38.613Z,https://pharmacy.vic.gov.au/register-search/,Family Care Pharmacy Shepparton,"Shop 14, 310 High Street",Shepparton,VIC,3630,"Shop 14, 310 High Street, Shepparton VIC 3630",30/06/2027,Active,Standard registration conditions,Cenizal Pty Ltd,30/06/2027,Active,Standard licence condition
vpa_public_register,2026-07-29T13:34:38.613Z,https://pharmacy.vic.gov.au/register-search/,Family Care Pharmacy Shepparton,"Shop 14, 310 High Street",Shepparton,VIC,3630,"Shop 14, 310 High Street, Shepparton VIC 3630",30/06/2027,Active,Standard registration conditions,FAMILY CARE PHARMACY PTY LTD,30/06/2027,Active,Standard licence condition
vpa_public_register,2026-07-29T13:34:38.613Z,https://pharmacy.vic.gov.au/register-search/,Family Care Pharmacy Shepparton,"Shop 14, 310 High Street",Shepparton,VIC,3630,"Shop 14, 310 High Street, Shepparton VIC 3630",30/06/2027,Active,Standard registration conditions,Sison Pty Ltd,30/06/2027,Active,Standard licence condition
vpa_public_register,2026-07-29T13:34:38.613Z,https://pharmacy.vic.gov.au/register-search/,GOULBURN VALLEY HOSPITAL PHARMACY DEPARTMENT,Graham Street,Shepparton,VIC,3630,"Graham Street, Shepparton VIC 3630",30/06/2026,Active,,GOULBURN VALLEY HEALTH,30/06/2027,Active,Standard licence condition
vpa_public_register,2026-07-29T13:34:38.613Z,https://pharmacy.vic.gov.au/register-search/,Ramsay Pharmacy Shepparton,131 Wyndham Street,Shepparton,VIC,3630,"131 Wyndham Street, Shepparton VIC 3630",30/06/2027,Active,Standard registration conditions,Joelle Health Pty Ltd,30/06/2027,Active,Standard licence condition
vpa_public_register,2026-07-29T13:34:38.613Z,https://pharmacy.vic.gov.au/register-search/,Reid's Pharmacy,92 - 96 Maude Street,SHEPPARTON,VIC,3630,"92 - 96 Maude Street, SHEPPARTON VIC 3630",30/06/2027,Active,Standard registration conditions,LKB Pharmacy Pty Ltd,30/06/2027,Active,Standard licence condition
vpa_public_register,2026-07-29T13:34:38.613Z,https://pharmacy.vic.gov.au/register-search/,Shepparton Centre Pharmacy,Shop 14 & 15 of 276 - 278 Maude Street,Shepparton,VIC,3630,"Shop 14 & 15 of 276 - 278 Maude Street, Shepparton VIC 3630",30/06/2027,Active,Standard registration conditions,L & L Health Pty Ltd,30/06/2027,Active,Standard licence condition
vpa_public_register,2026-07-29T13:34:38.613Z,https://pharmacy.vic.gov.au/register-search/,Shepparton Private Hospital Pharmacy Department,20 Fitzgerald Street,SHEPPARTON,VIC,3630,"20 Fitzgerald Street, SHEPPARTON VIC 3630",30/06/2027,Active,,Shepparton Private Hospital,30/06/2027,Active,Standard licence condition
vpa_public_register,2026-07-29T13:34:38.613Z,https://pharmacy.vic.gov.au/register-search/,TerryWhite Chemmart Shepparton,310 - 312 Wyndham Street,Shepparton,VIC,3630,"310 - 312 Wyndham Street, Shepparton VIC 3630",30/06/2027,Active,Standard registration conditions,Melvin Deo,30/06/2027,Active,Standard licence condition
vpa_public_register,2026-07-29T13:34:38.613Z,https://pharmacy.vic.gov.au/register-search/,CHEMIST WAREHOUSE RIVERSIDE PLAZA,"Shop 14, Riverside Plaza, Riverview Drive",Kialla,VIC,3631,"Shop 14, Riverside Plaza, Riverview Drive, Kialla VIC 3631",30/06/2027,Active,Standard registration conditions,Ehab Mikhail,30/06/2027,Active,Standard licence condition
vpa_public_register,2026-07-29T13:34:38.613Z,https://pharmacy.vic.gov.au/register-search/,CHEMIST WAREHOUSE RIVERSIDE PLAZA,"Shop 14, Riverside Plaza, Riverview Drive",Kialla,VIC,3631,"Shop 14, Riverside Plaza, Riverview Drive, Kialla VIC 3631",30/06/2027,Active,Standard registration conditions,Philip Colasante,30/06/2027,Active,Standard licence condition
vpa_public_register,2026-07-29T13:34:38.613Z,https://pharmacy.vic.gov.au/register-search/,Chemist Discount Centre Numurkah,80 Melville Street,Numurkah,VIC,3636,"80 Melville Street, Numurkah VIC 3636",30/06/2027,Active,Standard registration conditions,Rajnita Devi,30/06/2027,Active,Standard licence condition
vpa_public_register,2026-07-29T13:34:38.613Z,https://pharmacy.vic.gov.au/register-search/,Chemist Discount Centre Numurkah,80 Melville Street,Numurkah,VIC,3636,"80 Melville Street, Numurkah VIC 3636",30/06/2027,Active,Standard registration conditions,Ravinesh Maharaj,30/06/2027,Active,Standard licence condition
vpa_public_register,2026-07-29T13:34:38.613Z,https://pharmacy.vic.gov.au/register-search/,Numurkah Pharmacy CW and KM Stone and KE Brennan,23 - 25 Melville Street,Numurkah,VIC,3636,"23 - 25 Melville Street, Numurkah VIC 3636",30/06/2027,Active,Standard registration conditions,Colin Stone,30/06/2027,Active,Standard licence condition
vpa_public_register,2026-07-29T13:34:38.613Z,https://pharmacy.vic.gov.au/register-search/,Numurkah Pharmacy CW and KM Stone and KE Brennan,23 - 25 Melville Street,Numurkah,VIC,3636,"23 - 25 Melville Street, Numurkah VIC 3636",30/06/2027,Active,Standard registration conditions,katrina brennan,30/06/2027,Active,Standard licence condition
vpa_public_register,2026-07-29T13:34:38.613Z,https://pharmacy.vic.gov.au/register-search/,Numurkah Pharmacy CW and KM Stone and KE Brennan,23 - 25 Melville Street,Numurkah,VIC,3636,"23 - 25 Melville Street, Numurkah VIC 3636",30/06/2027,Active,Standard registration conditions,Kerry Stone,30/06/2027,Active,Standard licence condition
vpa_public_register,2026-07-29T13:34:38.613Z,https://pharmacy.vic.gov.au/register-search/,NATHALIA PHARMACY,10 Blake Street,Nathalia,VIC,3638,"10 Blake Street, Nathalia VIC 3638",30/06/2027,Active,Standard registration conditions,Murray River South Pty Ltd,30/06/2026,Active,Standard licence condition | Specific licence condition
vpa_public_register,2026-07-29T13:34:38.613Z,https://pharmacy.vic.gov.au/register-search/,NATHALIA PHARMACY,10 Blake Street,Nathalia,VIC,3638,"10 Blake Street, Nathalia VIC 3638",30/06/2027,Active,Standard registration conditions,Simfern Nathalia Pty Ltd,30/06/2027,Active,Standard licence condition
vpa_public_register,2026-07-29T13:34:38.613Z,https://pharmacy.vic.gov.au/register-search/,Chemist Warehouse Cobram Village,"T02, Cobram Village, 4 Cobram-Koonoomoo Road",Cobram,VIC,3644,"T02, Cobram Village, 4 Cobram-Koonoomoo Road, Cobram VIC 3644",30/06/2027,Active,Standard registration conditions,Pharmacy O2561 Pty Ltd,30/06/2027,Active,Standard licence condition
vpa_public_register,2026-07-29T13:34:38.613Z,https://pharmacy.vic.gov.au/register-search/,Cobram Discount Drug Store,69-71 Punt Road,Cobram,VIC,3644,"69-71 Punt Road, Cobram VIC 3644",30/06/2027,Active,Standard registration conditions,Cobram Discount Pharmacy Pty Ltd,30/06/2027,Active,Standard licence condition
vpa_public_register,2026-07-29T13:34:38.613Z,https://pharmacy.vic.gov.au/register-search/,TerryWhite Chemmart Cobram,34 Punt Road,Cobram,VIC,3644,"34 Punt Road, Cobram VIC 3644",30/06/2027,Active,Standard registration conditions,PAUL UKICH PHARMACY PTY LTD,30/06/2027,Active,Standard licence condition
vpa_public_register,2026-07-29T13:34:38.613Z,https://pharmacy.vic.gov.au/register-search/,TerryWhite Chemmart Cobram,34 Punt Road,Cobram,VIC,3644,"34 Punt Road, Cobram VIC 3644",30/06/2027,Active,Standard registration conditions,Tamara Bate Pharmacy Pty Ltd,30/06/2027,Active,Standard licence condition
vpa_public_register,2026-07-29T13:34:38.613Z,https://pharmacy.vic.gov.au/register-search/,BROADFORD PHARMACY,77 High Street,Broadford,VIC,3658,"77 High Street, Broadford VIC 3658",30/06/2027,Active,Standard registration conditions,Broadford Healthcare Pty Ltd,30/06/2027,Active,Standard licence condition
vpa_public_register,2026-07-29T13:34:38.613Z,https://pharmacy.vic.gov.au/register-search/,Chemist Discount Centre Seymour,68 - 70 Station Street,SEYMOUR,VIC,3660,"68 - 70 Station Street, SEYMOUR VIC 3660",30/06/2027,Active,Standard registration conditions,John Kardis,30/06/2027,Active,Standard licence condition
vpa_public_register,2026-07-29T13:34:38.613Z,https://pharmacy.vic.gov.au/register-search/,Chemist Discount Centre Seymour,68 - 70 Station Street,SEYMOUR,VIC,3660,"68 - 70 Station Street, SEYMOUR VIC 3660",30/06/2027,Active,Standard registration conditions,Melinda Gray,30/06/2027,Active,Standard licence condition
vpa_public_register,2026-07-29T13:34:38.613Z,https://pharmacy.vic.gov.au/register-search/,Chemist Discount Centre Seymour,68 - 70 Station Street,SEYMOUR,VIC,3660,"68 - 70 Station Street, SEYMOUR VIC 3660",30/06/2027,Active,Standard registration conditions,SKS Pharmacies Pty Ltd,30/06/2027,Active,Standard licence condition
vpa_public_register,2026-07-29T13:34:38.613Z,https://pharmacy.vic.gov.au/register-search/,DENNIS KILMARTIN PHARMACY,58-60 Station Street,Seymour,VIC,3660,"58-60 Station Street, Seymour VIC 3660",30/06/2027,Active,Standard registration conditions,Seagold Enterprises Pty Ltd,30/06/2027,Active,Standard licence condition
vpa_public_register,2026-07-29T13:34:38.613Z,https://pharmacy.vic.gov.au/register-search/,Avenel Pharmacy,2 Queen Street,AVENEL,VIC,3664,"2 Queen Street, AVENEL VIC 3664",30/06/2027,Active,Standard registration conditions,Avenel Chemist Pty Ltd,30/06/2027,Active,Standard licence condition
vpa_public_register,2026-07-29T13:34:38.613Z,https://pharmacy.vic.gov.au/register-search/,Euroa Community Pharmacy,15 Tarcombe Street,Euroa,VIC,3666,"15 Tarcombe Street, Euroa VIC 3666",30/06/2027,Active,Standard registration conditions,Euroa Healthcare Pty Ltd,30/06/2027,Active,Standard licence condition
vpa_public_register,2026-07-29T13:34:38.613Z,https://pharmacy.vic.gov.au/register-search/,EUROA PHARMACY,26 Binney Street,Euroa,VIC,3666,"26 Binney Street, Euroa VIC 3666",30/06/2027,Active,Standard registration conditions,Euroa Healthcare Pty Ltd,30/06/2027,Active,Standard licence condition
vpa_public_register,2026-07-29T13:34:38.613Z,https://pharmacy.vic.gov.au/register-search/,Violet Town Pharmacy,24 Cowslip Street,Violet Town,VIC,3669,"24 Cowslip Street, Violet Town VIC 3669",30/06/2027,Active,Specific registration condition | Standard registration conditions,QUOC PHONG LUU,30/06/2027,Active,Standard licence condition
vpa_public_register,2026-07-29T13:34:38.613Z,https://pharmacy.vic.gov.au/register-search/,BENALLA HEALTH PHARMACY DEPARTMENT,45-53 Coster Street,Benalla,VIC,3672,"45-53 Coster Street, Benalla VIC 3672",30/06/2027,Active,,BENALLA HEALTH,30/06/2027,Active,Standard licence condition
vpa_public_register,2026-07-29T13:34:38.613Z,https://pharmacy.vic.gov.au/register-search/,Benalla Pharmacy Healthsave,65 Bridge Street East,Benalla,VIC,3672,"65 Bridge Street East, Benalla VIC 3672",30/06/2027,Active,Standard registration conditions | Specific registration condition,Benalla Pharmacy Pty Ltd,30/06/2027,Active,Standard licence condition
vpa_public_register,2026-07-29T13:34:38.613Z,https://pharmacy.vic.gov.au/register-search/,Chemist Warehouse Benalla,31 - 35 Bridge Street East,BENALLA,VIC,3672,"31 - 35 Bridge Street East, BENALLA VIC 3672",30/06/2027,Active,Standard registration conditions,Ehab Mikhail,30/06/2027,Active,Standard licence condition
vpa_public_register,2026-07-29T13:34:38.613Z,https://pharmacy.vic.gov.au/register-search/,Chemist Warehouse Benalla,31 - 35 Bridge Street East,BENALLA,VIC,3672,"31 - 35 Bridge Street East, BENALLA VIC 3672",30/06/2027,Active,Standard registration conditions,Sunil Narula,30/06/2027,Active,Standard licence condition
vpa_public_register,2026-07-29T13:34:38.613Z,https://pharmacy.vic.gov.au/register-search/,Jenny Milner-Marsha Watson Pharmacy,55 Bridge Street,Benalla,VIC,3672,"55 Bridge Street, Benalla VIC 3672",30/06/2027,Active,Standard registration conditions,DTRP Group Pty Ltd,30/06/2027,Active,Standard licence condition
vpa_public_register,2026-07-29T13:34:38.613Z,https://pharmacy.vic.gov.au/register-search/,TerryWhite Chemmart Benalla,27-29 Bridge Street,Benalla,VIC,3672,"27-29 Bridge Street, Benalla VIC 3672",30/06/2027,Active,Standard registration conditions,SSCR Pharmacies Pty Ltd,30/06/2027,Active,Standard licence condition
vpa_public_register,2026-07-29T13:34:38.613Z,https://pharmacy.vic.gov.au/register-search/,Glenrowan Pharmacy,40 Gladstone Street,Glenrowan,VIC,3675,"40 Gladstone Street, Glenrowan VIC 3675",30/06/2027,Active,Standard registration conditions,Sherwin Kashani,30/06/2027,Active,Standard licence condition
vpa_public_register,2026-07-29T13:34:38.613Z,https://pharmacy.vic.gov.au/register-search/,Chemist Warehouse Wangaratta Distribution Centre,180 - 182 Tone Road,WANGARATTA,VIC,3676,"180 - 182 Tone Road, WANGARATTA VIC 3676",30/06/2027,Active,Standard registration conditions,Maria Constantinou,30/06/2027,Active,Standard licence condition
vpa_public_register,2026-07-29T13:34:38.613Z,https://pharmacy.vic.gov.au/register-search/,Chemist Warehouse Wangaratta Distribution Centre,180 - 182 Tone Road,WANGARATTA,VIC,3676,"180 - 182 Tone Road, WANGARATTA VIC 3676",30/06/2027,Active,Standard registration conditions,Remon Awad Pty Ltd,30/06/2027,Active,Standard licence condition
vpa_public_register,2026-07-29T13:34:38.613Z,https://pharmacy.vic.gov.au/register-search/,Chemist Warehouse Wangaratta Distribution Centre,180 - 182 Tone Road,WANGARATTA,VIC,3676,"180 - 182 Tone Road, WANGARATTA VIC 3676",30/06/2027,Active,Standard registration conditions,Sunil Narula,30/06/2027,Active,Standard licence condition
vpa_public_register,2026-07-29T13:34:38.613Z,https://pharmacy.vic.gov.au/register-search/,CURTIS  ADAMS PHARMACY,46 Reid Street,Wangaratta,VIC,3677,"46 Reid Street, Wangaratta VIC 3677",30/06/2027,Active,Standard registration conditions,AWRR CA Pty Ltd,30/06/2027,Active,Standard licence condition
vpa_public_register,2026-07-29T13:34:38.613Z,https://pharmacy.vic.gov.au/register-search/,NORTHEAST HEALTH WANGARATTA PHARMACY DEPARTMENT,"Green Street, PO Box 386",Wangaratta,VIC,3677,"Green Street, PO Box 386, Wangaratta VIC 3677",30/06/2027,Active,Specific registration condition,"NORTHEAST HEALTH, WANGARATTA BASE HOSPITAL",30/06/2027,Active,Standard licence condition
vpa_public_register,2026-07-29T13:34:38.613Z,https://pharmacy.vic.gov.au/register-search/,Ramsay Pharmacy Ovens Street,74 Ovens Street,Wangaratta,VIC,3677,"74 Ovens Street, Wangaratta VIC 3677",30/06/2027,Active,Standard registration conditions,Pharmacia Pty Ltd,30/06/2027,Active,Standard licence condition
vpa_public_register,2026-07-29T13:34:38.613Z,https://pharmacy.vic.gov.au/register-search/,Ramsay Pharmacy Wangaratta,35-37 Murphy Street,Wangaratta,VIC,3677,"35-37 Murphy Street, Wangaratta VIC 3677",30/06/2027,Active,Standard registration conditions,Pharmacia Pty Ltd,30/06/2027,Active,Standard licence condition
vpa_public_register,2026-07-29T13:34:38.613Z,https://pharmacy.vic.gov.au/register-search/,ROBERTSON'S PHARMACY,53 Phillipson Street,Wangaratta,VIC,3677,"53 Phillipson Street, Wangaratta VIC 3677",30/06/2027,Active,Standard registration conditions,AWRR RP Pty Ltd,30/06/2027,Active,Standard licence condition
vpa_public_register,2026-07-29T13:34:38.613Z,https://pharmacy.vic.gov.au/register-search/,Milawa Pharmacy,"Shop 1, 1605B Snow Road",MILAWA,VIC,3678,"Shop 1, 1605B Snow Road, MILAWA VIC 3678",30/06/2027,Active,Standard registration conditions,Sherwin Kashani,30/06/2027,Active,Standard licence condition
vpa_public_register,2026-07-29T13:34:38.613Z,https://pharmacy.vic.gov.au/register-search/,Chiltern Pharmacy,1 / 26 Conness Street,CHILTERN,VIC,3683,"1 / 26 Conness Street, CHILTERN VIC 3683",30/06/2027,Active,Standard registration conditions,Odey Jamel,30/06/2027,Active,Standard licence condition
vpa_public_register,2026-07-29T13:34:38.613Z,https://pharmacy.vic.gov.au/register-search/,Miegels Pharmacy Rutherglen,134 Main Street,Rutherglen,VIC,3685,"134 Main Street, Rutherglen VIC 3685",30/06/2027,Active,Standard registration conditions,Rutherglen (VIC) Pharmacy Pty Ltd,30/06/2027,Active,Standard licence condition
vpa_public_register,2026-07-29T13:34:38.613Z,https://pharmacy.vic.gov.au/register-search/,Miegels Pharmacy Rutherglen,134 Main Street,Rutherglen,VIC,3685,"134 Main Street, Rutherglen VIC 3685",30/06/2027,Active,Standard registration conditions,Rutherglen Good Health Pty Ltd,30/06/2027,Active,Standard licence condition
vpa_public_register,2026-07-29T13:34:38.613Z,https://pharmacy.vic.gov.au/register-search/,Miegels Pharmacy Rutherglen,134 Main Street,Rutherglen,VIC,3685,"134 Main Street, Rutherglen VIC 3685",30/06/2027,Active,Standard registration conditions,Atkins Pharmacies Pty Ltd,30/06/2027,Inactive,Standard licence condition
vpa_public_register,2026-07-29T13:34:38.613Z,https://pharmacy.vic.gov.au/register-search/,ALBURY WODONGA HEALTH (WODONGA CAMPUS) PHARMACY DEPARTMENT,Vermont Street,Wodonga,VIC,3690,"Vermont Street, Wodonga VIC 3690",30/06/2027,Active,,ALBURY WODONGA HEALTH,30/06/2027,Active,Standard licence condition
vpa_public_register,2026-07-29T13:34:38.613Z,https://pharmacy.vic.gov.au/register-search/,Chemist Warehouse Birallee Village Shopping Centre,"Shop G11 - G15, Birallee Village Shopping Centre, 99 Melrose Drive",WODONGA,VIC,3690,"Shop G11 - G15, Birallee Village Shopping Centre, 99 Melrose Drive, WODONGA VIC 3690",30/06/2027,Active,Standard registration conditions,B Hardley No 2 Pty Ltd,30/06/2027,Active,Standard licence condition
vpa_public_register,2026-07-29T13:34:38.613Z,https://pharmacy.vic.gov.au/register-search/,Chemist Warehouse Birallee Village Shopping Centre,"Shop G11 - G15, Birallee Village Shopping Centre, 99 Melrose Drive",WODONGA,VIC,3690,"Shop G11 - G15, Birallee Village Shopping Centre, 99 Melrose Drive, WODONGA VIC 3690",30/06/2027,Active,Standard registration conditions,Maria Constantinou,30/06/2027,Active,Standard licence condition
vpa_public_register,2026-07-29T13:34:38.613Z,https://pharmacy.vic.gov.au/register-search/,Chemist Warehouse Birallee Village Shopping Centre,"Shop G11 - G15, Birallee Village Shopping Centre, 99 Melrose Drive",WODONGA,VIC,3690,"Shop G11 - G15, Birallee Village Shopping Centre, 99 Melrose Drive, WODONGA VIC 3690",30/06/2027,Active,Standard registration conditions,Remon Awad Pty Ltd,30/06/2027,Active,Standard licence condition
vpa_public_register,2026-07-29T13:34:38.613Z,https://pharmacy.vic.gov.au/register-search/,Chemist Warehouse Wodonga,"Shop 1, 180-184 High Street",Wodonga,VIC,3690,"Shop 1, 180-184 High Street, Wodonga VIC 3690",30/06/2027,Active,Standard registration conditions,B Hardley No 2 Pty Ltd,30/06/2027,Active,Standard licence condition
vpa_public_register,2026-07-29T13:34:38.613Z,https://pharmacy.vic.gov.au/register-search/,Chemist Warehouse Wodonga,"Shop 1, 180-184 High Street",Wodonga,VIC,3690,"Shop 1, 180-184 High Street, Wodonga VIC 3690",30/06/2027,Active,Standard registration conditions,Maria Constantinou,30/06/2027,Active,Standard licence condition
vpa_public_register,2026-07-29T13:34:38.613Z,https://pharmacy.vic.gov.au/register-search/,Chemist Warehouse Wodonga Plaza,"Shop MM001, Wodonga Plaza, 55-71 Elgin Boulevard",Wodonga,VIC,3690,"Shop MM001, Wodonga Plaza, 55-71 Elgin Boulevard, Wodonga VIC 3690",30/06/2027,Active,Standard registration conditions,B Hardley No 2 Pty Ltd,30/06/2027,Active,Standard licence condition
vpa_public_register,2026-07-29T13:34:38.613Z,https://pharmacy.vic.gov.au/register-search/,Chemist Warehouse Wodonga Plaza,"Shop MM001, Wodonga Plaza, 55-71 Elgin Boulevard",Wodonga,VIC,3690,"Shop MM001, Wodonga Plaza, 55-71 Elgin Boulevard, Wodonga VIC 3690",30/06/2027,Active,Standard registration conditions,Maria Constantinou,30/06/2027,Active,Standard licence condition
vpa_public_register,2026-07-29T13:34:38.613Z,https://pharmacy.vic.gov.au/register-search/,Elmwood Pharmacy Wodonga,1 /109 Hume Street,Wodonga,VIC,3690,"1 /109 Hume Street, Wodonga VIC 3690",30/06/2027,Active,Standard registration conditions,Hari-Krishna Pharmacy Pty Ltd,30/06/2027,Active,Standard licence condition
vpa_public_register,2026-07-29T13:34:38.613Z,https://pharmacy.vic.gov.au/register-search/,GOOD PRICE PHARMACY WAREHOUSE - WODONGA,"Tenancy 8 Wodonga Homemaker Centre, 285 Victoria Cross Parade",Wodonga,VIC,3690,"Tenancy 8 Wodonga Homemaker Centre, 285 Victoria Cross Parade, Wodonga VIC 3690",30/06/2027,Active,Standard registration conditions,GPP WODONGA PTY LTD,30/06/2027,Active,Standard licence condition
vpa_public_register,2026-07-29T13:34:38.613Z,https://pharmacy.vic.gov.au/register-search/,Terry White Chemists Daintree Medical,"Part of Daintree Medical Centre, 7 Daintree Way",WEST WODONGA,VIC,3690,"Part of Daintree Medical Centre, 7 Daintree Way, WEST WODONGA VIC 3690",30/06/2027,Active,Standard registration conditions,Petkage Pty Ltd,30/06/2027,Active,Standard licence condition
vpa_public_register,2026-07-29T13:34:38.613Z,https://pharmacy.vic.gov.au/register-search/,Terry White Chemmart Wodonga,1/127 High Street,Wodonga,VIC,3690,"1/127 High Street, Wodonga VIC 3690",30/06/2027,Active,Standard registration conditions,Cominharp Pty Ltd,30/06/2027,Active,Standard licence condition
vpa_public_register,2026-07-29T13:34:38.613Z,https://pharmacy.vic.gov.au/register-search/,United Chemists Wodonga,"Shop 4 & 5, Woolworths White Box Rise, Corner Victoria Cross Parade & Kelliher Avenue",Wodonga,VIC,3690,"Shop 4 & 5, Woolworths White Box Rise, Corner Victoria Cross Parade & Kelliher Avenue, Wodonga VIC 3690",30/06/2027,Active,Standard registration conditions,Wodonga Pharmacy Pty Ltd,30/06/2027,Active,Standard licence condition
vpa_public_register,2026-07-29T13:34:38.613Z,https://pharmacy.vic.gov.au/register-search/,Tangam Pharmacy,1 / 50 Kiewa East Road,TANGAMBALANGA,VIC,3691,"1 / 50 Kiewa East Road, TANGAMBALANGA VIC 3691",30/06/2027,Active,Standard registration conditions,Michel Beniamine,30/06/2027,Active,Standard licence condition
vpa_public_register,2026-07-29T13:34:38.613Z,https://pharmacy.vic.gov.au/register-search/,DEPOT FOR MOUNT BEAUTY PHARMACY,"Falls Creek Resort Management Office, 1 Slalom Street",Falls Creek,VIC,3699,"Falls Creek Resort Management Office, 1 Slalom Street, Falls Creek VIC 3699",30/06/2027,Active,,,,,
vpa_public_register,2026-07-29T13:34:38.613Z,https://pharmacy.vic.gov.au/register-search/,Mount Beauty Pharmacy,22 Hollonds Street,Mount Beauty,VIC,3699,"22 Hollonds Street, Mount Beauty VIC 3699",30/06/2027,Active,Standard registration conditions,High Country Pharmacy Pty Ltd,30/06/2027,Active,Standard licence condition
vpa_public_register,2026-07-29T13:34:38.613Z,https://pharmacy.vic.gov.au/register-search/,TALLANGATTA PHARMACY,29 Towong Street,Tallangatta,VIC,3700,"29 Towong Street, Tallangatta VIC 3700",30/06/2027,Active,Standard registration conditions,Hai Lun Feng,30/06/2027,Active,Standard licence condition
vpa_public_register,2026-07-29T13:34:38.613Z,https://pharmacy.vic.gov.au/register-search/,CORRYONG PHARMACY,55 Hanson Street,Corryong,VIC,3707,"55 Hanson Street, Corryong VIC 3707",30/06/2027,Active,Standard registration conditions,Hirschjager Pty Ltd,30/06/2027,Active,Standard licence condition
vpa_public_register,2026-07-29T13:34:38.613Z,https://pharmacy.vic.gov.au/register-search/,Eildon Chemmart Pharmacy,18A Main Street,Eildon,VIC,3713,"18A Main Street, Eildon VIC 3713",30/06/2027,Active,Standard registration conditions,Benjamin Brndusic,30/06/2027,Active,Standard licence condition
vpa_public_register,2026-07-29T13:34:38.613Z,https://pharmacy.vic.gov.au/register-search/,Eildon Chemmart Pharmacy,18A Main Street,Eildon,VIC,3713,"18A Main Street, Eildon VIC 3713",30/06/2027,Active,Standard registration conditions,Christopher Zoanetti,30/06/2027,Active,Standard licence condition
vpa_public_register,2026-07-29T13:34:38.613Z,https://pharmacy.vic.gov.au/register-search/,Eildon Chemmart Pharmacy,18A Main Street,Eildon,VIC,3713,"18A Main Street, Eildon VIC 3713",30/06/2027,Active,Standard registration conditions,Samuel Brndusic,30/06/2027,Active,Standard licence condition
vpa_public_register,2026-07-29T13:34:38.613Z,https://pharmacy.vic.gov.au/register-search/,ALEXANDRA COMMUNITY PHARMACY,101 Grant Street,ALEXANDRA,VIC,3714,"101 Grant Street, ALEXANDRA VIC 3714",30/06/2027,Active,Standard registration conditions,Aju Tom Thomas,30/06/2027,Active,Standard licence condition
vpa_public_register,2026-07-29T13:34:38.613Z,https://pharmacy.vic.gov.au/register-search/,ALEXANDRA COMMUNITY PHARMACY,101 Grant Street,ALEXANDRA,VIC,3714,"101 Grant Street, ALEXANDRA VIC 3714",30/06/2027,Active,Standard registration conditions,Cinoj Thomas,30/06/2027,Active,Standard licence condition
vpa_public_register,2026-07-29T13:34:38.613Z,https://pharmacy.vic.gov.au/register-search/,ALEXANDRA COMMUNITY PHARMACY,101 Grant Street,ALEXANDRA,VIC,3714,"101 Grant Street, ALEXANDRA VIC 3714",30/06/2027,Active,Standard registration conditions,Gary Pollard,30/06/2027,Active,Standard licence condition
vpa_public_register,2026-07-29T13:34:38.613Z,https://pharmacy.vic.gov.au/register-search/,ALEXANDRA COMMUNITY PHARMACY,101 Grant Street,ALEXANDRA,VIC,3714,"101 Grant Street, ALEXANDRA VIC 3714",30/06/2027,Active,Standard registration conditions,Ian Davis,30/06/2027,Active,Standard licence condition
vpa_public_register,2026-07-29T13:34:38.613Z,https://pharmacy.vic.gov.au/register-search/,The Cold Kit Specialists,45A Grant Street,ALEXANDRA,VIC,3714,"45A Grant Street, ALEXANDRA VIC 3714",30/06/2027,Active,Standard registration conditions | Specific registration condition,Bordertopes Pty Ltd,30/06/2027,Active,Standard licence condition
vpa_public_register,2026-07-29T13:34:38.613Z,https://pharmacy.vic.gov.au/register-search/,YEA PHARMACY,72 High Street,Yea,VIC,3717,"72 High Street, Yea VIC 3717",30/06/2027,Active,Standard registration conditions,Daisy Ngau,30/06/2027,Active,Standard licence condition
vpa_public_register,2026-07-29T13:34:38.613Z,https://pharmacy.vic.gov.au/register-search/,YEA PHARMACY,72 High Street,Yea,VIC,3717,"72 High Street, Yea VIC 3717",30/06/2027,Active,Standard registration conditions,David Ngo,30/06/2027,Active,Standard licence condition
vpa_public_register,2026-07-29T13:34:38.613Z,https://pharmacy.vic.gov.au/register-search/,EISNER'S PHARMACY,79 High Street,Mansfield,VIC,3722,"79 High Street, Mansfield VIC 3722",30/06/2027,Active,Standard registration conditions,EP Pharmacy Pty Ltd,30/06/2027,Active,Standard licence condition
vpa_public_register,2026-07-29T13:34:38.613Z,https://pharmacy.vic.gov.au/register-search/,EISNER'S PHARMACY,79 High Street,Mansfield,VIC,3722,"79 High Street, Mansfield VIC 3722",30/06/2027,Active,Standard registration conditions,John Eisner Pty Ltd,30/06/2027,Inactive,Standard licence condition
vpa_public_register,2026-07-29T13:34:38.613Z,https://pharmacy.vic.gov.au/register-search/,MANSFIELD PHARMACY,37 High Street,Mansfield,VIC,3722,"37 High Street, Mansfield VIC 3722",30/06/2027,Active,Standard registration conditions,Adam Hardi,30/06/2027,Active,Standard licence condition
vpa_public_register,2026-07-29T13:34:38.613Z,https://pharmacy.vic.gov.au/register-search/,Depot for John Eisner's Pharmacy,"PREMISES CLOSED, Mt Buller Medical Centre, 196 Summit Road",Mt Buller,VIC,3723,"PREMISES CLOSED, Mt Buller Medical Centre, 196 Summit Road, Mt Buller VIC 3723",30/06/2027,Active,,,,,
vpa_public_register,2026-07-29T13:34:38.613Z,https://pharmacy.vic.gov.au/register-search/,Blooms The Chemist Yarrawonga,143 Belmore Street,Yarrawonga,VIC,3730,"143 Belmore Street, Yarrawonga VIC 3730",30/06/2027,Active,Standard registration conditions,Braysher Pharmacy Pty Ltd,30/06/2027,Active,Standard licence condition
vpa_public_register,2026-07-29T13:34:38.613Z,https://pharmacy.vic.gov.au/register-search/,Blooms The Chemist Yarrawonga,143 Belmore Street,Yarrawonga,VIC,3730,"143 Belmore Street, Yarrawonga VIC 3730",30/06/2027,Active,Standard registration conditions,Clarkpharm Pty Ltd,30/06/2027,Active,Standard licence condition
vpa_public_register,2026-07-29T13:34:38.613Z,https://pharmacy.vic.gov.au/register-search/,Blooms The Chemist Yarrawonga,143 Belmore Street,Yarrawonga,VIC,3730,"143 Belmore Street, Yarrawonga VIC 3730",30/06/2027,Active,Standard registration conditions,Holdstock Pharmacy (Yarrawonga) Pty Ltd,30/06/2027,Active,Standard licence condition
vpa_public_register,2026-07-29T13:34:38.613Z,https://pharmacy.vic.gov.au/register-search/,Blooms The Chemist Yarrawonga Lake End,"52a, 54 (including part first floor) 54A Belmore Street",Yarrawonga,VIC,3730,"52a, 54 (including part first floor) 54A Belmore Street, Yarrawonga VIC 3730",30/06/2027,Active,Standard registration conditions,Braysher Pharmacy Pty Ltd,30/06/2027,Active,Standard licence condition
vpa_public_register,2026-07-29T13:34:38.613Z,https://pharmacy.vic.gov.au/register-search/,Blooms The Chemist Yarrawonga Lake End,"52a, 54 (including part first floor) 54A Belmore Street",Yarrawonga,VIC,3730,"52a, 54 (including part first floor) 54A Belmore Street, Yarrawonga VIC 3730",30/06/2027,Active,Standard registration conditions,Clarkpharm Pty Ltd,30/06/2027,Active,Standard licence condition
vpa_public_register,2026-07-29T13:34:38.613Z,https://pharmacy.vic.gov.au/register-search/,Blooms The Chemist Yarrawonga Lake End,"52a, 54 (including part first floor) 54A Belmore Street",Yarrawonga,VIC,3730,"52a, 54 (including part first floor) 54A Belmore Street, Yarrawonga VIC 3730",30/06/2027,Active,Standard registration conditions,Heffernan Pharmacy (Yarrawonga) Pty Ltd,30/06/2027,Active,Standard licence condition
vpa_public_register,2026-07-29T13:34:38.613Z,https://pharmacy.vic.gov.au/register-search/,Blooms The Chemist Yarrawonga Lake End,"52a, 54 (including part first floor) 54A Belmore Street",Yarrawonga,VIC,3730,"52a, 54 (including part first floor) 54A Belmore Street, Yarrawonga VIC 3730",30/06/2027,Active,Standard registration conditions,N Cretan Pharmacy Pty Ltd,30/06/2027,Active,Standard licence condition
vpa_public_register,2026-07-29T13:34:38.613Z,https://pharmacy.vic.gov.au/register-search/,Blooms The Chemist Yarrawonga Woods Road,"Pharmacy Tenancy AA Yarrawonga Medical Centre, 72 Woods Road",YARRAWONGA,VIC,3730,"Pharmacy Tenancy AA Yarrawonga Medical Centre, 72 Woods Road, YARRAWONGA VIC 3730",30/06/2027,Active,Standard registration conditions,Braysher Pharmacy Pty Ltd,30/06/2027,Active,Standard licence condition
vpa_public_register,2026-07-29T13:34:38.613Z,https://pharmacy.vic.gov.au/register-search/,Blooms The Chemist Yarrawonga Woods Road,"Pharmacy Tenancy AA Yarrawonga Medical Centre, 72 Woods Road",YARRAWONGA,VIC,3730,"Pharmacy Tenancy AA Yarrawonga Medical Centre, 72 Woods Road, YARRAWONGA VIC 3730",30/06/2027,Active,Standard registration conditions,Clarkpharm Pty Ltd,30/06/2027,Active,Standard licence condition
vpa_public_register,2026-07-29T13:34:38.613Z,https://pharmacy.vic.gov.au/register-search/,Blooms The Chemist Yarrawonga Woods Road,"Pharmacy Tenancy AA Yarrawonga Medical Centre, 72 Woods Road",YARRAWONGA,VIC,3730,"Pharmacy Tenancy AA Yarrawonga Medical Centre, 72 Woods Road, YARRAWONGA VIC 3730",30/06/2027,Active,Standard registration conditions,Heffernan Pharmacy (Yarrawonga) Pty Ltd,30/06/2027,Active,Standard licence condition
vpa_public_register,2026-07-29T13:34:38.613Z,https://pharmacy.vic.gov.au/register-search/,Blooms The Chemist Yarrawonga Woods Road,"Pharmacy Tenancy AA Yarrawonga Medical Centre, 72 Woods Road",YARRAWONGA,VIC,3730,"Pharmacy Tenancy AA Yarrawonga Medical Centre, 72 Woods Road, YARRAWONGA VIC 3730",30/06/2027,Active,Standard registration conditions,N Cretan Pharmacy Pty Ltd,30/06/2027,Active,Standard licence condition
vpa_public_register,2026-07-29T13:34:38.613Z,https://pharmacy.vic.gov.au/register-search/,Blooms The Chemist Myrtleford Centre,151 Myrtle Street,Myrtleford,VIC,3737,"151 Myrtle Street, Myrtleford VIC 3737",30/06/2027,Active,Standard registration conditions,Coombs Pharmacy (Myrtleford) Pty Ltd,30/06/2027,Active,Standard licence condition
vpa_public_register,2026-07-29T13:34:38.613Z,https://pharmacy.vic.gov.au/register-search/,Blooms The Chemist Myrtleford Centre,151 Myrtle Street,Myrtleford,VIC,3737,"151 Myrtle Street, Myrtleford VIC 3737",30/06/2027,Active,Standard registration conditions,Gevariya Pty Ltd,30/06/2027,Active,Standard licence condition
vpa_public_register,2026-07-29T13:34:38.613Z,https://pharmacy.vic.gov.au/register-search/,Blooms The Chemist Myrtleford Centre,151 Myrtle Street,Myrtleford,VIC,3737,"151 Myrtle Street, Myrtleford VIC 3737",30/06/2027,Active,Standard registration conditions,Rusike Pty Ltd,30/06/2027,Active,Standard licence condition
vpa_public_register,2026-07-29T13:34:38.613Z,https://pharmacy.vic.gov.au/register-search/,Blooms The Chemist Myrtleford Clyde Street,43 Clyde Street,Myrtleford,VIC,3737,"43 Clyde Street, Myrtleford VIC 3737",30/06/2027,Active,Standard registration conditions,Coombs Pharmacy (Myrtleford) Pty Ltd,30/06/2027,Active,Standard licence condition
vpa_public_register,2026-07-29T13:34:38.613Z,https://pharmacy.vic.gov.au/register-search/,Blooms The Chemist Myrtleford Clyde Street,43 Clyde Street,Myrtleford,VIC,3737,"43 Clyde Street, Myrtleford VIC 3737",30/06/2027,Active,Standard registration conditions,Gevariya Pty Ltd,30/06/2027,Active,Standard licence condition
vpa_public_register,2026-07-29T13:34:38.613Z,https://pharmacy.vic.gov.au/register-search/,Blooms The Chemist Myrtleford Clyde Street,43 Clyde Street,Myrtleford,VIC,3737,"43 Clyde Street, Myrtleford VIC 3737",30/06/2027,Active,Standard registration conditions,Rusike Pty Ltd,30/06/2027,Active,Standard licence condition
vpa_public_register,2026-07-29T13:34:38.613Z,https://pharmacy.vic.gov.au/register-search/,BRIGHT PHARMACY,18 Ireland Street,BRIGHT,VIC,3741,"18 Ireland Street, BRIGHT VIC 3741",30/06/2027,Active,Standard registration conditions,AWRR BP Pty Ltd,30/06/2027,Active,Standard licence condition
vpa_public_register,2026-07-29T13:34:38.613Z,https://pharmacy.vic.gov.au/register-search/,BEECHWORTH PHARMACY,80 - 82 Ford Street,Beechworth,VIC,3747,"80 - 82 Ford Street, Beechworth VIC 3747",30/06/2027,Active,Standard registration conditions,Ovens Valley Pharmacy Services Pty Ltd,30/06/2027,Active,Standard licence condition
vpa_public_register,2026-07-29T13:34:38.613Z,https://pharmacy.vic.gov.au/register-search/,Yackandandah Pharmacy,1 / 33 High Street,YACKANDANDAH,VIC,3749,"1 / 33 High Street, YACKANDANDAH VIC 3749",30/06/2027,Active,Standard registration conditions,ROSMC Pty Ltd,30/06/2027,Active,Standard licence condition
vpa_public_register,2026-07-29T13:34:38.613Z,https://pharmacy.vic.gov.au/register-search/,Chemist Warehouse Central South Morang Shopping Centre,"Shop 2.4, Central South Morang, 330 - 342 McDonalds Road",South Morang,VIC,3752,"Shop 2.4, Central South Morang, 330 - 342 McDonalds Road, South Morang VIC 3752",30/06/2027,Active,Standard registration conditions,Pharmacy O2342 Pty Ltd,30/06/2027,Active,Standard licence condition
vpa_public_register,2026-07-29T13:34:38.613Z,https://pharmacy.vic.gov.au/register-search/,Lakes Boulevard Medical Pharmacy,547 Lakes Boulevard,SOUTH MORANG,VIC,3752,"547 Lakes Boulevard, SOUTH MORANG VIC 3752",30/06/2027,Active,Standard registration conditions,Betty Karalis,30/06/2027,Active,Standard licence condition
vpa_public_register,2026-07-29T13:34:38.613Z,https://pharmacy.vic.gov.au/register-search/,Lakes Boulevard Medical Pharmacy,547 Lakes Boulevard,SOUTH MORANG,VIC,3752,"547 Lakes Boulevard, SOUTH MORANG VIC 3752",30/06/2027,Active,Standard registration conditions,Katina Exadactylos,30/06/2027,Active,Standard licence condition
vpa_public_register,2026-07-29T13:34:38.613Z,https://pharmacy.vic.gov.au/register-search/,TerryWhite Chemmart South Morang,"Shop 8 The Promenade, Mill Park Lakes",SOUTH MORANG,VIC,3752,"Shop 8 The Promenade, Mill Park Lakes, SOUTH MORANG VIC 3752",30/06/2027,Active,Standard registration conditions,Kyrollos Mary Pty Ltd,30/06/2027,Active,Standard licence condition
vpa_public_register,2026-07-29T13:34:38.613Z,https://pharmacy.vic.gov.au/register-search/,CHEMIST DISCOUNT CENTRE LAURIMAR,126 Painted Hills Road,DOREEN,VIC,3754,"126 Painted Hills Road, DOREEN VIC 3754",30/06/2027,Active,Standard registration conditions,MIchael Gray,30/06/2027,Active,Standard licence condition
vpa_public_register,2026-07-29T13:34:38.613Z,https://pharmacy.vic.gov.au/register-search/,Chemist Warehouse Mernda,"Shop 5, Mernda Village Shopping Centre, Cnr Kalkallo Way & Mernda Village Drive",Mernda,VIC,3754,"Shop 5, Mernda Village Shopping Centre, Cnr Kalkallo Way & Mernda Village Drive, Mernda VIC 3754",30/06/2027,Active,Standard registration conditions,Fabian Tascone,30/06/2027,Active,Standard licence condition
vpa_public_register,2026-07-29T13:34:38.613Z,https://pharmacy.vic.gov.au/register-search/,Chemist Warehouse Mernda,"Shop 5, Mernda Village Shopping Centre, Cnr Kalkallo Way & Mernda Village Drive",Mernda,VIC,3754,"Shop 5, Mernda Village Shopping Centre, Cnr Kalkallo Way & Mernda Village Drive, Mernda VIC 3754",30/06/2027,Active,Standard registration conditions,Tran Vu,30/06/2027,Active,Standard licence condition
vpa_public_register,2026-07-29T13:34:38.613Z,https://pharmacy.vic.gov.au/register-search/,Chemist Warehouse Mernda Junction,"Tenancy 12, Mernda Junction Shopping Centre, 1435 Plenty Road",MERNDA,VIC,3754,"Tenancy 12, Mernda Junction Shopping Centre, 1435 Plenty Road, MERNDA VIC 3754",30/06/2027,Active,Standard registration conditions,Tran Vu,30/06/2027,Active,Standard licence condition
vpa_public_register,2026-07-29T13:34:38.613Z,https://pharmacy.vic.gov.au/register-search/,Direct Chemist Outlet Mernda,"Shop T2, Mernda Town Centre, 1410 Plenty Road",Mernda,VIC,3754,"Shop T2, Mernda Town Centre, 1410 Plenty Road, Mernda VIC 3754",30/06/2027,Active,Standard registration conditions,DCO Mernda Pty Ltd,30/06/2027,Active,Standard licence condition
vpa_public_register,2026-07-29T13:34:38.613Z,https://pharmacy.vic.gov.au/register-search/,Mernda Community Hospital Pharmacy Department,35 Flourmill Drive,Mernda,VIC,3754,"35 Flourmill Drive, Mernda VIC 3754",30/06/2027,Active,,NORTHERN HEALTH,30/06/2027,Active,Standard licence condition
vpa_public_register,2026-07-29T13:34:38.613Z,https://pharmacy.vic.gov.au/register-search/,TerryWhite Chemmart Doreen,"Shop 7, 121 Elation Blvd",Doreen,VIC,3754,"Shop 7, 121 Elation Blvd, Doreen VIC 3754",30/06/2027,Active,Standard registration conditions,Dwij Pty Ltd,30/06/2027,Active,Standard licence condition
vpa_public_register,2026-07-29T13:34:38.613Z,https://pharmacy.vic.gov.au/register-search/,Chemist Discount Centre Wallan,"Shop 1, 65 High Street",Wallan,VIC,3756,"Shop 1, 65 High Street, Wallan VIC 3756",30/06/2027,Active,Standard registration conditions,Mitchell Shire Pharmacies Pty Ltd,30/06/2027,Active,Standard licence condition
vpa_public_register,2026-07-29T13:34:38.613Z,https://pharmacy.vic.gov.au/register-search/,Direct Chemist Outlet Wallan,"Shop 2a & 4, Wellington Square Shopping Centre, 81 - 89 High Street",WALLAN,VIC,3756,"Shop 2a & 4, Wellington Square Shopping Centre, 81 - 89 High Street, WALLAN VIC 3756",30/06/2027,Active,Standard registration conditions,Binh Thanh Le,30/06/2027,Active,Standard licence condition
vpa_public_register,2026-07-29T13:34:38.613Z,https://pharmacy.vic.gov.au/register-search/,Direct Chemist Outlet Wallan,"Shop 2a & 4, Wellington Square Shopping Centre, 81 - 89 High Street",WALLAN,VIC,3756,"Shop 2a & 4, Wellington Square Shopping Centre, 81 - 89 High Street, WALLAN VIC 3756",30/06/2027,Active,Standard registration conditions,Karen Lay,30/06/2027,Active,Standard licence condition
vpa_public_register,2026-07-29T13:34:38.613Z,https://pharmacy.vic.gov.au/register-search/,Direct Chemist Outlet Wallan,"Shop 2a & 4, Wellington Square Shopping Centre, 81 - 89 High Street",WALLAN,VIC,3756,"Shop 2a & 4, Wellington Square Shopping Centre, 81 - 89 High Street, WALLAN VIC 3756",30/06/2027,Active,Standard registration conditions,Matthew Liubinas,30/06/2027,Active,Standard licence condition
vpa_public_register,2026-07-29T13:34:38.613Z,https://pharmacy.vic.gov.au/register-search/,Direct Chemist Outlet Wallan,"Shop 2a & 4, Wellington Square Shopping Centre, 81 - 89 High Street",WALLAN,VIC,3756,"Shop 2a & 4, Wellington Square Shopping Centre, 81 - 89 High Street, WALLAN VIC 3756",30/06/2027,Active,Standard registration conditions,Rusaal Ali,30/06/2027,Active,Standard licence condition
vpa_public_register,2026-07-29T13:34:38.613Z,https://pharmacy.vic.gov.au/register-search/,Pharmasave Pharmacy Perry Oak,"Shop 2, 2-16 Church Street",Whittlesea,VIC,3757,"Shop 2, 2-16 Church Street, Whittlesea VIC 3757",30/06/2027,Active,Standard registration conditions,Joshua Perry,30/06/2027,Active,Standard licence condition
vpa_public_register,2026-07-29T13:34:38.613Z,https://pharmacy.vic.gov.au/register-search/,Pharmasave Pharmacy Perry Oak,"Shop 2, 2-16 Church Street",Whittlesea,VIC,3757,"Shop 2, 2-16 Church Street, Whittlesea VIC 3757",30/06/2027,Active,Standard registration conditions,Lauren Oakley-Abbott,30/06/2027,Active,Standard licence condition
vpa_public_register,2026-07-29T13:34:38.613Z,https://pharmacy.vic.gov.au/register-search/,Pharmasave Pharmacy Perry Oak,"Shop 2, 2-16 Church Street",Whittlesea,VIC,3757,"Shop 2, 2-16 Church Street, Whittlesea VIC 3757",30/06/2027,Active,Standard registration conditions,Lawrence Langdon,30/06/2027,Active,Standard licence condition
vpa_public_register,2026-07-29T13:34:38.613Z,https://pharmacy.vic.gov.au/register-search/,WHITTLESEA AMCAL PHARMACY,69 - 71 Church Street,Whittlesea,VIC,3757,"69 - 71 Church Street, Whittlesea VIC 3757",30/06/2027,Active,Standard registration conditions,Joshua Perry,30/06/2027,Active,Standard licence condition
vpa_public_register,2026-07-29T13:34:38.613Z,https://pharmacy.vic.gov.au/register-search/,WHITTLESEA AMCAL PHARMACY,69 - 71 Church Street,Whittlesea,VIC,3757,"69 - 71 Church Street, Whittlesea VIC 3757",30/06/2027,Active,Standard registration conditions,Lauren Oakley-Abbott,30/06/2027,Active,Standard licence condition
vpa_public_register,2026-07-29T13:34:38.613Z,https://pharmacy.vic.gov.au/register-search/,WHITTLESEA AMCAL PHARMACY,69 - 71 Church Street,Whittlesea,VIC,3757,"69 - 71 Church Street, Whittlesea VIC 3757",30/06/2027,Active,Standard registration conditions,Lawrence Langdon,30/06/2027,Active,Standard licence condition
vpa_public_register,2026-07-29T13:34:38.613Z,https://pharmacy.vic.gov.au/register-search/,KINGLAKE PHARMACY,"Shop 3, 1 Victoria Road",KINGLAKE,VIC,3763,"Shop 3, 1 Victoria Road, KINGLAKE VIC 3763",30/06/2027,Active,Standard registration conditions,Andrew Crocker,30/06/2027,Active,Standard licence condition
vpa_public_register,2026-07-29T13:34:38.613Z,https://pharmacy.vic.gov.au/register-search/,Chemist Discount Centre Kilmore,20 Sydney Street,Kilmore,VIC,3764,"20 Sydney Street, Kilmore VIC 3764",30/06/2027,Active,Standard registration conditions,Mitchell Shire Pharmacies Pty Ltd,30/06/2027,Active,Standard licence condition
vpa_public_register,2026-07-29T13:34:38.613Z,https://pharmacy.vic.gov.au/register-search/,Direct Chemist Outlet Kilmore,"Shop T5, Kilmore Shopping Centre, Cnr Clarke Street & Northern Highway",KILMORE,VIC,3764,"Shop T5, Kilmore Shopping Centre, Cnr Clarke Street & Northern Highway, KILMORE VIC 3764",30/06/2027,Active,Standard registration conditions,Binh Thanh Le,30/06/2027,Active,Standard licence condition
vpa_public_register,2026-07-29T13:34:38.613Z,https://pharmacy.vic.gov.au/register-search/,Direct Chemist Outlet Kilmore,"Shop T5, Kilmore Shopping Centre, Cnr Clarke Street & Northern Highway",KILMORE,VIC,3764,"Shop T5, Kilmore Shopping Centre, Cnr Clarke Street & Northern Highway, KILMORE VIC 3764",30/06/2027,Active,Standard registration conditions,Karen Lay,30/06/2027,Active,Standard licence condition
vpa_public_register,2026-07-29T13:34:38.613Z,https://pharmacy.vic.gov.au/register-search/,Direct Chemist Outlet Kilmore,"Shop T5, Kilmore Shopping Centre, Cnr Clarke Street & Northern Highway",KILMORE,VIC,3764,"Shop T5, Kilmore Shopping Centre, Cnr Clarke Street & Northern Highway, KILMORE VIC 3764",30/06/2027,Active,Standard registration conditions,Matthew Liubinas,30/06/2027,Active,Standard licence condition
vpa_public_register,2026-07-29T13:34:38.613Z,https://pharmacy.vic.gov.au/register-search/,MONTROSE PHARMACY,"Unit 1, 899 Mount Dandenong Road",Montrose,VIC,3765,"Unit 1, 899 Mount Dandenong Road, Montrose VIC 3765",30/06/2027,Active,Standard registration conditions,NRML Health Pty Ltd,30/06/2027,Active,Standard licence condition
vpa_public_register,2026-07-29T13:34:38.613Z,https://pharmacy.vic.gov.au/register-search/,Coldstream Pharmacy,"Shop 5, 670 - 672 Maroondah Highway",COLDSTREAM,VIC,3770,"Shop 5, 670 - 672 Maroondah Highway, COLDSTREAM VIC 3770",30/06/2027,Active,Standard registration conditions,Coldstream Pharma Pty Ltd,30/06/2027,Active,Standard licence condition
vpa_public_register,2026-07-29T13:34:38.613Z,https://pharmacy.vic.gov.au/register-search/,YARRA GLEN PHARMACY,34 Bell Street,Yarra Glen,VIC,3775,"34 Bell Street, Yarra Glen VIC 3775",30/06/2027,Active,Standard registration conditions,Evernova Pty Ltd,30/06/2027,Active,Standard licence condition
vpa_public_register,2026-07-29T13:34:38.613Z,https://pharmacy.vic.gov.au/register-search/,HEALESVILLE PHARMACY,215 Maroondah Highway,HEALESVILLE,VIC,3777,"215 Maroondah Highway, HEALESVILLE VIC 3777",30/06/2027,Active,Standard registration conditions,Con Gentis,30/06/2027,Active,Standard licence condition
vpa_public_register,2026-07-29T13:34:38.613Z,https://pharmacy.vic.gov.au/register-search/,HEALESVILLE WALK PHARMACY,"Shops 2 & 3 Maroondah Highway, Healesville Walk Shopping Centre",Healesville,VIC,3777,"Shops 2 & 3 Maroondah Highway, Healesville Walk Shopping Centre, Healesville VIC 3777",30/06/2027,Active,Standard registration conditions,Con Gentis,30/06/2027,Active,Standard licence condition
vpa_public_register,2026-07-29T13:34:38.613Z,https://pharmacy.vic.gov.au/register-search/,Marysville PHARMACY EXCELLENCE,"Shop 2 & 3, 19 Murchison Street",MARYSVILLE,VIC,3779,"Shop 2 & 3, 19 Murchison Street, MARYSVILLE VIC 3779",30/06/2027,Active,Standard registration conditions,Pharmacy Excellence Pty Ltd,30/06/2027,Active,Standard licence condition | Specific licence condition
vpa_public_register,2026-07-29T13:34:38.613Z,https://pharmacy.vic.gov.au/register-search/,COCKATOO PHARMACY,36-38 McBride Street,Cockatoo,VIC,3781,"36-38 McBride Street, Cockatoo VIC 3781",30/06/2027,Active,Standard registration conditions,penelope Gooding,30/06/2027,Active,Standard licence condition
vpa_public_register,2026-07-29T13:34:38.613Z,https://pharmacy.vic.gov.au/register-search/,Emerald Medical Centre Pharmacy,348 Belgrave-Gembrook Road,Emerald,VIC,3782,"348 Belgrave-Gembrook Road, Emerald VIC 3782",30/06/2027,Active,Standard registration conditions,Emerald Medical Centre Pharmacy Pty Ltd,30/06/2027,Active,Standard licence condition
vpa_public_register,2026-07-29T13:34:38.613Z,https://pharmacy.vic.gov.au/register-search/,Emerald Village Pharmacy,8 Kilvington Drive,EMERALD,VIC,3782,"8 Kilvington Drive, EMERALD VIC 3782",30/06/2027,Active,Standard registration conditions,Emerald Village Pharmacy Pty Ltd,30/06/2027,Active,Standard licence condition
vpa_public_register,2026-07-29T13:34:38.613Z,https://pharmacy.vic.gov.au/register-search/,OLINDA PHARMACY,33 Monash Avenue,Olinda,VIC,3788,"33 Monash Avenue, Olinda VIC 3788",30/06/2027,Active,Standard registration conditions,Prakash Chandra,30/06/2027,Active,Standard licence condition
vpa_public_register,2026-07-29T13:34:38.613Z,https://pharmacy.vic.gov.au/register-search/,MONBULK PHARMACY,98 Main Road,Monbulk,VIC,3793,"98 Main Road, Monbulk VIC 3793",30/06/2027,Active,Standard registration conditions,Luke Lee,30/06/2027,Active,Standard licence condition
vpa_public_register,2026-07-29T13:34:38.613Z,https://pharmacy.vic.gov.au/register-search/,MONBULK PHARMACY,98 Main Road,Monbulk,VIC,3793,"98 Main Road, Monbulk VIC 3793",30/06/2027,Active,Standard registration conditions,Pharmacy Monbulk Pty Ltd,30/06/2027,Active,Standard licence condition
vpa_public_register,2026-07-29T13:34:38.613Z,https://pharmacy.vic.gov.au/register-search/,MONBULK PHARMACY,98 Main Road,Monbulk,VIC,3793,"98 Main Road, Monbulk VIC 3793",30/06/2027,Active,Standard registration conditions,Wai Kit Sinn,30/06/2027,Active,Standard licence condition
vpa_public_register,2026-07-29T13:34:38.613Z,https://pharmacy.vic.gov.au/register-search/,MT EVELYN PHARMACY,35 Wray Crescent,Mt Evelyn,VIC,3796,"35 Wray Crescent, Mt Evelyn VIC 3796",30/06/2027,Active,Standard registration conditions,Niemy Yu,30/06/2027,Active,Standard licence condition
vpa_public_register,2026-07-29T13:34:38.613Z,https://pharmacy.vic.gov.au/register-search/,YARRA JUNCTION PHARMACY,"Shop 11, Yarra Junction Village S/C, 2450 Warburton Highway",Yarra Junction,VIC,3797,"Shop 11, Yarra Junction Village S/C, 2450 Warburton Highway, Yarra Junction VIC 3797",30/06/2027,Active,Standard registration conditions,Tony Self,30/06/2027,Active,Standard licence condition
vpa_public_register,2026-07-29T13:34:38.613Z,https://pharmacy.vic.gov.au/register-search/,Monash Campus Pharmacy,"G101 Campus Centre, Building 10, Monash University",Clayton,VIC,3800,"G101 Campus Centre, Building 10, Monash University, Clayton VIC 3800",30/06/2027,Active,Standard registration conditions,Kim Vuong,30/06/2027,Active,Standard licence condition
vpa_public_register,2026-07-29T13:34:38.613Z,https://pharmacy.vic.gov.au/register-search/,Chemist Discount Centre Endeavour Hills,61 Heatherton Road,Endeavour Hills,VIC,3802,"61 Heatherton Road, Endeavour Hills VIC 3802",30/06/2027,Active,Standard registration conditions,John Kardis,30/06/2027,Active,Standard licence condition
vpa_public_register,2026-07-29T13:34:38.613Z,https://pharmacy.vic.gov.au/register-search/,Chemist Discount Centre Endeavour Hills,61 Heatherton Road,Endeavour Hills,VIC,3802,"61 Heatherton Road, Endeavour Hills VIC 3802",30/06/2027,Active,Standard registration conditions,Kavita Nadan,30/06/2027,Active,Standard licence condition
vpa_public_register,2026-07-29T13:34:38.613Z,https://pharmacy.vic.gov.au/register-search/,Infinity Pharmacy Endeavour Hills,"Shop 47, Endeavour Hills Shopping Centre, Heatherton Road",Endeavour Hills,VIC,3802,"Shop 47, Endeavour Hills Shopping Centre, Heatherton Road, Endeavour Hills VIC 3802",30/06/2027,Active,Standard registration conditions,IPG Endeavour Hills Pty Ltd,30/06/2027,Active,Standard licence condition
vpa_public_register,2026-07-29T13:34:38.613Z,https://pharmacy.vic.gov.au/register-search/,Infinity Pharmacy Heatherton Road,"Shop 63, Endeavour Hills Shopping Centre, Heatherton Road",Endeavour Hills,VIC,3802,"Shop 63, Endeavour Hills Shopping Centre, Heatherton Road, Endeavour Hills VIC 3802",30/06/2027,Active,Standard registration conditions,IPG Endeavour Hills Pty Ltd,30/06/2027,Active,Standard licence condition
vpa_public_register,2026-07-29T13:34:38.613Z,https://pharmacy.vic.gov.au/register-search/,Chemist Discount Centre Officer,"Tenancy 18 Arena Shopping Centre, 4 Cardinia Road",Officer,VIC,3803,"Tenancy 18 Arena Shopping Centre, 4 Cardinia Road, Officer VIC 3803",30/06/2027,Active,Standard registration conditions,J Chadha Invest Pty Ltd,30/06/2027,Active,Standard licence condition
vpa_public_register,2026-07-29T13:34:38.613Z,https://pharmacy.vic.gov.au/register-search/,Chemist Discount Centre Officer,"Tenancy 18 Arena Shopping Centre, 4 Cardinia Road",Officer,VIC,3803,"Tenancy 18 Arena Shopping Centre, 4 Cardinia Road, Officer VIC 3803",30/06/2027,Active,Standard registration conditions,Kathryn Klose,30/06/2027,Active,Standard licence condition
vpa_public_register,2026-07-29T13:34:38.613Z,https://pharmacy.vic.gov.au/register-search/,HEALTHFIRST FAMILY PHARMACY,"G24, 214 Princes Highway",Hallam,VIC,3803,"G24, 214 Princes Highway, Hallam VIC 3803",30/06/2027,Active,Standard registration conditions,Thao Nguyen,30/06/2027,Active,Standard licence condition
vpa_public_register,2026-07-29T13:34:38.613Z,https://pharmacy.vic.gov.au/register-search/,Spring Square Pharmacy,28 - 30 Spring Square,Hallam,VIC,3803,"28 - 30 Spring Square, Hallam VIC 3803",30/06/2027,Active,Standard registration conditions,Hallam Pharmacy Pty Ltd,30/06/2027,Active,Standard licence condition
vpa_public_register,2026-07-29T13:34:38.613Z,https://pharmacy.vic.gov.au/register-search/,ST MINA PHARMACY,Shop 1/54-56 Saffron Drive,HALLAM,VIC,3803,"Shop 1/54-56 Saffron Drive, HALLAM VIC 3803",30/06/2027,Active,Standard registration conditions,Nader Attia,30/06/2027,Active,Standard licence condition
vpa_public_register,2026-07-29T13:34:38.613Z,https://pharmacy.vic.gov.au/register-search/,AMBERLY PARK PHARMACY,"Shop 1, Amberly Park Shopping Village, 101 Seebeck Drive",Narre Warren,VIC,3805,"Shop 1, Amberly Park Shopping Village, 101 Seebeck Drive,, Narre Warren VIC 3805",30/06/2027,Active,Standard registration conditions,Lina Thuon,30/06/2027,Active,Standard licence condition
vpa_public_register,2026-07-29T13:34:38.613Z,https://pharmacy.vic.gov.au/register-search/,AMBERLY PARK PHARMACY,"Shop 1, Amberly Park Shopping Village, 101 Seebeck Drive",Narre Warren,VIC,3805,"Shop 1, Amberly Park Shopping Village, 101 Seebeck Drive,, Narre Warren VIC 3805",30/06/2027,Active,Standard registration conditions,Seong Chua,30/06/2027,Active,Standard licence condition
vpa_public_register,2026-07-29T13:34:38.613Z,https://pharmacy.vic.gov.au/register-search/,AMBERLY PARK PHARMACY,"Shop 1, Amberly Park Shopping Village, 101 Seebeck Drive",Narre Warren,VIC,3805,"Shop 1, Amberly Park Shopping Village, 101 Seebeck Drive,, Narre Warren VIC 3805",30/06/2027,Active,Standard registration conditions,Wei Horng Lee,30/06/2027,Active,Standard licence condition
vpa_public_register,2026-07-29T13:34:38.613Z,https://pharmacy.vic.gov.au/register-search/,Blooms The Chemist Casey Central,"Shops 132 - 134, Casey Central Shopping Centre",NARRE WARREN SOUTH,VIC,3805,"Shops 132 - 134, Casey Central Shopping Centre, NARRE WARREN SOUTH VIC 3805",30/06/2027,Active,Standard registration conditions,Chandra JPMK Pty Ltd,30/06/2027,Active,Standard licence condition
vpa_public_register,2026-07-29T13:34:38.613Z,https://pharmacy.vic.gov.au/register-search/,Blooms The Chemist Casey Central,"Shops 132 - 134, Casey Central Shopping Centre",NARRE WARREN SOUTH,VIC,3805,"Shops 132 - 134, Casey Central Shopping Centre, NARRE WARREN SOUTH VIC 3805",30/06/2027,Active,Standard registration conditions,Leslie Pharmacy Casey Centre Pty Ltd,30/06/2027,Active,Standard licence condition
vpa_public_register,2026-07-29T13:34:38.613Z,https://pharmacy.vic.gov.au/register-search/,Blooms The Chemist Casey Central,"Shops 132 - 134, Casey Central Shopping Centre",NARRE WARREN SOUTH,VIC,3805,"Shops 132 - 134, Casey Central Shopping Centre, NARRE WARREN SOUTH VIC 3805",30/06/2027,Active,Standard registration conditions,Sidgreaves Pharmacy (Casey Central) Pty Ltd,30/06/2027,Active,Standard licence condition
vpa_public_register,2026-07-29T13:34:38.613Z,https://pharmacy.vic.gov.au/register-search/,Chemist Warehouse Casey Central,"Shop MM1, Casey Central Shopping Centre, 400 Narre Warren Cranbourne Road",Narre Warren South,VIC,3805,"Shop MM1, Casey Central Shopping Centre, 400 Narre Warren Cranbourne Road, Narre Warren South VIC 3805",30/06/2027,Active,Standard registration conditions,Pharmacy O2289 Pty Ltd,30/06/2027,Active,Standard licence condition
vpa_public_register,2026-07-29T13:34:38.613Z,https://pharmacy.vic.gov.au/register-search/,CHEMIST WAREHOUSE FOUNTAIN GATE,4 - 7 / 420 Princes Highway,NARRE WARREN,VIC,3805,"4 - 7 / 420 Princes Highway, NARRE WARREN VIC 3805",30/06/2027,Active,Standard registration conditions,Adrian Verrocchi,30/06/2027,Active,Standard licence condition
vpa_public_register,2026-07-29T13:34:38.613Z,https://pharmacy.vic.gov.au/register-search/,CHEMIST WAREHOUSE FOUNTAIN GATE,4 - 7 / 420 Princes Highway,NARRE WARREN,VIC,3805,"4 - 7 / 420 Princes Highway, NARRE WARREN VIC 3805",30/06/2027,Active,Standard registration conditions,Bert AhCheen,30/06/2027,Active,Standard licence condition
vpa_public_register,2026-07-29T13:34:38.613Z,https://pharmacy.vic.gov.au/register-search/,Chemist Warehouse Westfield Fountain Gate,"Shop 1063, Westfield Fountain Gate, 25 - 55 Overland Drive",Narre Warren,VIC,3805,"Shop 1063, Westfield Fountain Gate, 25 - 55 Overland Drive, Narre Warren VIC 3805",30/06/2027,Active,Standard registration conditions,Adrian Verrocchi,30/06/2027,Active,Standard licence condition
vpa_public_register,2026-07-29T13:34:38.613Z,https://pharmacy.vic.gov.au/register-search/,Chemist Warehouse Westfield Fountain Gate,"Shop 1063, Westfield Fountain Gate, 25 - 55 Overland Drive",Narre Warren,VIC,3805,"Shop 1063, Westfield Fountain Gate, 25 - 55 Overland Drive, Narre Warren VIC 3805",30/06/2027,Active,Standard registration conditions,Bert AhCheen,30/06/2027,Active,Standard licence condition
vpa_public_register,2026-07-29T13:34:38.613Z,https://pharmacy.vic.gov.au/register-search/,Direct Chemist Outlet Fountain Gate,"Shop 1153/4 Westfield Fountain Gate Shopping Centre, Princes Highway",Narre Warren,VIC,3805,"Shop 1153/4 Westfield Fountain Gate Shopping Centre, Princes Highway, Narre Warren VIC 3805",30/06/2027,Active,Standard registration conditions,Partners Pharmacy Pty Ltd,30/06/2027,Active,Standard licence condition
vpa_public_register,2026-07-29T13:34:38.613Z,https://pharmacy.vic.gov.au/register-search/,Fraz Family Pharmacy Narregate,Part 60S Victor Crescent,NARRE WARREN,VIC,3805,"Part 60S Victor Crescent, NARRE WARREN VIC 3805",30/06/2027,Active,Standard registration conditions,Masa Pharma 2 Pty Ltd,30/06/2027,Active,Standard licence condition
vpa_public_register,2026-07-29T13:34:38.613Z,https://pharmacy.vic.gov.au/register-search/,NARRE WARREN PHARMACY,2 Victor Crescent,Narre Warren,VIC,3805,"2 Victor Crescent, Narre Warren VIC 3805",30/06/2027,Active,Standard registration conditions,BECKED PHARMACIES PTY LTD,30/06/2027,Active,Standard licence condition
vpa_public_register,2026-07-29T13:34:38.613Z,https://pharmacy.vic.gov.au/register-search/,NARRE WARREN PHARMACY,2 Victor Crescent,Narre Warren,VIC,3805,"2 Victor Crescent, Narre Warren VIC 3805",30/06/2027,Active,Standard registration conditions,PEJ PHARMACIES PTY LTD,30/06/2027,Active,Standard licence condition
vpa_public_register,2026-07-29T13:34:38.613Z,https://pharmacy.vic.gov.au/register-search/,NARRE WARREN PHARMACY,2 Victor Crescent,Narre Warren,VIC,3805,"2 Victor Crescent, Narre Warren VIC 3805",30/06/2027,Active,Standard registration conditions,Richard Edwards,30/06/2027,Active,Standard licence condition
vpa_public_register,2026-07-29T13:34:38.613Z,https://pharmacy.vic.gov.au/register-search/,Pound Road Pharmacy,370 Pound Road,Narre Warren South,VIC,3805,"370 Pound Road, Narre Warren South VIC 3805",30/06/2027,Active,Standard registration conditions,Martin Hung Nguyen,30/06/2027,Active,Standard licence condition
vpa_public_register,2026-07-29T13:34:38.613Z,https://pharmacy.vic.gov.au/register-search/,Pound Road Pharmacy,370 Pound Road,Narre Warren South,VIC,3805,"370 Pound Road, Narre Warren South VIC 3805",30/06/2027,Active,Standard registration conditions,Peter Urban,30/06/2027,Active,Standard licence condition
vpa_public_register,2026-07-29T13:34:38.613Z,https://pharmacy.vic.gov.au/register-search/,Pound Road Pharmacy,370 Pound Road,Narre Warren South,VIC,3805,"370 Pound Road, Narre Warren South VIC 3805",30/06/2027,Active,Standard registration conditions,Seong Chua,30/06/2027,Active,Standard licence condition
vpa_public_register,2026-07-29T13:34:38.613Z,https://pharmacy.vic.gov.au/register-search/,Pound Road Pharmacy,370 Pound Road,Narre Warren South,VIC,3805,"370 Pound Road, Narre Warren South VIC 3805",30/06/2027,Active,Standard registration conditions,Steven Aronowicz,30/06/2027,Active,Standard licence condition
vpa_public_register,2026-07-29T13:34:38.613Z,https://pharmacy.vic.gov.au/register-search/,Priceline Pharmacy Fountain Gate,"Shop 2020 Level 2, Westfield Shoppingtown Fountain Gate",FOUNTAIN GATE,VIC,3805,"Shop 2020 Level 2, Westfield Shoppingtown Fountain Gate, FOUNTAIN GATE VIC 3805",30/06/2027,Active,Standard registration conditions,Samgate Pty Ltd,30/06/2027,Active,Standard licence condition
vpa_public_register,2026-07-29T13:34:38.613Z,https://pharmacy.vic.gov.au/register-search/,RICHARD EDWARDS PHARMACY,36 Webb Street,Narre Warren,VIC,3805,"36 Webb Street, Narre Warren VIC 3805",30/06/2027,Active,Standard registration conditions,BECKED PHARMACIES PTY LTD,30/06/2027,Active,Standard licence condition
vpa_public_register,2026-07-29T13:34:38.613Z,https://pharmacy.vic.gov.au/register-search/,RICHARD EDWARDS PHARMACY,36 Webb Street,Narre Warren,VIC,3805,"36 Webb Street, Narre Warren VIC 3805",30/06/2027,Active,Standard registration conditions,PEJ PHARMACIES PTY LTD,30/06/2027,Active,Standard licence condition
vpa_public_register,2026-07-29T13:34:38.613Z,https://pharmacy.vic.gov.au/register-search/,RICHARD EDWARDS PHARMACY,36 Webb Street,Narre Warren,VIC,3805,"36 Webb Street, Narre Warren VIC 3805",30/06/2027,Active,Standard registration conditions,Richard Edwards,30/06/2027,Active,Standard licence condition
vpa_public_register,2026-07-29T13:34:38.613Z,https://pharmacy.vic.gov.au/register-search/,Berwick Pharmacy,51 High Street,Berwick,VIC,3806,"51 High Street, Berwick VIC 3806",30/06/2027,Active,Standard registration conditions,AKM Corporate Alliances Pty Ltd,30/06/2027,Active,Standard licence condition
vpa_public_register,2026-07-29T13:34:38.613Z,https://pharmacy.vic.gov.au/register-search/,Berwick Pharmacy,51 High Street,Berwick,VIC,3806,"51 High Street, Berwick VIC 3806",30/06/2027,Active,Standard registration conditions,Esperanca Investment Pty Ltd,30/06/2027,Active,Standard licence condition
vpa_public_register,2026-07-29T13:34:38.613Z,https://pharmacy.vic.gov.au/register-search/,Berwick Pharmacy,51 High Street,Berwick,VIC,3806,"51 High Street, Berwick VIC 3806",30/06/2027,Active,Standard registration conditions,GMPAL Pty Ltd,30/06/2027,Active,Standard licence condition
vpa_public_register,2026-07-29T13:34:38.613Z,https://pharmacy.vic.gov.au/register-search/,Berwick Pharmacy,51 High Street,Berwick,VIC,3806,"51 High Street, Berwick VIC 3806",30/06/2027,Active,Standard registration conditions,P S & Sons Pty Ltd,30/06/2027,Active,Standard licence condition
vpa_public_register,2026-07-29T13:34:38.613Z,https://pharmacy.vic.gov.au/register-search/,Berwick Pharmacy,51 High Street,Berwick,VIC,3806,"51 High Street, Berwick VIC 3806",30/06/2027,Active,Standard registration conditions,Pountchee Pty Ltd,30/06/2027,Active,Standard licence condition
vpa_public_register,2026-07-29T13:34:38.613Z,https://pharmacy.vic.gov.au/register-search/,Berwick Springs Pharmacy,Part of 137 Moondarra Drive,BERWICK,VIC,3806,"Part of 137 Moondarra Drive, BERWICK VIC 3806",30/06/2027,Active,Standard registration conditions,Ganesh Tumkur,30/06/2027,Active,Standard licence condition
vpa_public_register,2026-07-29T13:34:38.613Z,https://pharmacy.vic.gov.au/register-search/,Casey Hospital  Monash Health Pharmacy Department,62 - 70 Kangan Drive,BERWICK,VIC,3806,"62 - 70 Kangan Drive, BERWICK VIC 3806",30/06/2027,Active,,MONASH HEALTH,30/06/2027,Active,Standard licence condition
vpa_public_register,2026-07-29T13:34:38.613Z,https://pharmacy.vic.gov.au/register-search/,CASEY SUPERCLINIC PHARMACY,50 Kangan Drive,Berwick,VIC,3806,"50 Kangan Drive, Berwick VIC 3806",30/06/2027,Active,Standard registration conditions,Betty Karalis,30/06/2027,Active,Standard licence condition
vpa_public_register,2026-07-29T13:34:38.613Z,https://pharmacy.vic.gov.au/register-search/,CASEY SUPERCLINIC PHARMACY,50 Kangan Drive,Berwick,VIC,3806,"50 Kangan Drive, Berwick VIC 3806",30/06/2027,Active,Standard registration conditions,Theo Messinis,30/06/2027,Active,Standard licence condition
vpa_public_register,2026-07-29T13:34:38.613Z,https://pharmacy.vic.gov.au/register-search/,Chemist Discount Centre Berwick,"Shops 1 & 2, Berwick Market Place, 1 Wilson Street",Berwick,VIC,3806,"Shops 1 & 2, Berwick Market Place, 1 Wilson Street, Berwick VIC 3806",30/06/2027,Active,Standard registration conditions,MIchael Gray,30/06/2027,Active,Standard licence condition
vpa_public_register,2026-07-29T13:34:38.613Z,https://pharmacy.vic.gov.au/register-search/,Chemist Discount Centre Parkhill,"Shop 2, Parkhill Plaza, 215-225 Parkhill Drive",BERWICK,VIC,3806,"Shop 2, Parkhill Plaza, 215-225 Parkhill Drive, BERWICK VIC 3806",30/06/2027,Active,Standard registration conditions,Kai Yin Lee,30/06/2027,Active,Standard licence condition
vpa_public_register,2026-07-29T13:34:38.613Z,https://pharmacy.vic.gov.au/register-search/,Chemist Discount Centre Parkhill,"Shop 2, Parkhill Plaza, 215-225 Parkhill Drive",BERWICK,VIC,3806,"Shop 2, Parkhill Plaza, 215-225 Parkhill Drive, BERWICK VIC 3806",30/06/2027,Active,Standard registration conditions,Steven Kastrinakis,30/06/2027,Active,Standard licence condition
vpa_public_register,2026-07-29T13:34:38.613Z,https://pharmacy.vic.gov.au/register-search/,Direct Chemist Outlet Berwick,32 Adakite Drive,Berwick,VIC,3806,"32 Adakite Drive, Berwick VIC 3806",30/06/2027,Active,Standard registration conditions,PD Pharmaceuticals Pty Ltd,30/06/2027,Active,Standard licence condition
vpa_public_register,2026-07-29T13:34:38.613Z,https://pharmacy.vic.gov.au/register-search/,Eden Rise Pharmacy,"Shop 30, Eden Rise Shopping Centre, Cnr Clyde Road & Cresthaven Blvd",Berwick,VIC,3806,"Shop 30, Eden Rise Shopping Centre, Cnr Clyde Road & Cresthaven Blvd, Berwick VIC 3806",30/06/2027,Active,Standard registration conditions,AKM Corporate Alliances Pty Ltd,30/06/2027,Active,Standard licence condition
vpa_public_register,2026-07-29T13:34:38.613Z,https://pharmacy.vic.gov.au/register-search/,Eden Rise Pharmacy,"Shop 30, Eden Rise Shopping Centre, Cnr Clyde Road & Cresthaven Blvd",Berwick,VIC,3806,"Shop 30, Eden Rise Shopping Centre, Cnr Clyde Road & Cresthaven Blvd, Berwick VIC 3806",30/06/2027,Active,Standard registration conditions,Esperanca Investment Pty Ltd,30/06/2027,Active,Standard licence condition
vpa_public_register,2026-07-29T13:34:38.613Z,https://pharmacy.vic.gov.au/register-search/,Eden Rise Pharmacy,"Shop 30, Eden Rise Shopping Centre, Cnr Clyde Road & Cresthaven Blvd",Berwick,VIC,3806,"Shop 30, Eden Rise Shopping Centre, Cnr Clyde Road & Cresthaven Blvd, Berwick VIC 3806",30/06/2027,Active,Standard registration conditions,GMPAL Pty Ltd,30/06/2027,Active,Standard licence condition
vpa_public_register,2026-07-29T13:34:38.613Z,https://pharmacy.vic.gov.au/register-search/,Eden Rise Pharmacy,"Shop 30, Eden Rise Shopping Centre, Cnr Clyde Road & Cresthaven Blvd",Berwick,VIC,3806,"Shop 30, Eden Rise Shopping Centre, Cnr Clyde Road & Cresthaven Blvd, Berwick VIC 3806",30/06/2027,Active,Standard registration conditions,P S & Sons Pty Ltd,30/06/2027,Active,Standard licence condition
vpa_public_register,2026-07-29T13:34:38.613Z,https://pharmacy.vic.gov.au/register-search/,Eden Rise Pharmacy,"Shop 30, Eden Rise Shopping Centre, Cnr Clyde Road & Cresthaven Blvd",Berwick,VIC,3806,"Shop 30, Eden Rise Shopping Centre, Cnr Clyde Road & Cresthaven Blvd, Berwick VIC 3806",30/06/2027,Active,Standard registration conditions,Pountchee Pty Ltd,30/06/2027,Active,Standard licence condition
vpa_public_register,2026-07-29T13:34:38.613Z,https://pharmacy.vic.gov.au/register-search/,HPS Pharmacies Berwick,"Part Ground Floor, St John of God Hospital, 75 Kangan Drive",BERWICK,VIC,3806,"Part Ground Floor, St John of God Hospital, 75 Kangan Drive, BERWICK VIC 3806",30/06/2027,Active,Specific registration condition | Standard registration conditions,HSP VIC No. 5 Pty Ltd,30/06/2027,Active,Standard licence condition
vpa_public_register,2026-07-29T13:34:38.613Z,https://pharmacy.vic.gov.au/register-search/,HPS Pharmacies Casey Specialist Centre,"Casey Specialist Centre, 55 Kangan Drive",BERWICK,VIC,3806,"Casey Specialist Centre, 55 Kangan Drive, BERWICK VIC 3806",30/06/2027,Active,Standard registration conditions,HSP VIC No. 5 Pty Ltd,30/06/2027,Active,Standard licence condition
vpa_public_register,2026-07-29T13:34:38.613Z,https://pharmacy.vic.gov.au/register-search/,BEACONSFIELD PHARMACY,"Shop 18, Beaconsfield Shopping Plaza, 55 Old Princes Highway",Beaconsfield,VIC,3807,"Shop 18, Beaconsfield Shopping Plaza, 55 Old Princes Highway, Beaconsfield VIC 3807",30/06/2027,Active,Standard registration conditions,Beaconsfield Health Pharmacy Pty Ltd,30/06/2027,Active,Standard licence condition
vpa_public_register,2026-07-29T13:34:38.613Z,https://pharmacy.vic.gov.au/register-search/,UPPER BEACONSFIELD PHARMACY,53 Beaconsfield-Emerald Road,Beaconsfield Upper,VIC,3808,"53 Beaconsfield-Emerald Road, Beaconsfield Upper VIC 3808",30/06/2026,Active,Standard registration conditions,AE & MM Pty Ltd,30/06/2026,Active,Standard licence condition
vpa_public_register,2026-07-29T13:34:38.613Z,https://pharmacy.vic.gov.au/register-search/,Centre Square Pharmacy,"B2102, Level 1, One Centre Square, 43 Siding Avenue",OFFICER,VIC,3809,"B2102, Level 1, One Centre Square, 43 Siding Avenue, OFFICER VIC 3809",30/06/2027,Active,Standard registration conditions,Ganesh Tumkur,30/06/2027,Active,Standard licence condition
vpa_public_register,2026-07-29T13:34:38.613Z,https://pharmacy.vic.gov.au/register-search/,TerryWhite Chemmart Officer,"Part of Ground Floor, 340 Princes Hwy",Officer,VIC,3809,"Part of Ground Floor, 340 Princes Hwy, Officer VIC 3809",30/06/2027,Active,Standard registration conditions,AHM Pharmacy Pty Ltd,30/06/2027,Active,Standard licence condition
vpa_public_register,2026-07-29T13:34:38.613Z,https://pharmacy.vic.gov.au/register-search/,Chemist Warehouse Main Street Pakenham,"154 Main Street & Shop 13 Centre Court Arcade,, Main Street",Pakenham,VIC,3810,"154 Main Street & Shop 13 Centre Court Arcade,, Main Street, Pakenham VIC 3810",30/06/2027,Active,Standard registration conditions,Simon Mikhail,30/06/2027,Active,Standard licence condition
vpa_public_register,2026-07-29T13:34:38.613Z,https://pharmacy.vic.gov.au/register-search/,CHEMIST WAREHOUSE PAKENHAM,"Shop No 4, The Heritage Shopping Centre, 1 Livingstone Boulevard",Pakenham,VIC,3810,"Shop No 4, The Heritage Shopping Centre, 1 Livingstone Boulevard, Pakenham VIC 3810",30/06/2027,Active,Standard registration conditions,Alison Tascone,30/06/2027,Active,Standard licence condition
vpa_public_register,2026-07-29T13:34:38.613Z,https://pharmacy.vic.gov.au/register-search/,CHEMIST WAREHOUSE PAKENHAM,"Shop No 4, The Heritage Shopping Centre, 1 Livingstone Boulevard",Pakenham,VIC,3810,"Shop No 4, The Heritage Shopping Centre, 1 Livingstone Boulevard, Pakenham VIC 3810",30/06/2027,Active,Standard registration conditions,Simon Mikhail,30/06/2027,Active,Standard licence condition
vpa_public_register,2026-07-29T13:34:38.613Z,https://pharmacy.vic.gov.au/register-search/,Direct Chemist Outlet Cardinia Lakes,"Shop 6, Cardinia Lakes S/C, Windermere Boulevard",Pakenham,VIC,3810,"Shop 6, Cardinia Lakes S/C, Windermere Boulevard, Pakenham VIC 3810",30/06/2027,Active,Standard registration conditions,Beshoy Shahat,30/06/2027,Active,Standard licence condition
vpa_public_register,2026-07-29T13:34:38.613Z,https://pharmacy.vic.gov.au/register-search/,Direct Chemist Outlet Cardinia Lakes,"Shop 6, Cardinia Lakes S/C, Windermere Boulevard",Pakenham,VIC,3810,"Shop 6, Cardinia Lakes S/C, Windermere Boulevard, Pakenham VIC 3810",30/06/2027,Active,Standard registration conditions,Mina Boutros,30/06/2027,Active,Standard licence condition
vpa_public_register,2026-07-29T13:34:38.613Z,https://pharmacy.vic.gov.au/register-search/,Direct Chemist Outlet Cardinia Lakes,"Shop 6, Cardinia Lakes S/C, Windermere Boulevard",Pakenham,VIC,3810,"Shop 6, Cardinia Lakes S/C, Windermere Boulevard, Pakenham VIC 3810",30/06/2027,Active,Standard registration conditions,Mina Shahat,30/06/2027,Active,Standard licence condition
vpa_public_register,2026-07-29T13:34:38.613Z,https://pharmacy.vic.gov.au/register-search/,Direct Chemist Outlet Pakenham,"Shop 3 Village Way, Lakeside Square Shopping Centre",Pakenham,VIC,3810,"Shop 3 Village Way, Lakeside Square Shopping Centre, Pakenham VIC 3810",30/06/2027,Active,Standard registration conditions,Amy Sanfilippo,30/06/2027,Active,Standard licence condition
vpa_public_register,2026-07-29T13:34:38.613Z,https://pharmacy.vic.gov.au/register-search/,Direct Chemist Outlet Pakenham,"Shop 3 Village Way, Lakeside Square Shopping Centre",Pakenham,VIC,3810,"Shop 3 Village Way, Lakeside Square Shopping Centre, Pakenham VIC 3810",30/06/2027,Active,Standard registration conditions,Reda Zaki,30/06/2027,Active,Standard licence condition
vpa_public_register,2026-07-29T13:34:38.613Z,https://pharmacy.vic.gov.au/register-search/,Direct Chemist Outlet Pakenham,"Shop 3 Village Way, Lakeside Square Shopping Centre",Pakenham,VIC,3810,"Shop 3 Village Way, Lakeside Square Shopping Centre, Pakenham VIC 3810",30/06/2027,Active,Standard registration conditions,Robert Nashed,30/06/2027,Active,Standard licence condition
vpa_public_register,2026-07-29T13:34:38.613Z,https://pharmacy.vic.gov.au/register-search/,Good Neighbour Pharmacy,3 / 113 - 117 Main Street,Pakenham,VIC,3810,"3 / 113 - 117 Main Street, Pakenham VIC 3810",30/06/2027,Active,Standard registration conditions,Matthew Gauke,30/06/2027,Active,Standard licence condition
vpa_public_register,2026-07-29T13:34:38.613Z,https://pharmacy.vic.gov.au/register-search/,Lakeside Community Pharmacy,"Shop 9, Lakeside Village Centre, Lakeside Boulevard",PAKENHAM,VIC,3810,"Shop 9, Lakeside Village Centre, Lakeside Boulevard, PAKENHAM VIC 3810",30/06/2027,Active,Standard registration conditions,Jason Lam,30/06/2027,Active,Standard licence condition
vpa_public_register,2026-07-29T13:34:38.613Z,https://pharmacy.vic.gov.au/register-search/,Lakeside Community Pharmacy,"Shop 9, Lakeside Village Centre, Lakeside Boulevard",PAKENHAM,VIC,3810,"Shop 9, Lakeside Village Centre, Lakeside Boulevard, PAKENHAM VIC 3810",30/06/2027,Active,Standard registration conditions,Steven Lam,30/06/2027,Active,Standard licence condition
vpa_public_register,2026-07-29T13:34:38.613Z,https://pharmacy.vic.gov.au/register-search/,Priceline Pharmacy Pakenham,"Shops 10-15, 55 John Street",Pakenham,VIC,3810,"Shops 10-15, 55 John Street, Pakenham VIC 3810",30/06/2027,Active,Standard registration conditions,Jeffrey Thom,30/06/2027,Active,Standard licence condition
vpa_public_register,2026-07-29T13:34:38.613Z,https://pharmacy.vic.gov.au/register-search/,Priceline Pharmacy Pakenham,"Shops 10-15, 55 John Street",Pakenham,VIC,3810,"Shops 10-15, 55 John Street, Pakenham VIC 3810",30/06/2027,Active,Standard registration conditions,Karen Dougall,30/06/2027,Active,Standard licence condition
vpa_public_register,2026-07-29T13:34:38.613Z,https://pharmacy.vic.gov.au/register-search/,United Chemists Pakenham,"Shop 1, Pakenham Central Marketplace, Cnr Henry & John Street",PAKENHAM,VIC,3810,"Shop 1, Pakenham Central Marketplace, Cnr Henry & John Street, PAKENHAM VIC 3810",30/06/2027,Active,Standard registration conditions,Pakenham Pharmacy Pty Ltd,30/06/2027,Active,Standard licence condition
vpa_public_register,2026-07-29T13:34:38.613Z,https://pharmacy.vic.gov.au/register-search/,Garfield Pharmacy,73-75 Main Street,GARFIELD,VIC,3814,"73-75 Main Street, GARFIELD VIC 3814",30/06/2027,Active,Standard registration conditions,JS Pharma Pty Ltd,30/06/2027,Active,Standard licence condition
vpa_public_register,2026-07-29T13:34:38.613Z,https://pharmacy.vic.gov.au/register-search/,BUNYIP PHARMACY,19 High Street,Bunyip,VIC,3815,"19 High Street, Bunyip VIC 3815",30/06/2027,Active,Standard registration conditions,Dinesh Solanki,30/06/2027,Active,Standard licence condition
vpa_public_register,2026-07-29T13:34:38.613Z,https://pharmacy.vic.gov.au/register-search/,Longwarry Pharmacy,"Shop 3 & 4, 10 - 12 Mackey Street",Longwarry,VIC,3816,"Shop 3 & 4, 10 - 12 Mackey Street, Longwarry VIC 3816",30/06/2027,Active,Standard registration conditions,Nazila Ram,30/06/2027,Active,Standard licence condition
vpa_public_register,2026-07-29T13:34:38.613Z,https://pharmacy.vic.gov.au/register-search/,Chemist Discount Centre Drouin,1 Hope Street,Drouin,VIC,3818,"1 Hope Street, Drouin VIC 3818",30/06/2027,Active,Standard registration conditions,John Kardis,30/06/2027,Active,Standard licence condition
vpa_public_register,2026-07-29T13:34:38.613Z,https://pharmacy.vic.gov.au/register-search/,Terry White Chemmart Drouin,33-35 Princes Way,Drouin,VIC,3818,"33-35 Princes Way, Drouin VIC 3818",30/06/2027,Active,Standard registration conditions,PHARMAX PTY LTD,30/06/2027,Active,Standard licence condition
vpa_public_register,2026-07-29T13:34:38.613Z,https://pharmacy.vic.gov.au/register-search/,Advantage Pharmacy -  Warragul,Pharmacy at 33 Victoria Street,WARRAGUL,VIC,3820,"Pharmacy at 33 Victoria Street, WARRAGUL VIC 3820",30/06/2027,Active,Standard registration conditions,Janelle Hartmann,30/06/2027,Active,Standard licence condition
vpa_public_register,2026-07-29T13:34:38.613Z,https://pharmacy.vic.gov.au/register-search/,Advantage Pharmacy -  Warragul,Pharmacy at 33 Victoria Street,WARRAGUL,VIC,3820,"Pharmacy at 33 Victoria Street, WARRAGUL VIC 3820",30/06/2027,Active,Standard registration conditions,Kathryn Klose,30/06/2027,Active,Standard licence condition
vpa_public_register,2026-07-29T13:34:38.613Z,https://pharmacy.vic.gov.au/register-search/,Advantage Pharmacy -  Warragul,Pharmacy at 33 Victoria Street,WARRAGUL,VIC,3820,"Pharmacy at 33 Victoria Street, WARRAGUL VIC 3820",30/06/2027,Active,Standard registration conditions,MIchael Gray,30/06/2027,Active,Standard licence condition
vpa_public_register,2026-07-29T13:34:38.613Z,https://pharmacy.vic.gov.au/register-search/,Advantage Pharmacy -  Warragul,Pharmacy at 33 Victoria Street,WARRAGUL,VIC,3820,"Pharmacy at 33 Victoria Street, WARRAGUL VIC 3820",30/06/2027,Active,Standard registration conditions,Sunil Bhatt,30/06/2027,Active,Standard licence condition
vpa_public_register,2026-07-29T13:34:38.613Z,https://pharmacy.vic.gov.au/register-search/,Advantage Pharmacy Central Clinic,"Allied Rooms 1 & 2, Central Clinic Warragul",WARRAGUL,VIC,3820,"Allied Rooms 1 & 2, Central Clinic Warragul, WARRAGUL VIC 3820",30/06/2027,Active,Standard registration conditions,Janelle Hartmann,30/06/2027,Active,Standard licence condition
vpa_public_register,2026-07-29T13:34:38.613Z,https://pharmacy.vic.gov.au/register-search/,Advantage Pharmacy Central Clinic,"Allied Rooms 1 & 2, Central Clinic Warragul",WARRAGUL,VIC,3820,"Allied Rooms 1 & 2, Central Clinic Warragul, WARRAGUL VIC 3820",30/06/2027,Active,Standard registration conditions,Kathryn Klose,30/06/2027,Active,Standard licence condition
vpa_public_register,2026-07-29T13:34:38.613Z,https://pharmacy.vic.gov.au/register-search/,Advantage Pharmacy Central Clinic,"Allied Rooms 1 & 2, Central Clinic Warragul",WARRAGUL,VIC,3820,"Allied Rooms 1 & 2, Central Clinic Warragul, WARRAGUL VIC 3820",30/06/2027,Active,Standard registration conditions,Sunil Bhatt,30/06/2027,Active,Standard licence condition
vpa_public_register,2026-07-29T13:34:38.613Z,https://pharmacy.vic.gov.au/register-search/,Chemist Discount Centre Warragul,38 & 38A Palmerston Street,Warragul,VIC,3820,"38 & 38A Palmerston Street, Warragul VIC 3820",30/06/2027,Active,Standard registration conditions,Janelle Hartmann,30/06/2027,Active,Standard licence condition
vpa_public_register,2026-07-29T13:34:38.613Z,https://pharmacy.vic.gov.au/register-search/,Chemist Discount Centre Warragul,38 & 38A Palmerston Street,Warragul,VIC,3820,"38 & 38A Palmerston Street, Warragul VIC 3820",30/06/2027,Active,Standard registration conditions,Kathryn Klose,30/06/2027,Active,Standard licence condition
vpa_public_register,2026-07-29T13:34:38.613Z,https://pharmacy.vic.gov.au/register-search/,Chemist Discount Centre Warragul,38 & 38A Palmerston Street,Warragul,VIC,3820,"38 & 38A Palmerston Street, Warragul VIC 3820",30/06/2027,Active,Standard registration conditions,MIchael Gray,30/06/2027,Active,Standard licence condition
vpa_public_register,2026-07-29T13:34:38.613Z,https://pharmacy.vic.gov.au/register-search/,Chemist Discount Centre Warragul,38 & 38A Palmerston Street,Warragul,VIC,3820,"38 & 38A Palmerston Street, Warragul VIC 3820",30/06/2027,Active,Standard registration conditions,Sunil Bhatt,30/06/2027,Active,Standard licence condition
vpa_public_register,2026-07-29T13:34:38.613Z,https://pharmacy.vic.gov.au/register-search/,PRICELINE PHARMACY WARRAGUL,"Shop 2, The Link, Palmerston Street",Warragul,VIC,3820,"Shop 2, The Link, Palmerston Street, Warragul VIC 3820",30/06/2027,Active,Standard registration conditions,Janelle Hartmann,30/06/2027,Active,Standard licence condition
vpa_public_register,2026-07-29T13:34:38.613Z,https://pharmacy.vic.gov.au/register-search/,PRICELINE PHARMACY WARRAGUL,"Shop 2, The Link, Palmerston Street",Warragul,VIC,3820,"Shop 2, The Link, Palmerston Street, Warragul VIC 3820",30/06/2027,Active,Standard registration conditions,Kathryn Klose,30/06/2027,Active,Standard licence condition
vpa_public_register,2026-07-29T13:34:38.613Z,https://pharmacy.vic.gov.au/register-search/,PRICELINE PHARMACY WARRAGUL,"Shop 2, The Link, Palmerston Street",Warragul,VIC,3820,"Shop 2, The Link, Palmerston Street, Warragul VIC 3820",30/06/2027,Active,Standard registration conditions,MIchael Gray,30/06/2027,Active,Standard licence condition
vpa_public_register,2026-07-29T13:34:38.613Z,https://pharmacy.vic.gov.au/register-search/,PRICELINE PHARMACY WARRAGUL,"Shop 2, The Link, Palmerston Street",Warragul,VIC,3820,"Shop 2, The Link, Palmerston Street, Warragul VIC 3820",30/06/2027,Active,Standard registration conditions,Sunil Bhatt,30/06/2027,Active,Standard licence condition
vpa_public_register,2026-07-29T13:34:38.613Z,https://pharmacy.vic.gov.au/register-search/,Slade Pharmacy Warragul,41 Landsborough Street,WARRAGUL,VIC,3820,"41 Landsborough Street, WARRAGUL VIC 3820",30/06/2027,Active,Standard registration conditions,Begelow Group Pty Ltd,30/06/2027,Active,Standard licence condition
vpa_public_register,2026-07-29T13:34:38.613Z,https://pharmacy.vic.gov.au/register-search/,Warragul Discount Pharmacy,74 Smith Street,Warragul,VIC,3820,"74 Smith Street, Warragul VIC 3820",30/06/2027,Active,Standard registration conditions,Warragul Pharmacy Pty Ltd,30/06/2027,Active,Standard licence condition
vpa_public_register,2026-07-29T13:34:38.613Z,https://pharmacy.vic.gov.au/register-search/,Yarragon Community Pharmacy,3 / 101 Princes Highway,Yarragon,VIC,3823,"3 / 101 Princes Highway, Yarragon VIC 3823",30/06/2027,Active,Standard registration conditions,Christopher Hardy,30/06/2027,Active,Standard licence condition
vpa_public_register,2026-07-29T13:34:38.613Z,https://pharmacy.vic.gov.au/register-search/,Direct Chemist Outlet Trafalgar,75 Princes Highway,Trafalgar,VIC,3824,"75 Princes Highway, Trafalgar VIC 3824",30/06/2027,Active,Standard registration conditions,John Shihata,30/06/2027,Active,Standard licence condition
vpa_public_register,2026-07-29T13:34:38.613Z,https://pharmacy.vic.gov.au/register-search/,Direct Chemist Outlet Trafalgar,75 Princes Highway,Trafalgar,VIC,3824,"75 Princes Highway, Trafalgar VIC 3824",30/06/2027,Active,Standard registration conditions,MGF Eleison Pty Ltd,30/06/2027,Active,Standard licence condition
vpa_public_register,2026-07-29T13:34:38.613Z,https://pharmacy.vic.gov.au/register-search/,Direct Chemist Outlet Trafalgar,75 Princes Highway,Trafalgar,VIC,3824,"75 Princes Highway, Trafalgar VIC 3824",30/06/2027,Active,Standard registration conditions,Michael Morcos,30/06/2027,Active,Standard licence condition
vpa_public_register,2026-07-29T13:34:38.613Z,https://pharmacy.vic.gov.au/register-search/,Direct Chemist Outlet Trafalgar,75 Princes Highway,Trafalgar,VIC,3824,"75 Princes Highway, Trafalgar VIC 3824",30/06/2027,Active,Standard registration conditions,Mina Mounir,30/06/2027,Active,Standard licence condition
vpa_public_register,2026-07-29T13:34:38.613Z,https://pharmacy.vic.gov.au/register-search/,Central Pharmacy Newborough,23A Boolarra Avenue,NEWBOROUGH,VIC,3825,"23A Boolarra Avenue, NEWBOROUGH VIC 3825",30/06/2027,Active,Standard registration conditions,CPNB Pty Ltd,30/06/2027,Active,Standard licence condition
vpa_public_register,2026-07-29T13:34:38.613Z,https://pharmacy.vic.gov.au/register-search/,Chemist Discount Centre Moe,37 - 39 Elizabeth Street,MOE,VIC,3825,"37 - 39 Elizabeth Street, MOE VIC 3825",30/06/2027,Active,Standard registration conditions,Steven Kastrinakis,30/06/2027,Active,Standard licence condition
vpa_public_register,2026-07-29T13:34:38.613Z,https://pharmacy.vic.gov.au/register-search/,DIRECT CHEMIT OUTLET - MOE,"32 Moore Street (front), 1C Market Street (back)",MOE,VIC,3825,"32 Moore Street (front), 1C Market Street (back), MOE VIC 3825",30/06/2027,Active,Standard registration conditions,INDEPENDANT PHARMACISTS OF AUSTRALIA PTY LTD,30/06/2027,Active,Standard licence condition
vpa_public_register,2026-07-29T13:34:38.613Z,https://pharmacy.vic.gov.au/register-search/,Health Mart Pharmacy,"Unit 3, 4 Murie Street",Rawson,VIC,3825,"Unit 3, 4 Murie Street, Rawson VIC 3825",30/06/2027,Active,Standard registration conditions,Hamdi Care Pty Ltd,30/06/2027,Active,Standard licence condition
vpa_public_register,2026-07-29T13:34:38.613Z,https://pharmacy.vic.gov.au/register-search/,Lloyd Street Discount Chemist,63 Lloyd Street,Moe,VIC,3825,"63 Lloyd Street, Moe VIC 3825",30/06/2027,Active,Standard registration conditions,INDEPENDANT PHARMACISTS OF AUSTRALIA PTY LTD,30/06/2027,Active,Standard licence condition
vpa_public_register,2026-07-29T13:34:38.613Z,https://pharmacy.vic.gov.au/register-search/,ODLUM'S NEWBOROUGH PHARMACY,28 Rutherglen Road,Newborough,VIC,3825,"28 Rutherglen Road, Newborough VIC 3825",30/06/2027,Active,Standard registration conditions,OPNB Pty Ltd,30/06/2027,Active,Standard licence condition
vpa_public_register,2026-07-29T13:34:38.613Z,https://pharmacy.vic.gov.au/register-search/,Neerim South Pharmacy,"Shop 2, 85 - 87 Main Road",Neerim South,VIC,3831,"Shop 2, 85 - 87 Main Road, Neerim South VIC 3831",30/06/2027,Active,Standard registration conditions,Halcyon Healthcare Pty Ltd,30/06/2027,Active,Standard licence condition
vpa_public_register,2026-07-29T13:34:38.613Z,https://pharmacy.vic.gov.au/register-search/,Advantage Pharmacy Morwell,Shop 1 / 187 Princes Drive,Morwell,VIC,3840,"Shop 1 / 187 Princes Drive, Morwell VIC 3840",30/06/2027,Active,Standard registration conditions,Samuel Armstrong,30/06/2027,Active,Standard licence condition
vpa_public_register,2026-07-29T13:34:38.613Z,https://pharmacy.vic.gov.au/register-search/,Amcal Mid Valley Shopping Centre,"Shop 46, Mid Valley Shopping Centre",MORWELL,VIC,3840,"Shop 46, Mid Valley Shopping Centre, MORWELL VIC 3840",30/06/2027,Active,Standard registration conditions,Andrew Rowais,30/06/2027,Active,Standard licence condition
vpa_public_register,2026-07-29T13:34:38.613Z,https://pharmacy.vic.gov.au/register-search/,Amcal Mid Valley Shopping Centre,"Shop 46, Mid Valley Shopping Centre",MORWELL,VIC,3840,"Shop 46, Mid Valley Shopping Centre, MORWELL VIC 3840",30/06/2027,Active,Standard registration conditions,Mario Tascone,30/06/2027,Active,Standard licence condition
vpa_public_register,2026-07-29T13:34:38.613Z,https://pharmacy.vic.gov.au/register-search/,Amcal Mid Valley Shopping Centre,"Shop 46, Mid Valley Shopping Centre",MORWELL,VIC,3840,"Shop 46, Mid Valley Shopping Centre, MORWELL VIC 3840",30/06/2027,Active,Standard registration conditions,Rami Saleh,30/06/2027,Active,Standard licence condition
vpa_public_register,2026-07-29T13:34:38.613Z,https://pharmacy.vic.gov.au/register-search/,Amcal Mid Valley Shopping Centre,"Shop 46, Mid Valley Shopping Centre",MORWELL,VIC,3840,"Shop 46, Mid Valley Shopping Centre, MORWELL VIC 3840",30/06/2027,Active,Standard registration conditions,Tze Ying Ng,30/06/2027,Active,Standard licence condition
vpa_public_register,2026-07-29T13:34:38.613Z,https://pharmacy.vic.gov.au/register-search/,Chemist Discount Centre Morwell,13 Tarwin Street,MORWELL,VIC,3840,"13 Tarwin Street, MORWELL VIC 3840",30/06/2027,Active,Standard registration conditions,Samuel Armstrong,30/06/2027,Active,Standard licence condition
vpa_public_register,2026-07-29T13:34:38.613Z,https://pharmacy.vic.gov.au/register-search/,Chemist Warehouse Morwell,"Shop 1 - 3, 2 Monash Way",Morwell,VIC,3840,"Shop 1 - 3, 2 Monash Way, Morwell VIC 3840",30/06/2027,Active,Standard registration conditions,Andrew Rowais,30/06/2027,Active,Standard licence condition
vpa_public_register,2026-07-29T13:34:38.613Z,https://pharmacy.vic.gov.au/register-search/,Chemist Warehouse Morwell,"Shop 1 - 3, 2 Monash Way",Morwell,VIC,3840,"Shop 1 - 3, 2 Monash Way, Morwell VIC 3840",30/06/2027,Active,Standard registration conditions,Rami Saleh,30/06/2027,Active,Standard licence condition
vpa_public_register,2026-07-29T13:34:38.613Z,https://pharmacy.vic.gov.au/register-search/,Chemist Warehouse Morwell,"Shop 1 - 3, 2 Monash Way",Morwell,VIC,3840,"Shop 1 - 3, 2 Monash Way, Morwell VIC 3840",30/06/2027,Active,Standard registration conditions,Sunil Narula,30/06/2027,Active,Standard licence condition
vpa_public_register,2026-07-29T13:34:38.613Z,https://pharmacy.vic.gov.au/register-search/,Chemist Warehouse Morwell,"Shop 1 - 3, 2 Monash Way",Morwell,VIC,3840,"Shop 1 - 3, 2 Monash Way, Morwell VIC 3840",30/06/2027,Active,Standard registration conditions,Tze Ying Ng,30/06/2027,Active,Standard licence condition
vpa_public_register,2026-07-29T13:34:38.613Z,https://pharmacy.vic.gov.au/register-search/,MONTAGUE'S PHARMACY,19-21 Rintoull Street,Morwell,VIC,3840,"19-21 Rintoull Street, Morwell VIC 3840",30/06/2027,Active,Standard registration conditions,Mahalakshmi Pharmacy Pty Ltd,30/06/2027,Active,Standard licence condition
vpa_public_register,2026-07-29T13:34:38.613Z,https://pharmacy.vic.gov.au/register-search/,Chemist Discount Centre Churchill,"Shop 7, West Place Shopping Centre",Churchill,VIC,3842,"Shop 7, West Place Shopping Centre, Churchill VIC 3842",30/06/2027,Active,Standard registration conditions,John Kardis,30/06/2027,Active,Standard licence condition
vpa_public_register,2026-07-29T13:34:38.613Z,https://pharmacy.vic.gov.au/register-search/,Churchill Discount Pharmacy,14 Georgina Place,CHURCHILL,VIC,3842,"14 Georgina Place, CHURCHILL VIC 3842",30/06/2027,Active,Standard registration conditions,AM Pharm Pty Ltd,30/06/2027,Active,Standard licence condition
vpa_public_register,2026-07-29T13:34:38.613Z,https://pharmacy.vic.gov.au/register-search/,CHEMIST WAREHOUSE - TRARALGON,92-102 Franklin Street,Traralgon,VIC,3844,"92-102 Franklin Street, Traralgon VIC 3844",30/06/2027,Active,Standard registration conditions,Alison Tascone,30/06/2027,Active,Standard licence condition
vpa_public_register,2026-07-29T13:34:38.613Z,https://pharmacy.vic.gov.au/register-search/,CHEMIST WAREHOUSE - TRARALGON,92-102 Franklin Street,Traralgon,VIC,3844,"92-102 Franklin Street, Traralgon VIC 3844",30/06/2027,Active,Standard registration conditions,Andrew Rowais,30/06/2027,Active,Standard licence condition
vpa_public_register,2026-07-29T13:34:38.613Z,https://pharmacy.vic.gov.au/register-search/,CHEMIST WAREHOUSE - TRARALGON,92-102 Franklin Street,Traralgon,VIC,3844,"92-102 Franklin Street, Traralgon VIC 3844",30/06/2027,Active,Standard registration conditions,Rami Saleh,30/06/2027,Active,Standard licence condition
vpa_public_register,2026-07-29T13:34:38.613Z,https://pharmacy.vic.gov.au/register-search/,CHEMIST WAREHOUSE - TRARALGON,92-102 Franklin Street,Traralgon,VIC,3844,"92-102 Franklin Street, Traralgon VIC 3844",30/06/2027,Active,Standard registration conditions,SJ Yacoub Pty Ltd,30/06/2027,Active,Standard licence condition
vpa_public_register,2026-07-29T13:34:38.613Z,https://pharmacy.vic.gov.au/register-search/,LATROBE REGIONAL HOSPITAL PHARMACY DEPARTMENT,10 Village Avenue,Traralgon West,VIC,3844,"10 Village Avenue, Traralgon West VIC 3844",30/06/2027,Active,,LATROBE REGIONAL HOSPITAL,30/06/2027,Active,Standard licence condition
vpa_public_register,2026-07-29T13:34:38.613Z,https://pharmacy.vic.gov.au/register-search/,PRICELINE PHARMACY FINDLAY & WEYMOUTH,79 Seymour Street,Traralgon,VIC,3844,"79 Seymour Street, Traralgon VIC 3844",30/06/2027,Active,Standard registration conditions,IPG Traralgon Pty Ltd,30/06/2027,Active,Standard licence condition
vpa_public_register,2026-07-29T13:34:38.613Z,https://pharmacy.vic.gov.au/register-search/,PRICELINE PHARMACY TRARALGON,"Shop F02 Stockland Plaza, 166 - 188 Franklin Street",Traralgon,VIC,3844,"Shop F02 Stockland Plaza, 166 - 188 Franklin Street, Traralgon VIC 3844",30/06/2027,Active,Standard registration conditions,IPG Traralgon Pty Ltd,30/06/2027,Active,Standard licence condition
vpa_public_register,2026-07-29T13:34:38.613Z,https://pharmacy.vic.gov.au/register-search/,TerryWhite Chemmart Traralgon Village,"Shop 3, 2 Marshalls Road",TRARALGON,VIC,3844,"Shop 3, 2 Marshalls Road, TRARALGON VIC 3844",30/06/2027,Active,Standard registration conditions,Achu & Bala Pty Ltd,30/06/2027,Active,Standard licence condition
vpa_public_register,2026-07-29T13:34:38.613Z,https://pharmacy.vic.gov.au/register-search/,TerryWhite Chemmart Traralgon Village,"Shop 3, 2 Marshalls Road",TRARALGON,VIC,3844,"Shop 3, 2 Marshalls Road, TRARALGON VIC 3844",30/06/2027,Active,Standard registration conditions,Harding-Hall Traralgon Pty Ltd,30/06/2027,Active,Standard licence condition
vpa_public_register,2026-07-29T13:34:38.613Z,https://pharmacy.vic.gov.au/register-search/,TerryWhite Chemmart Traralgon Village,"Shop 3, 2 Marshalls Road",TRARALGON,VIC,3844,"Shop 3, 2 Marshalls Road, TRARALGON VIC 3844",30/06/2027,Active,Standard registration conditions,Rememdium Pty Ltd,30/06/2027,Active,Standard licence condition
vpa_public_register,2026-07-29T13:34:38.613Z,https://pharmacy.vic.gov.au/register-search/,ROSEDALE PHARMACY,9 Prince Street,Rosedale,VIC,3847,"9 Prince Street, Rosedale VIC 3847",30/06/2027,Active,Standard registration conditions,Supercare Rosedale Pharmacy Pty Ltd,30/06/2027,Active,Standard licence condition
vpa_public_register,2026-07-29T13:34:38.613Z,https://pharmacy.vic.gov.au/register-search/,Amcal Findlay & Weymouth Sale,275 Raymond Street,Sale,VIC,3850,"275 Raymond Street, Sale VIC 3850",30/06/2027,Active,Standard registration conditions,FW Health Pty Ltd,30/06/2027,Active,Standard licence condition
vpa_public_register,2026-07-29T13:34:38.613Z,https://pharmacy.vic.gov.au/register-search/,Balfour's Pharmacy,12 Inglis Street,SALE,VIC,3850,"12 Inglis Street, SALE VIC 3850",30/06/2027,Active,Standard registration conditions,Nicholas Balfour,30/06/2027,Active,Standard licence condition
vpa_public_register,2026-07-29T13:34:38.613Z,https://pharmacy.vic.gov.au/register-search/,Balfour's Pharmacy,12 Inglis Street,SALE,VIC,3850,"12 Inglis Street, SALE VIC 3850",30/06/2027,Active,Standard registration conditions,The Estate of Stephanie Claire Roocke,30/06/2026,Active,Standard licence condition
vpa_public_register,2026-07-29T13:34:38.613Z,https://pharmacy.vic.gov.au/register-search/,CENTRAL GIPPSLAND HEALTH SERVICE PHARMACY DEPARTMENT,155 Guthridge Parade,Sale,VIC,3850,"155 Guthridge Parade, Sale VIC 3850",30/06/2027,Active,,CENTRAL GIPPSLAND HEALTH SERVICE,30/06/2027,Active,Standard licence condition
vpa_public_register,2026-07-29T13:34:38.613Z,https://pharmacy.vic.gov.au/register-search/,CHEMIST WAREHOUSE SALE,276 - 278 Raymond Street,Sale,VIC,3850,"276 - 278 Raymond Street, Sale VIC 3850",30/06/2027,Active,Standard registration conditions,Andrew Rowais,30/06/2027,Active,Standard licence condition
vpa_public_register,2026-07-29T13:34:38.613Z,https://pharmacy.vic.gov.au/register-search/,CHEMIST WAREHOUSE SALE,276 - 278 Raymond Street,Sale,VIC,3850,"276 - 278 Raymond Street, Sale VIC 3850",30/06/2027,Active,Standard registration conditions,Mario Tascone,30/06/2027,Active,Standard licence condition
vpa_public_register,2026-07-29T13:34:38.613Z,https://pharmacy.vic.gov.au/register-search/,CHEMIST WAREHOUSE SALE,276 - 278 Raymond Street,Sale,VIC,3850,"276 - 278 Raymond Street, Sale VIC 3850",30/06/2027,Active,Standard registration conditions,Rami Saleh,30/06/2027,Active,Standard licence condition
vpa_public_register,2026-07-29T13:34:38.613Z,https://pharmacy.vic.gov.au/register-search/,PRICELINE PHARMACY SALE,"Shop 2, Gippsland Centre, Cunningham Street",Sale,VIC,3850,"Shop 2, Gippsland Centre, Cunningham Street, Sale VIC 3850",30/06/2027,Active,Standard registration conditions,Loyal Wings Pty Ltd,30/06/2027,Active,Standard licence condition
vpa_public_register,2026-07-29T13:34:38.613Z,https://pharmacy.vic.gov.au/register-search/,PRICELINE PHARMACY SALE,"Shop 2, Gippsland Centre, Cunningham Street",Sale,VIC,3850,"Shop 2, Gippsland Centre, Cunningham Street, Sale VIC 3850",30/06/2027,Active,Standard registration conditions,Sale Pharmacy Pty Ltd,30/06/2027,Active,Standard licence condition
vpa_public_register,2026-07-29T13:34:38.613Z,https://pharmacy.vic.gov.au/register-search/,Raymond Street Pharmacy,"Shops 2 & 3, 398 - 424 Raymond Street",Sale,VIC,3850,"Shops 2 & 3, 398 - 424 Raymond Street, Sale VIC 3850",30/06/2027,Active,Standard registration conditions,KKAFF Pty Ltd,30/06/2027,Active,Standard licence condition
vpa_public_register,2026-07-29T13:34:38.613Z,https://pharmacy.vic.gov.au/register-search/,DEPOT FOR RAYMOND STREET PHARMACY,"Loch Sport General Store, Government Road",Loch Sport,VIC,3851,"Loch Sport General Store, Government Road, Loch Sport VIC 3851",30/06/2027,Active,,,,,
vpa_public_register,2026-07-29T13:34:38.613Z,https://pharmacy.vic.gov.au/register-search/,Loch Sport Pharmacy,54A Lake Street,LOCH SPORT,VIC,3851,"54A Lake Street, LOCH SPORT VIC 3851",30/06/2027,Active,Standard registration conditions,Amber Sun Investments Pty Ltd,30/06/2027,Active,Standard licence condition
vpa_public_register,2026-07-29T13:34:38.613Z,https://pharmacy.vic.gov.au/register-search/,Glengarry Community Chemist,"Shop 4 & 5, 21 - 23 Main Street",GLENGARRY,VIC,3854,"Shop 4 & 5, 21 - 23 Main Street, GLENGARRY VIC 3854",30/06/2027,Active,Standard registration conditions,CAS Health Group Pty Ltd,30/06/2027,Active,Standard licence condition
vpa_public_register,2026-07-29T13:34:38.613Z,https://pharmacy.vic.gov.au/register-search/,Direct Chemist Outlet Heyfield,16 George Street,HEYFIELD,VIC,3858,"16 George Street, HEYFIELD VIC 3858",30/06/2027,Active,Standard registration conditions,Heyfield Pharmacy VIC Pty Ltd,30/06/2027,Active,Standard licence condition
vpa_public_register,2026-07-29T13:34:38.613Z,https://pharmacy.vic.gov.au/register-search/,Direct Chemist Outlet Maffra,108-110 Johnson Street,Maffra,VIC,3860,"108-110 Johnson Street, Maffra VIC 3860",30/06/2027,Active,Standard registration conditions,Mark Pullyblank,30/06/2027,Active,Standard licence condition
vpa_public_register,2026-07-29T13:34:38.613Z,https://pharmacy.vic.gov.au/register-search/,Direct Chemist Outlet Maffra,108-110 Johnson Street,Maffra,VIC,3860,"108-110 Johnson Street, Maffra VIC 3860",30/06/2027,Active,Standard registration conditions,Michael Morcos,30/06/2027,Active,Standard licence condition
vpa_public_register,2026-07-29T13:34:38.613Z,https://pharmacy.vic.gov.au/register-search/,Direct Chemist Outlet Maffra,108-110 Johnson Street,Maffra,VIC,3860,"108-110 Johnson Street, Maffra VIC 3860",30/06/2027,Active,Standard registration conditions,Nyasha Pty Ltd,30/06/2027,Active,Standard licence condition
vpa_public_register,2026-07-29T13:34:38.613Z,https://pharmacy.vic.gov.au/register-search/,Maffra Pharmacy,Part of 20 Foster Street,MAFFRA,VIC,3860,"Part of 20 Foster Street, MAFFRA VIC 3860",30/06/2027,Active,Standard registration conditions,Michael Morcos,30/06/2027,Active,Standard licence condition
vpa_public_register,2026-07-29T13:34:38.613Z,https://pharmacy.vic.gov.au/register-search/,Maffra Pharmacy,Part of 20 Foster Street,MAFFRA,VIC,3860,"Part of 20 Foster Street, MAFFRA VIC 3860",30/06/2027,Active,Standard registration conditions,Nyasha Pty Ltd,30/06/2027,Active,Standard licence condition
vpa_public_register,2026-07-29T13:34:38.613Z,https://pharmacy.vic.gov.au/register-search/,STRATFORD PHARMACY,48 Tyers Street,STRATFORD,VIC,3862,"48 Tyers Street, STRATFORD VIC 3862",30/06/2027,Active,Standard registration conditions,Lincoln Lam,30/06/2027,Active,Standard licence condition
vpa_public_register,2026-07-29T13:34:38.613Z,https://pharmacy.vic.gov.au/register-search/,Yinnar Pharmacy & Post Office,42 Main Street,YINNAR,VIC,3869,"42 Main Street, YINNAR VIC 3869",30/06/2027,Active,Standard registration conditions,Unicare Pharmaceuticals Pty Ltd,30/06/2027,Active,Standard licence condition
vpa_public_register,2026-07-29T13:34:38.613Z,https://pharmacy.vic.gov.au/register-search/,Mirboo North Wholelife Pharmacy & Healthfoods,46 Ridgway,Mirboo North,VIC,3871,"46 Ridgway, Mirboo North VIC 3871",30/06/2027,Active,Standard registration conditions,Mirboo Health Pty Ltd,30/06/2027,Active,Standard licence condition
vpa_public_register,2026-07-29T13:34:38.613Z,https://pharmacy.vic.gov.au/register-search/,BAIRNSDALE REGIONAL HEALTH SERVICE PHARMACY DEPARTMENT,Day Street,Bairnsdale,VIC,3875,"Day Street, Bairnsdale VIC 3875",30/06/2026,Active,,BAIRNSDALE REGIONAL HEALTH SERVICES,30/06/2026,Active,Standard licence condition
vpa_public_register,2026-07-29T13:34:38.613Z,https://pharmacy.vic.gov.au/register-search/,CHEMIST WAREHOUSE BAIRNSDALE,Part 458 Main Street,Bairnsdale,VIC,3875,"Part 458 Main Street, Bairnsdale VIC 3875",30/06/2027,Active,Standard registration conditions,Andrew Rowais,30/06/2027,Active,Standard licence condition
vpa_public_register,2026-07-29T13:34:38.613Z,https://pharmacy.vic.gov.au/register-search/,CHEMIST WAREHOUSE BAIRNSDALE,Part 458 Main Street,Bairnsdale,VIC,3875,"Part 458 Main Street, Bairnsdale VIC 3875",30/06/2027,Active,Standard registration conditions,Damien Gance,30/06/2027,Active,Standard licence condition
vpa_public_register,2026-07-29T13:34:38.613Z,https://pharmacy.vic.gov.au/register-search/,CHEMIST WAREHOUSE BAIRNSDALE,Part 458 Main Street,Bairnsdale,VIC,3875,"Part 458 Main Street, Bairnsdale VIC 3875",30/06/2027,Active,Standard registration conditions,Rami Saleh,30/06/2027,Active,Standard licence condition
vpa_public_register,2026-07-29T13:34:38.613Z,https://pharmacy.vic.gov.au/register-search/,CHEMIST WAREHOUSE BAIRNSDALE,Part 458 Main Street,Bairnsdale,VIC,3875,"Part 458 Main Street, Bairnsdale VIC 3875",30/06/2027,Active,Standard registration conditions,Yak Hong Kuick,30/06/2027,Active,Standard licence condition
vpa_public_register,2026-07-29T13:34:38.613Z,https://pharmacy.vic.gov.au/register-search/,Complete Care Pharmacy Bairnsdale,46 - 56 Nicholson Street,Bairnsdale,VIC,3875,"46 - 56 Nicholson Street, Bairnsdale VIC 3875",30/06/2027,Active,Standard registration conditions,Iain Cartney,30/06/2027,Active,Standard licence condition
vpa_public_register,2026-07-29T13:34:38.613Z,https://pharmacy.vic.gov.au/register-search/,Complete Care Pharmacy Bairnsdale,46 - 56 Nicholson Street,Bairnsdale,VIC,3875,"46 - 56 Nicholson Street, Bairnsdale VIC 3875",30/06/2027,Active,Standard registration conditions,Melinda Gray,30/06/2027,Active,Standard licence condition
vpa_public_register,2026-07-29T13:34:38.613Z,https://pharmacy.vic.gov.au/register-search/,Complete Care Pharmacy Bairnsdale,46 - 56 Nicholson Street,Bairnsdale,VIC,3875,"46 - 56 Nicholson Street, Bairnsdale VIC 3875",30/06/2027,Active,Standard registration conditions,Steven Kastrinakis,30/06/2027,Active,Standard licence condition
vpa_public_register,2026-07-29T13:34:38.613Z,https://pharmacy.vic.gov.au/register-search/,Priceline Pharmacy Bairnsdale,190 - 192 Main Street,Bairnsdale,VIC,3875,"190 - 192 Main Street, Bairnsdale VIC 3875",30/06/2027,Active,Standard registration conditions,Priceline Pharmacy Bairnsdale Pty Ltd,30/06/2027,Active,Standard licence condition
vpa_public_register,2026-07-29T13:34:38.613Z,https://pharmacy.vic.gov.au/register-search/,TerryWhite Chemmart Bairnsdale Pharmacy,"Shop 8 and 9, Eastwood Village Shopping Centre, 30 Howitt Avenue",Bairnsdale,VIC,3875,"Shop 8 and 9, Eastwood Village Shopping Centre, 30 Howitt Avenue, Bairnsdale VIC 3875",30/06/2027,Active,Standard registration conditions,Betty Karalis,30/06/2027,Active,Standard licence condition
vpa_public_register,2026-07-29T13:34:38.613Z,https://pharmacy.vic.gov.au/register-search/,TerryWhite Chemmart Bairnsdale Pharmacy,"Shop 8 and 9, Eastwood Village Shopping Centre, 30 Howitt Avenue",Bairnsdale,VIC,3875,"Shop 8 and 9, Eastwood Village Shopping Centre, 30 Howitt Avenue, Bairnsdale VIC 3875",30/06/2027,Active,Standard registration conditions,John Fotinos,30/06/2027,Active,Standard licence condition
vpa_public_register,2026-07-29T13:34:38.613Z,https://pharmacy.vic.gov.au/register-search/,TerryWhite Chemmart Bairnsdale Pharmacy,"Shop 8 and 9, Eastwood Village Shopping Centre, 30 Howitt Avenue",Bairnsdale,VIC,3875,"Shop 8 and 9, Eastwood Village Shopping Centre, 30 Howitt Avenue, Bairnsdale VIC 3875",30/06/2027,Active,Standard registration conditions,Joshua Moffitt,30/06/2027,Active,Standard licence condition
vpa_public_register,2026-07-29T13:34:38.613Z,https://pharmacy.vic.gov.au/register-search/,TerryWhite Chemmart Bairnsdale Pharmacy,"Shop 8 and 9, Eastwood Village Shopping Centre, 30 Howitt Avenue",Bairnsdale,VIC,3875,"Shop 8 and 9, Eastwood Village Shopping Centre, 30 Howitt Avenue, Bairnsdale VIC 3875",30/06/2027,Active,Standard registration conditions,Sze Wong,30/06/2027,Active,Standard licence condition
vpa_public_register,2026-07-29T13:34:38.613Z,https://pharmacy.vic.gov.au/register-search/,TerryWhite Chemmart Bairnsdale Pharmacy,"Shop 8 and 9, Eastwood Village Shopping Centre, 30 Howitt Avenue",Bairnsdale,VIC,3875,"Shop 8 and 9, Eastwood Village Shopping Centre, 30 Howitt Avenue, Bairnsdale VIC 3875",30/06/2027,Active,Standard registration conditions,Theo Messinis,30/06/2027,Active,Standard licence condition
vpa_public_register,2026-07-29T13:34:38.613Z,https://pharmacy.vic.gov.au/register-search/,Blooms The Chemist Paynesville,65 The Esplanade,Paynesville,VIC,3880,"65 The Esplanade, Paynesville VIC 3880",30/06/2027,Active,Standard registration conditions,Buckley Pharmacy (Paynesville) Pty Ltd,30/06/2027,Active,Standard licence condition
vpa_public_register,2026-07-29T13:34:38.613Z,https://pharmacy.vic.gov.au/register-search/,Blooms The Chemist Paynesville,65 The Esplanade,Paynesville,VIC,3880,"65 The Esplanade, Paynesville VIC 3880",30/06/2027,Active,Standard registration conditions,JS Kirkwood Pty Ltd,30/06/2027,Active,Standard licence condition
vpa_public_register,2026-07-29T13:34:38.613Z,https://pharmacy.vic.gov.au/register-search/,Bruthen Discount Pharmacy,60 Main Street,Bruthen,VIC,3885,"60 Main Street, Bruthen VIC 3885",30/06/2027,Active,Standard registration conditions,Rural Pharmacies Pty  Ltd,30/06/2027,Active,Standard licence condition
vpa_public_register,2026-07-29T13:34:38.613Z,https://pharmacy.vic.gov.au/register-search/,ORBOST PHARMACY,125 Nicholson Street,Orbost,VIC,3888,"125 Nicholson Street, Orbost VIC 3888",30/06/2027,Active,Standard registration conditions,Orbost Pharmacy VIC Pty Ltd,30/06/2027,Active,Standard licence condition
vpa_public_register,2026-07-29T13:34:38.613Z,https://pharmacy.vic.gov.au/register-search/,MALLACOOTA PHARMACY,52 Maurice Avenue,Mallacoota,VIC,3892,"52 Maurice Avenue, Mallacoota VIC 3892",30/06/2027,Active,Standard registration conditions,RSW Mallacoota Investments Pty Ltd,30/06/2027,Active,Standard licence condition
vpa_public_register,2026-07-29T13:34:38.613Z,https://pharmacy.vic.gov.au/register-search/,Depot for Omeo Pharmacy Swift Creek,"IGA Xpress Swift Creek, 6887 Great Alpine Road",SWIFTS CREEK,VIC,3896,"IGA Xpress Swift Creek, 6887 Great Alpine Road, SWIFTS CREEK VIC 3896",30/06/2027,Active,,,,,
vpa_public_register,2026-07-29T13:34:38.613Z,https://pharmacy.vic.gov.au/register-search/,Omeo Pharmacy,186 Day Avenue,OMEO,VIC,3898,"186 Day Avenue, OMEO VIC 3898",30/06/2027,Active,Standard registration conditions,Lasconi Pty Ltd,30/06/2027,Active,Standard licence condition
vpa_public_register,2026-07-29T13:34:38.613Z,https://pharmacy.vic.gov.au/register-search/,Metung Pharmacy,69D Metung Road,METUNG,VIC,3904,"69D Metung Road, METUNG VIC 3904",30/06/2027,Active,Standard registration conditions,Rural Pharmacies Pty  Ltd,30/06/2027,Active,Standard licence condition
vpa_public_register,2026-07-29T13:34:38.613Z,https://pharmacy.vic.gov.au/register-search/,LAKES ESPLANADE PHARMACY,"Shops 6 - 8, 371 The Esplanade",LAKES ENTRANCE,VIC,3909,"Shops 6 - 8, 371 The Esplanade, LAKES ENTRANCE VIC 3909",30/06/2027,Active,Standard registration conditions,Divesh Sanghvi,30/06/2027,Active,Standard licence condition
vpa_public_register,2026-07-29T13:34:38.613Z,https://pharmacy.vic.gov.au/register-search/,LAKES ESPLANADE PHARMACY,"Shops 6 - 8, 371 The Esplanade",LAKES ENTRANCE,VIC,3909,"Shops 6 - 8, 371 The Esplanade, LAKES ENTRANCE VIC 3909",30/06/2027,Active,Standard registration conditions,Fady Beshay,30/06/2027,Active,Standard licence condition
vpa_public_register,2026-07-29T13:34:38.613Z,https://pharmacy.vic.gov.au/register-search/,LAKES ESPLANADE PHARMACY,"Shops 6 - 8, 371 The Esplanade",LAKES ENTRANCE,VIC,3909,"Shops 6 - 8, 371 The Esplanade, LAKES ENTRANCE VIC 3909",30/06/2027,Active,Standard registration conditions,Reynolds Vic Pharmacy Pty Ltd,30/06/2027,Active,Standard licence condition
vpa_public_register,2026-07-29T13:34:38.613Z,https://pharmacy.vic.gov.au/register-search/,LAKES ESPLANADE PHARMACY,"Shops 6 - 8, 371 The Esplanade",LAKES ENTRANCE,VIC,3909,"Shops 6 - 8, 371 The Esplanade, LAKES ENTRANCE VIC 3909",30/06/2027,Active,Standard registration conditions,Smith and Tighe Pty Ltd,30/06/2027,Active,Standard licence condition
vpa_public_register,2026-07-29T13:34:38.613Z,https://pharmacy.vic.gov.au/register-search/,LAKES RIVIERA AMCAL PHARMACY,20-22A Myer Street,Lakes Entrance,VIC,3909,"20-22A Myer Street, Lakes Entrance VIC 3909",30/06/2027,Active,Standard registration conditions,Beshay Pharmacy Pty Ltd,30/06/2027,Active,Standard licence condition
vpa_public_register,2026-07-29T13:34:38.613Z,https://pharmacy.vic.gov.au/register-search/,LAKES RIVIERA AMCAL PHARMACY,20-22A Myer Street,Lakes Entrance,VIC,3909,"20-22A Myer Street, Lakes Entrance VIC 3909",30/06/2027,Active,Standard registration conditions,Divesh Sanghvi,30/06/2027,Active,Standard licence condition
vpa_public_register,2026-07-29T13:34:38.613Z,https://pharmacy.vic.gov.au/register-search/,LAKES RIVIERA AMCAL PHARMACY,20-22A Myer Street,Lakes Entrance,VIC,3909,"20-22A Myer Street, Lakes Entrance VIC 3909",30/06/2027,Active,Standard registration conditions,Reynolds Vic Pharmacy Pty Ltd,30/06/2027,Active,Standard licence condition
vpa_public_register,2026-07-29T13:34:38.613Z,https://pharmacy.vic.gov.au/register-search/,LAKES RIVIERA AMCAL PHARMACY,20-22A Myer Street,Lakes Entrance,VIC,3909,"20-22A Myer Street, Lakes Entrance VIC 3909",30/06/2027,Active,Standard registration conditions,Smith and Tighe Pty Ltd,30/06/2027,Active,Standard licence condition
vpa_public_register,2026-07-29T13:34:38.613Z,https://pharmacy.vic.gov.au/register-search/,Direct Chemist Outlet Langwarrin,"Shop MM002, The Gateway Village Shopping Centre, 230 Cranbourne-Frankston Rd",Langwarrin,VIC,3910,"Shop MM002, The Gateway Village Shopping Centre, 230 Cranbourne-Frankston Rd, Langwarrin VIC 3910",30/06/2027,Active,Standard registration conditions,Partners Pharmacy Pty Ltd,30/06/2027,Active,Standard licence condition
vpa_public_register,2026-07-29T13:34:38.613Z,https://pharmacy.vic.gov.au/register-search/,Discount Chemist Langwarrin,"Part 20, Union Road",LANGWARRIN,VIC,3910,"Part 20, Union Road, LANGWARRIN VIC 3910",30/06/2027,Active,Standard registration conditions,Tarecq Aldaoud,30/06/2027,Active,Standard licence condition
vpa_public_register,2026-07-29T13:34:38.613Z,https://pharmacy.vic.gov.au/register-search/,Langwarrin Plaza Pharmacy,"Shop SP002 Langwarrin Plaza, 385 Cranbourne-Frankston Road",Langwarrin,VIC,3910,"Shop SP002 Langwarrin Plaza, 385 Cranbourne-Frankston Road, Langwarrin VIC 3910",30/06/2027,Active,Standard registration conditions,Pharmacy O2426 Pty Ltd,30/06/2027,Active,Standard licence condition
vpa_public_register,2026-07-29T13:34:38.613Z,https://pharmacy.vic.gov.au/register-search/,Langwarrin WholeLife Pharmacy & Healthfoods,"Shop 2A, 117 Cranbourne-Frankston Road -",Langwarrin,VIC,3910,"Shop 2A, 117 Cranbourne-Frankston Road -, Langwarrin VIC 3910",30/06/2027,Active,Standard registration conditions,Rosehill Pharmacies - Langwarrin Pty Ltd,30/06/2027,Active,Standard licence condition
vpa_public_register,2026-07-29T13:34:38.613Z,https://pharmacy.vic.gov.au/register-search/,BAXTER PHARMACY,78 Baxter-Tooradin Road,Baxter,VIC,3911,"78 Baxter-Tooradin Road, Baxter VIC 3911",30/06/2027,Active,Standard registration conditions,Rildison Pty Ltd,30/06/2027,Active,Standard licence condition
vpa_public_register,2026-07-29T13:34:38.613Z,https://pharmacy.vic.gov.au/register-search/,DIRECT CHEMIST OUTLET - CENTRO SOMERVILLE,"Part of Shop MM2, Centro Somerville S/C, 49 Eramosa Road West",Somerville,VIC,3912,"Part of Shop MM2, Centro Somerville S/C, 49 Eramosa Road West, Somerville VIC 3912",30/06/2027,Active,Standard registration conditions,Bartholomew Vanarey,30/06/2027,Active,Standard licence condition
vpa_public_register,2026-07-29T13:34:38.613Z,https://pharmacy.vic.gov.au/register-search/,DIRECT CHEMIST OUTLET - CENTRO SOMERVILLE,"Part of Shop MM2, Centro Somerville S/C, 49 Eramosa Road West",Somerville,VIC,3912,"Part of Shop MM2, Centro Somerville S/C, 49 Eramosa Road West, Somerville VIC 3912",30/06/2027,Active,Standard registration conditions,Michael Durkin,30/06/2027,Active,Standard licence condition
vpa_public_register,2026-07-29T13:34:38.613Z,https://pharmacy.vic.gov.au/register-search/,DIRECT CHEMIST OUTLET - CENTRO SOMERVILLE,"Part of Shop MM2, Centro Somerville S/C, 49 Eramosa Road West",Somerville,VIC,3912,"Part of Shop MM2, Centro Somerville S/C, 49 Eramosa Road West, Somerville VIC 3912",30/06/2027,Active,Standard registration conditions,Simon Kenny,30/06/2027,Active,Standard licence condition
vpa_public_register,2026-07-29T13:34:38.613Z,https://pharmacy.vic.gov.au/register-search/,Direct Chemist Outlet Somerville Plaza,"Shop 22, 22a & 23, Somerville Plaza S/C, 17 Eramosa Road West",Somerville,VIC,3912,"Shop 22, 22a & 23, Somerville Plaza S/C, 17 Eramosa Road West, Somerville VIC 3912",30/06/2027,Active,Standard registration conditions,Ian Tauman,30/06/2027,Active,Standard licence condition
vpa_public_register,2026-07-29T13:34:38.613Z,https://pharmacy.vic.gov.au/register-search/,Direct Chemist Outlet Somerville Plaza,"Shop 22, 22a & 23, Somerville Plaza S/C, 17 Eramosa Road West",Somerville,VIC,3912,"Shop 22, 22a & 23, Somerville Plaza S/C, 17 Eramosa Road West, Somerville VIC 3912",30/06/2027,Active,Standard registration conditions,Ishani Herath,30/06/2027,Active,Standard licence condition
vpa_public_register,2026-07-29T13:34:38.613Z,https://pharmacy.vic.gov.au/register-search/,Direct Chemist Outlet Somerville Plaza,"Shop 22, 22a & 23, Somerville Plaza S/C, 17 Eramosa Road West",Somerville,VIC,3912,"Shop 22, 22a & 23, Somerville Plaza S/C, 17 Eramosa Road West, Somerville VIC 3912",30/06/2027,Active,Standard registration conditions,Michael Durkin,30/06/2027,Active,Standard licence condition
vpa_public_register,2026-07-29T13:34:38.613Z,https://pharmacy.vic.gov.au/register-search/,PEARCEDALE PHARMACY,"Shop 2 & 3, Pearcedale Village Shopping Centre, 75-99 Baxter Tooradin Road",Pearcedale,VIC,3912,"Shop 2 & 3, Pearcedale Village Shopping Centre, 75-99 Baxter Tooradin Road, Pearcedale VIC 3912",30/06/2027,Active,Standard registration conditions,Lindsey Kerwick,30/06/2027,Active,Standard licence condition
vpa_public_register,2026-07-29T13:34:38.613Z,https://pharmacy.vic.gov.au/register-search/,PEARCEDALE PHARMACY,"Shop 2 & 3, Pearcedale Village Shopping Centre, 75-99 Baxter Tooradin Road",Pearcedale,VIC,3912,"Shop 2 & 3, Pearcedale Village Shopping Centre, 75-99 Baxter Tooradin Road, Pearcedale VIC 3912",30/06/2027,Active,Standard registration conditions,Pearcedale Discount Pharmacy Pty Ltd,30/06/2027,Active,Standard licence condition
vpa_public_register,2026-07-29T13:34:38.613Z,https://pharmacy.vic.gov.au/register-search/,Scripts for You Somerville,"Suites 1 & 2, 67 Eramosa Road West",SOMERVILLE,VIC,3912,"Suites 1 & 2, 67 Eramosa Road West, SOMERVILLE VIC 3912",30/06/2027,Active,Standard registration conditions,G1 Pharmacy Pty Ltd,30/06/2027,Active,Standard licence condition
vpa_public_register,2026-07-29T13:34:38.613Z,https://pharmacy.vic.gov.au/register-search/,TYABB PHARMACY,1560 Frankston-Flinders Road,Tyabb,VIC,3913,"1560 Frankston-Flinders Road, Tyabb VIC 3913",30/06/2027,Active,Standard registration conditions,Michael Khalil,30/06/2027,Active,Standard licence condition
vpa_public_register,2026-07-29T13:34:38.613Z,https://pharmacy.vic.gov.au/register-search/,TYABB PHARMACY,1560 Frankston-Flinders Road,Tyabb,VIC,3913,"1560 Frankston-Flinders Road, Tyabb VIC 3913",30/06/2027,Active,Standard registration conditions,Tyabb Discount Pharmacy Pty Ltd,30/06/2027,Active,Standard licence condition
vpa_public_register,2026-07-29T13:34:38.613Z,https://pharmacy.vic.gov.au/register-search/,Direct Chemist Outlet Hastings,40 High Street,Hastings,VIC,3915,"40 High Street, Hastings VIC 3915",30/06/2027,Active,Standard registration conditions,Joseph Daggian,30/06/2027,Active,Standard licence condition
vpa_public_register,2026-07-29T13:34:38.613Z,https://pharmacy.vic.gov.au/register-search/,Terry White Chemmart Hastings,47 High Street,Hastings,VIC,3915,"47 High Street, Hastings VIC 3915",30/06/2027,Active,Standard registration conditions,Gary Smethurst,30/06/2027,Active,Standard licence condition
vpa_public_register,2026-07-29T13:34:38.613Z,https://pharmacy.vic.gov.au/register-search/,Terry White Chemmart Hastings,47 High Street,Hastings,VIC,3915,"47 High Street, Hastings VIC 3915",30/06/2027,Active,Standard registration conditions,Lee Thom,30/06/2027,Active,Standard licence condition
vpa_public_register,2026-07-29T13:34:38.613Z,https://pharmacy.vic.gov.au/register-search/,Terry White Chemmart Hastings,47 High Street,Hastings,VIC,3915,"47 High Street, Hastings VIC 3915",30/06/2027,Active,Standard registration conditions,Mark Macdonald,30/06/2027,Active,Standard licence condition
vpa_public_register,2026-07-29T13:34:38.613Z,https://pharmacy.vic.gov.au/register-search/,Terry White Chemmart Hastings,47 High Street,Hastings,VIC,3915,"47 High Street, Hastings VIC 3915",30/06/2027,Active,Standard registration conditions,NATHAN ZUCCALA,30/06/2027,Active,Standard licence condition
vpa_public_register,2026-07-29T13:34:38.613Z,https://pharmacy.vic.gov.au/register-search/,Direct Chemist Outlet Bittern,"Shop 10 & 11 Bitternfields Shopping Centre, 2432 Frankston-Flinders Rd",Bittern,VIC,3918,"Shop 10 & 11 Bitternfields Shopping Centre, 2432 Frankston-Flinders Rd, Bittern VIC 3918",30/06/2027,Active,Standard registration conditions,Bittern Discount Chemist Pty Ltd,30/06/2027,Active,Standard licence condition
vpa_public_register,2026-07-29T13:34:38.613Z,https://pharmacy.vic.gov.au/register-search/,CRIB POINT  PHARMACY,"Ground Floor Shop, 145 Disney Street",Crib Point,VIC,3919,"Ground Floor Shop, 145 Disney Street, Crib Point VIC 3919",30/06/2027,Active,Standard registration conditions,Edward Rosens,30/06/2027,Active,Standard licence condition
vpa_public_register,2026-07-29T13:34:38.613Z,https://pharmacy.vic.gov.au/register-search/,COWES PHARMACY,24 Thompson Avenue,Cowes,VIC,3922,"24 Thompson Avenue, Cowes VIC 3922",30/06/2027,Active,Standard registration conditions,Allan Hau,30/06/2027,Active,Standard licence condition
vpa_public_register,2026-07-29T13:34:38.613Z,https://pharmacy.vic.gov.au/register-search/,COWES PHARMACY,24 Thompson Avenue,Cowes,VIC,3922,"24 Thompson Avenue, Cowes VIC 3922",30/06/2027,Active,Standard registration conditions,George Tambassis,30/06/2027,Active,Standard licence condition
vpa_public_register,2026-07-29T13:34:38.613Z,https://pharmacy.vic.gov.au/register-search/,COWES PHARMACY,24 Thompson Avenue,Cowes,VIC,3922,"24 Thompson Avenue, Cowes VIC 3922",30/06/2027,Active,Standard registration conditions,Gregory Kossena,30/06/2027,Active,Standard licence condition
vpa_public_register,2026-07-29T13:34:38.613Z,https://pharmacy.vic.gov.au/register-search/,COWES PHARMACY,24 Thompson Avenue,Cowes,VIC,3922,"24 Thompson Avenue, Cowes VIC 3922",30/06/2027,Active,Standard registration conditions,John Laino,30/06/2027,Active,Standard licence condition
vpa_public_register,2026-07-29T13:34:38.613Z,https://pharmacy.vic.gov.au/register-search/,COWES PHARMACY,24 Thompson Avenue,Cowes,VIC,3922,"24 Thompson Avenue, Cowes VIC 3922",30/06/2027,Active,Standard registration conditions,Owen Bentley,30/06/2027,Active,Standard licence condition
vpa_public_register,2026-07-29T13:34:38.613Z,https://pharmacy.vic.gov.au/register-search/,COWES PHARMACY,24 Thompson Avenue,Cowes,VIC,3922,"24 Thompson Avenue, Cowes VIC 3922",30/06/2027,Active,Standard registration conditions,Richard Fitzgerald,30/06/2027,Active,Standard licence condition
vpa_public_register,2026-07-29T13:34:38.613Z,https://pharmacy.vic.gov.au/register-search/,COWES PHARMACY,24 Thompson Avenue,Cowes,VIC,3922,"24 Thompson Avenue, Cowes VIC 3922",30/06/2027,Active,Standard registration conditions,Tze Guang Wong,30/06/2027,Active,Standard licence condition
vpa_public_register,2026-07-29T13:34:38.613Z,https://pharmacy.vic.gov.au/register-search/,PHILLIP ISLAND PHARMACY,2/164 - 166 Thompson Avenue,Cowes,VIC,3922,"2/164 - 166 Thompson Avenue, Cowes VIC 3922",30/06/2027,Active,Standard registration conditions,Andrew Phillips,30/06/2027,Active,Standard licence condition
vpa_public_register,2026-07-29T13:34:38.613Z,https://pharmacy.vic.gov.au/register-search/,PHILLIP ISLAND PHARMACY,2/164 - 166 Thompson Avenue,Cowes,VIC,3922,"2/164 - 166 Thompson Avenue, Cowes VIC 3922",30/06/2027,Active,Standard registration conditions,APJP Nominees Pty Ltd,30/06/2027,Active,Standard licence condition
vpa_public_register,2026-07-29T13:34:38.613Z,https://pharmacy.vic.gov.au/register-search/,PHILLIP ISLAND PHARMACY,2/164 - 166 Thompson Avenue,Cowes,VIC,3922,"2/164 - 166 Thompson Avenue, Cowes VIC 3922",30/06/2027,Active,Standard registration conditions,Patricia Callis,30/06/2027,Active,Standard licence condition
vpa_public_register,2026-07-29T13:34:38.613Z,https://pharmacy.vic.gov.au/register-search/,PHILLIP ISLAND PHARMACY,2/164 - 166 Thompson Avenue,Cowes,VIC,3922,"2/164 - 166 Thompson Avenue, Cowes VIC 3922",30/06/2027,Active,Standard registration conditions,Robert Struk,30/06/2027,Active,Standard licence condition
vpa_public_register,2026-07-29T13:34:38.613Z,https://pharmacy.vic.gov.au/register-search/,SAN REMO PHARMACY,123 Marine Parade,San Remo,VIC,3925,"123 Marine Parade, San Remo VIC 3925",30/06/2027,Active,Standard registration conditions,PharmacyConnect Pty Ltd,30/06/2027,Active,Standard licence condition
vpa_public_register,2026-07-29T13:34:38.613Z,https://pharmacy.vic.gov.au/register-search/,FLINDERS PHARMACY,"Shop 1, 48 Cook Street",Flinders,VIC,3929,"Shop 1, 48 Cook Street, Flinders VIC 3929",30/06/2027,Active,Standard registration conditions,Lemai Nguyen,30/06/2027,Active,Standard licence condition
vpa_public_register,2026-07-29T13:34:38.613Z,https://pharmacy.vic.gov.au/register-search/,Dartnells Compounding Pharmacy Mt Eliza,Shop 5/84 Mount Eliza Way,MOUNT ELIZA,VIC,3930,"Shop 5/84 Mount Eliza Way, MOUNT ELIZA VIC 3930",30/06/2027,Active,Standard registration conditions,Leslie Bassin,30/06/2027,Active,Standard licence condition
vpa_public_register,2026-07-29T13:34:38.613Z,https://pharmacy.vic.gov.au/register-search/,Dartnells Compounding Pharmacy Mt Eliza,Shop 5/84 Mount Eliza Way,MOUNT ELIZA,VIC,3930,"Shop 5/84 Mount Eliza Way, MOUNT ELIZA VIC 3930",30/06/2027,Active,Standard registration conditions,Stanley Sacks,30/06/2027,Active,Standard licence condition
vpa_public_register,2026-07-29T13:34:38.613Z,https://pharmacy.vic.gov.au/register-search/,Direct Chemist Outlet Mt Eliza,"Shop 1 & 2, Ritchies Village Shopping Centre, 89 Mount Eliza Way",Mount Eliza,VIC,3930,"Shop 1 & 2, Ritchies Village Shopping Centre, 89 Mount Eliza Way, Mount Eliza VIC 3930",30/06/2027,Active,Standard registration conditions,Ereny Gaid,30/06/2027,Active,Standard licence condition
vpa_public_register,2026-07-29T13:34:38.613Z,https://pharmacy.vic.gov.au/register-search/,Direct Chemist Outlet Mt Eliza,"Shop 1 & 2, Ritchies Village Shopping Centre, 89 Mount Eliza Way",Mount Eliza,VIC,3930,"Shop 1 & 2, Ritchies Village Shopping Centre, 89 Mount Eliza Way, Mount Eliza VIC 3930",30/06/2027,Active,Standard registration conditions,Fady Joseph Antoun Moussa,30/06/2027,Active,Standard licence condition
vpa_public_register,2026-07-29T13:34:38.613Z,https://pharmacy.vic.gov.au/register-search/,Direct Chemist Outlet Mt Eliza,"Shop 1 & 2, Ritchies Village Shopping Centre, 89 Mount Eliza Way",Mount Eliza,VIC,3930,"Shop 1 & 2, Ritchies Village Shopping Centre, 89 Mount Eliza Way, Mount Eliza VIC 3930",30/06/2027,Active,Standard registration conditions,Maged Gerges,30/06/2027,Active,Standard licence condition
vpa_public_register,2026-07-29T13:34:38.613Z,https://pharmacy.vic.gov.au/register-search/,Direct Chemist Outlet Mt Eliza,"Shop 1 & 2, Ritchies Village Shopping Centre, 89 Mount Eliza Way",Mount Eliza,VIC,3930,"Shop 1 & 2, Ritchies Village Shopping Centre, 89 Mount Eliza Way, Mount Eliza VIC 3930",30/06/2027,Active,Standard registration conditions,Marina Basta,30/06/2027,Active,Standard licence condition
vpa_public_register,2026-07-29T13:34:38.613Z,https://pharmacy.vic.gov.au/register-search/,Eliza Square Chemist,"Shop 8, Eliza Square Shopping Centre, 85 Mt Eliza Way",MT ELIZA,VIC,3930,"Shop 8, Eliza Square Shopping Centre, 85 Mt Eliza Way, MT ELIZA VIC 3930",30/06/2027,Active,Standard registration conditions,Beshoy Ezak,30/06/2027,Active,Standard licence condition
vpa_public_register,2026-07-29T13:34:38.613Z,https://pharmacy.vic.gov.au/register-search/,Eliza Square Chemist,"Shop 8, Eliza Square Shopping Centre, 85 Mt Eliza Way",MT ELIZA,VIC,3930,"Shop 8, Eliza Square Shopping Centre, 85 Mt Eliza Way, MT ELIZA VIC 3930",30/06/2027,Active,Standard registration conditions,Catherine Kamel,30/06/2027,Active,Standard licence condition
vpa_public_register,2026-07-29T13:34:38.613Z,https://pharmacy.vic.gov.au/register-search/,Eliza Square Chemist,"Shop 8, Eliza Square Shopping Centre, 85 Mt Eliza Way",MT ELIZA,VIC,3930,"Shop 8, Eliza Square Shopping Centre, 85 Mt Eliza Way, MT ELIZA VIC 3930",30/06/2027,Active,Standard registration conditions,Maged Gerges,30/06/2027,Active,Standard licence condition
vpa_public_register,2026-07-29T13:34:38.613Z,https://pharmacy.vic.gov.au/register-search/,Eliza Square Chemist,"Shop 8, Eliza Square Shopping Centre, 85 Mt Eliza Way",MT ELIZA,VIC,3930,"Shop 8, Eliza Square Shopping Centre, 85 Mt Eliza Way, MT ELIZA VIC 3930",30/06/2027,Active,Standard registration conditions,Nader Hanna,30/06/2027,Active,Standard licence condition
vpa_public_register,2026-07-29T13:34:38.613Z,https://pharmacy.vic.gov.au/register-search/,Priceline Pharmacy Mt Eliza,"114, 114A & 114B Mt Eliza Way",MOUNT ELIZA,VIC,3930,"114, 114A & 114B Mt Eliza Way, MOUNT ELIZA VIC 3930",30/06/2027,Active,Standard registration conditions,ELIZA SQUARE PHARMACY PTY LTD,30/06/2027,Active,Standard licence condition
vpa_public_register,2026-07-29T13:34:38.613Z,https://pharmacy.vic.gov.au/register-search/,Priceline Pharmacy Mt Eliza,"114, 114A & 114B Mt Eliza Way",MOUNT ELIZA,VIC,3930,"114, 114A & 114B Mt Eliza Way, MOUNT ELIZA VIC 3930",30/06/2027,Active,Standard registration conditions,WPLP Pty Ltd,30/06/2027,Active,Standard licence condition
vpa_public_register,2026-07-29T13:34:38.613Z,https://pharmacy.vic.gov.au/register-search/,Advantage Pharmacy Mornington,113 Main Street,MORNINGTON,VIC,3931,"113 Main Street, MORNINGTON VIC 3931",30/06/2027,Active,Standard registration conditions,MYTYCHE Pty Ltd,30/06/2027,Active,Standard licence condition
vpa_public_register,2026-07-29T13:34:38.613Z,https://pharmacy.vic.gov.au/register-search/,BELEURA PRIVATE HOSPITAL PHARMACY DEPARTMENT,925 Nepean Highway,Mornington,VIC,3931,"925 Nepean Highway, Mornington VIC 3931",30/06/2027,Active,,BENCHMARK HEALTHCARE PTY LTD T/A BELEURA PRIVATE HOSPITAL,30/06/2027,Active,Standard licence condition
vpa_public_register,2026-07-29T13:34:38.613Z,https://pharmacy.vic.gov.au/register-search/,CHEMIST WAREHOUSE DISTRIBUTION CENTRE MORNINGTON,189 Mornington-Tyabb Road,Mornington,VIC,3931,"189 Mornington-Tyabb Road, Mornington VIC 3931",30/06/2027,Active,Standard registration conditions,Danielle Di Pilla,30/06/2027,Active,Standard licence condition
vpa_public_register,2026-07-29T13:34:38.613Z,https://pharmacy.vic.gov.au/register-search/,CHEMIST WAREHOUSE DISTRIBUTION CENTRE MORNINGTON,189 Mornington-Tyabb Road,Mornington,VIC,3931,"189 Mornington-Tyabb Road, Mornington VIC 3931",30/06/2027,Active,Standard registration conditions,George Farah,30/06/2027,Active,Standard licence condition
vpa_public_register,2026-07-29T13:34:38.613Z,https://pharmacy.vic.gov.au/register-search/,CHEMIST WAREHOUSE DISTRIBUTION CENTRE MORNINGTON,189 Mornington-Tyabb Road,Mornington,VIC,3931,"189 Mornington-Tyabb Road, Mornington VIC 3931",30/06/2027,Active,Standard registration conditions,Tarecq Aldaoud,30/06/2027,Active,Standard licence condition
vpa_public_register,2026-07-29T13:34:38.613Z,https://pharmacy.vic.gov.au/register-search/,Chemist Warehouse Mornington Central,"SP030, Mornington Central, 78 Barkly Street",Mornington,VIC,3931,"SP030, Mornington Central, 78 Barkly Street, Mornington VIC 3931",30/06/2027,Active,Standard registration conditions,Pharmacy O2240 Pty Ltd,30/06/2027,Active,Standard licence condition
vpa_public_register,2026-07-29T13:34:38.613Z,https://pharmacy.vic.gov.au/register-search/,Direct Chemist Outlet Mornington,36 Main Street,Mornington,VIC,3931,"36 Main Street, Mornington VIC 3931",30/06/2027,Active,Standard registration conditions,Jeffrey Facey,30/06/2027,Active,Standard licence condition
vpa_public_register,2026-07-29T13:34:38.613Z,https://pharmacy.vic.gov.au/register-search/,Mornington Coastal Pharmacy,956-958 Nepean Highway,MORNINGTON,VIC,3931,"956-958 Nepean Highway, MORNINGTON VIC 3931",30/06/2027,Active,Standard registration conditions,Mornington Coastal Pharmacy Pty Ltd,30/06/2027,Active,Standard licence condition
vpa_public_register,2026-07-29T13:34:38.613Z,https://pharmacy.vic.gov.au/register-search/,Priceline Pharmacy Mornington,"Shop 2/3 Peninsula Home, 1128-1132 Nepean Hwy",MORNINGTON,VIC,3931,"Shop 2/3 Peninsula Home, 1128-1132 Nepean Hwy, MORNINGTON VIC 3931",30/06/2027,Active,Standard registration conditions,Khai Tran,30/06/2027,Active,Standard licence condition
vpa_public_register,2026-07-29T13:34:38.613Z,https://pharmacy.vic.gov.au/register-search/,Priceline Pharmacy Mornington,"Shop 2/3 Peninsula Home, 1128-1132 Nepean Hwy",MORNINGTON,VIC,3931,"Shop 2/3 Peninsula Home, 1128-1132 Nepean Hwy, MORNINGTON VIC 3931",30/06/2027,Active,Standard registration conditions,Loan Vu,30/06/2027,Active,Standard licence condition
vpa_public_register,2026-07-29T13:34:38.613Z,https://pharmacy.vic.gov.au/register-search/,Remedy Dispensary,93 Main Street,Mornington,VIC,3931,"93 Main Street, Mornington VIC 3931",30/06/2027,Active,Standard registration conditions,Zage Health Pty Ltd,30/06/2027,Active,Standard licence condition
vpa_public_register,2026-07-29T13:34:38.613Z,https://pharmacy.vic.gov.au/register-search/,TerryWhite Chemmart Bentons Square,"Shop SP003, Bentons Square, 210 Dunns Road",Mornington,VIC,3931,"Shop SP003, Bentons Square, 210 Dunns Road, Mornington VIC 3931",30/06/2027,Active,Standard registration conditions,Finbarr Emma Pty Ltd,30/06/2027,Active,Standard licence condition
vpa_public_register,2026-07-29T13:34:38.613Z,https://pharmacy.vic.gov.au/register-search/,TerryWhite Chemmart Mornington Village,"Shop UG 1.02 Mornington Village Shopping Centre, 241 Main Street",Mornington,VIC,3931,"Shop UG 1.02 Mornington Village Shopping Centre, 241 Main Street, Mornington VIC 3931",30/06/2027,Active,Standard registration conditions,MVP Pharmacy Pty Ltd,30/06/2027,Active,Standard licence condition
vpa_public_register,2026-07-29T13:34:38.613Z,https://pharmacy.vic.gov.au/register-search/,The Mornington Centre Pharmacy Department,"Lot 2, Corner Tyalla Grove & Separation Street",Mornington,VIC,3931,"Lot 2, Corner Tyalla Grove & Separation Street, Mornington VIC 3931",30/06/2027,Active,,Bayside Health,30/06/2027,Active,Standard licence condition
vpa_public_register,2026-07-29T13:34:38.613Z,https://pharmacy.vic.gov.au/register-search/,TERRY BATEMAN PHARMACY,28 Lochiel Avenue,Mount Martha,VIC,3934,"28 Lochiel Avenue, Mount Martha VIC 3934",30/06/2027,Active,Standard registration conditions,Con Kocolis,30/06/2027,Active,Standard licence condition
vpa_public_register,2026-07-29T13:34:38.613Z,https://pharmacy.vic.gov.au/register-search/,TERRY BATEMAN PHARMACY,28 Lochiel Avenue,Mount Martha,VIC,3934,"28 Lochiel Avenue, Mount Martha VIC 3934",30/06/2027,Active,Standard registration conditions,John-Paul Daggian,30/06/2027,Active,Standard licence condition
vpa_public_register,2026-07-29T13:34:38.613Z,https://pharmacy.vic.gov.au/register-search/,TERRY BATEMAN PHARMACY,28 Lochiel Avenue,Mount Martha,VIC,3934,"28 Lochiel Avenue, Mount Martha VIC 3934",30/06/2027,Active,Standard registration conditions,Kathryn Daggian,30/06/2027,Active,Standard licence condition
vpa_public_register,2026-07-29T13:34:38.613Z,https://pharmacy.vic.gov.au/register-search/,Chemist Warehouse Safety Beach,"Shop 2, 154 Marine Drive",Safety Beach,VIC,3936,"Shop 2, 154 Marine Drive, Safety Beach VIC 3936",30/06/2027,Active,Standard registration conditions,A.Gayed Pty Ltd,30/06/2027,Active,Standard licence condition
vpa_public_register,2026-07-29T13:34:38.613Z,https://pharmacy.vic.gov.au/register-search/,Chemist Warehouse Safety Beach,"Shop 2, 154 Marine Drive",Safety Beach,VIC,3936,"Shop 2, 154 Marine Drive, Safety Beach VIC 3936",30/06/2027,Active,Standard registration conditions,Danielle Di Pilla,30/06/2027,Active,Standard licence condition
vpa_public_register,2026-07-29T13:34:38.613Z,https://pharmacy.vic.gov.au/register-search/,Chemist Warehouse Safety Beach,"Shop 2, 154 Marine Drive",Safety Beach,VIC,3936,"Shop 2, 154 Marine Drive, Safety Beach VIC 3936",30/06/2027,Active,Standard registration conditions,Tarecq Aldaoud,30/06/2027,Active,Standard licence condition
vpa_public_register,2026-07-29T13:34:38.613Z,https://pharmacy.vic.gov.au/register-search/,Dromana Pharmacy,"Shop 9, 143 Point Nepean Road",DROMANA,VIC,3936,"Shop 9, 143 Point Nepean Road, DROMANA VIC 3936",30/06/2027,Active,Standard registration conditions,Con Kocolis,30/06/2027,Active,Standard licence condition
vpa_public_register,2026-07-29T13:34:38.613Z,https://pharmacy.vic.gov.au/register-search/,Dromana Pharmacy,"Shop 9, 143 Point Nepean Road",DROMANA,VIC,3936,"Shop 9, 143 Point Nepean Road, DROMANA VIC 3936",30/06/2027,Active,Standard registration conditions,Kathryn Daggian,30/06/2027,Active,Standard licence condition
vpa_public_register,2026-07-29T13:34:38.613Z,https://pharmacy.vic.gov.au/register-search/,TerryWhite Chemmart Dromana,"Shop 2, Dromana Hub South, 241 - 271 Point Nepean Road",Dromana,VIC,3936,"Shop 2, Dromana Hub South, 241 - 271 Point Nepean Road, Dromana VIC 3936",30/06/2027,Active,Standard registration conditions,Con Kocolis,30/06/2027,Active,Standard licence condition
vpa_public_register,2026-07-29T13:34:38.613Z,https://pharmacy.vic.gov.au/register-search/,TerryWhite Chemmart Dromana,"Shop 2, Dromana Hub South, 241 - 271 Point Nepean Road",Dromana,VIC,3936,"Shop 2, Dromana Hub South, 241 - 271 Point Nepean Road, Dromana VIC 3936",30/06/2027,Active,Standard registration conditions,Kathryn Daggian,30/06/2027,Active,Standard licence condition
vpa_public_register,2026-07-29T13:34:38.613Z,https://pharmacy.vic.gov.au/register-search/,RED HILL PHARMACY,"Shop 7, Red Hill Village, Red Hill-Shoreham Road",Red Hill South,VIC,3937,"Shop 7, Red Hill Village, Red Hill-Shoreham Road, Red Hill South VIC 3937",30/06/2027,Active,Standard registration conditions,St Mary Churchill Health Services Pty Ltd,30/06/2027,Active,Standard licence condition
vpa_public_register,2026-07-29T13:34:38.613Z,https://pharmacy.vic.gov.au/register-search/,MCCRAE PHARMACY,"Shop 7, 739 Point Nepean Road",McCrae,VIC,3938,"Shop 7, 739 Point Nepean Road, McCrae VIC 3938",30/06/2027,Active,Standard registration conditions,Beatrix Zielonka-Perry,30/06/2027,Active,Standard licence condition
vpa_public_register,2026-07-29T13:34:38.613Z,https://pharmacy.vic.gov.au/register-search/,BANTS AMCAL PHARMACY,1045 Point Nepean Highway,Rosebud,VIC,3939,"1045 Point Nepean Highway, Rosebud VIC 3939",30/06/2027,Active,Standard registration conditions,Kerryn Rudolph,30/06/2027,Active,Standard licence condition
vpa_public_register,2026-07-29T13:34:38.613Z,https://pharmacy.vic.gov.au/register-search/,BANTS AMCAL PHARMACY,1045 Point Nepean Highway,Rosebud,VIC,3939,"1045 Point Nepean Highway, Rosebud VIC 3939",30/06/2027,Active,Standard registration conditions,Nathan Rudolph,30/06/2027,Active,Standard licence condition
vpa_public_register,2026-07-29T13:34:38.613Z,https://pharmacy.vic.gov.au/register-search/,Blooms The Chemist Rosebud Plaza,"Shop 8, Rosebud Plaza Shopping Centre, Boneo Road",Rosebud,VIC,3939,"Shop 8, Rosebud Plaza Shopping Centre, Boneo Road, Rosebud VIC 3939",30/06/2027,Active,Standard registration conditions,Laylunah Pty Ltd,30/06/2027,Active,Standard licence condition
vpa_public_register,2026-07-29T13:34:38.613Z,https://pharmacy.vic.gov.au/register-search/,Blooms The Chemist Rosebud Plaza,"Shop 8, Rosebud Plaza Shopping Centre, Boneo Road",Rosebud,VIC,3939,"Shop 8, Rosebud Plaza Shopping Centre, Boneo Road, Rosebud VIC 3939",30/06/2027,Active,Standard registration conditions,Pandoulis Pharmacy (Rosebud) Pty Ltd,30/06/2027,Active,Standard licence condition
vpa_public_register,2026-07-29T13:34:38.613Z,https://pharmacy.vic.gov.au/register-search/,DIRECT CHEMIST OUTLET ROSEBUD,999 Pt Nepean Road,ROSEBUD,VIC,3939,"999 Pt Nepean Road, ROSEBUD VIC 3939",30/06/2027,Active,Standard registration conditions,Bartholomew Vanarey,30/06/2027,Active,Standard licence condition
vpa_public_register,2026-07-29T13:34:38.613Z,https://pharmacy.vic.gov.au/register-search/,DIRECT CHEMIST OUTLET ROSEBUD,999 Pt Nepean Road,ROSEBUD,VIC,3939,"999 Pt Nepean Road, ROSEBUD VIC 3939",30/06/2027,Active,Standard registration conditions,Kheen Mun Danny Wong,30/06/2027,Active,Standard licence condition
vpa_public_register,2026-07-29T13:34:38.613Z,https://pharmacy.vic.gov.au/register-search/,DIRECT CHEMIST OUTLET ROSEBUD,999 Pt Nepean Road,ROSEBUD,VIC,3939,"999 Pt Nepean Road, ROSEBUD VIC 3939",30/06/2027,Active,Standard registration conditions,Mary Jones,30/06/2027,Active,Standard licence condition
vpa_public_register,2026-07-29T13:34:38.613Z,https://pharmacy.vic.gov.au/register-search/,DIRECT CHEMIST OUTLET ROSEBUD,999 Pt Nepean Road,ROSEBUD,VIC,3939,"999 Pt Nepean Road, ROSEBUD VIC 3939",30/06/2027,Active,Standard registration conditions,Simon Kenny,30/06/2027,Active,Standard licence condition
vpa_public_register,2026-07-29T13:34:38.613Z,https://pharmacy.vic.gov.au/register-search/,Terry White Chemmart Rosebud,3 - 7 Boneo Road,Rosebud,VIC,3939,"3 - 7 Boneo Road, Rosebud VIC 3939",30/06/2027,Active,Standard registration conditions,Gary Smethurst,30/06/2027,Active,Standard licence condition
vpa_public_register,2026-07-29T13:34:38.613Z,https://pharmacy.vic.gov.au/register-search/,Terry White Chemmart Rosebud,3 - 7 Boneo Road,Rosebud,VIC,3939,"3 - 7 Boneo Road, Rosebud VIC 3939",30/06/2027,Active,Standard registration conditions,Lee Thom,30/06/2027,Active,Standard licence condition
vpa_public_register,2026-07-29T13:34:38.613Z,https://pharmacy.vic.gov.au/register-search/,Terry White Chemmart Rosebud,3 - 7 Boneo Road,Rosebud,VIC,3939,"3 - 7 Boneo Road, Rosebud VIC 3939",30/06/2027,Active,Standard registration conditions,Mark Macdonald,30/06/2027,Active,Standard licence condition
vpa_public_register,2026-07-29T13:34:38.613Z,https://pharmacy.vic.gov.au/register-search/,Terry White Chemmart Rosebud,3 - 7 Boneo Road,Rosebud,VIC,3939,"3 - 7 Boneo Road, Rosebud VIC 3939",30/06/2027,Active,Standard registration conditions,NATHAN ZUCCALA,30/06/2027,Active,Standard licence condition
vpa_public_register,2026-07-29T13:34:38.613Z,https://pharmacy.vic.gov.au/register-search/,WATERFALL GULLY PHARMACY,79 Old Cape Schanck Road,Rosebud,VIC,3939,"79 Old Cape Schanck Road, Rosebud VIC 3939",30/06/2027,Active,Standard registration conditions,JLC Health Pty Ltd,30/06/2027,Active,Standard licence condition
vpa_public_register,2026-07-29T13:34:38.613Z,https://pharmacy.vic.gov.au/register-search/,WATERFALL GULLY PHARMACY,79 Old Cape Schanck Road,Rosebud,VIC,3939,"79 Old Cape Schanck Road, Rosebud VIC 3939",30/06/2027,Active,Standard registration conditions,Victoria Apothecaries Pty Ltd,30/06/2027,Active,Standard licence condition
vpa_public_register,2026-07-29T13:34:38.613Z,https://pharmacy.vic.gov.au/register-search/,Blooms The Chemist Rosebud Nepean,"Suite 1 & 2, 1533 Point Nepean Road",Capel Sound,VIC,3940,"Suite 1 & 2, 1533 Point Nepean Road, Capel Sound VIC 3940",30/06/2027,Active,Standard registration conditions,Laylunah Pty Ltd,30/06/2027,Active,Standard licence condition
vpa_public_register,2026-07-29T13:34:38.613Z,https://pharmacy.vic.gov.au/register-search/,Blooms The Chemist Rosebud Nepean,"Suite 1 & 2, 1533 Point Nepean Road",Capel Sound,VIC,3940,"Suite 1 & 2, 1533 Point Nepean Road, Capel Sound VIC 3940",30/06/2027,Active,Standard registration conditions,Pandoulis Pharmacy (Rosebud) Pty Ltd,30/06/2027,Active,Standard licence condition
vpa_public_register,2026-07-29T13:34:38.613Z,https://pharmacy.vic.gov.au/register-search/,Clavin & Miller Pharmacy,"Shop 2, 2185 Point Nepean Highway",Rye,VIC,3941,"Shop 2, 2185 Point Nepean Highway, Rye VIC 3941",30/06/2027,Active,Standard registration conditions,Emma Fairweather,30/06/2027,Active,Standard licence condition
vpa_public_register,2026-07-29T13:34:38.613Z,https://pharmacy.vic.gov.au/register-search/,Clavin & Miller Pharmacy,"Shop 2, 2185 Point Nepean Highway",Rye,VIC,3941,"Shop 2, 2185 Point Nepean Highway, Rye VIC 3941",30/06/2027,Active,Standard registration conditions,Loralie Miller,30/06/2027,Active,Standard licence condition
vpa_public_register,2026-07-29T13:34:38.613Z,https://pharmacy.vic.gov.au/register-search/,Priceline Pharmacy Rye,2345 Pt Nepean Road,Rye,VIC,3941,"2345 Pt Nepean Road, Rye VIC 3941",30/06/2027,Active,Standard registration conditions,Rye Healthcare Pty Ltd,30/06/2027,Active,Standard licence condition
vpa_public_register,2026-07-29T13:34:38.613Z,https://pharmacy.vic.gov.au/register-search/,BLAIRGOWRIE PHARMACY,2823 Point Nepean Road,Blairgowrie,VIC,3942,"2823 Point Nepean Road, Blairgowrie VIC 3942",30/06/2027,Active,Standard registration conditions,J & M Pharmacy Pty Ltd,30/06/2027,Active,Standard licence condition
vpa_public_register,2026-07-29T13:34:38.613Z,https://pharmacy.vic.gov.au/register-search/,Marc Clavin Pharmacy,63 Ocean Beach Road,SORRENTO,VIC,3943,"63 Ocean Beach Road, SORRENTO VIC 3943",30/06/2027,Active,Standard registration conditions,Kachousha Yan,30/06/2027,Active,Standard licence condition
vpa_public_register,2026-07-29T13:34:38.613Z,https://pharmacy.vic.gov.au/register-search/,Marc Clavin Pharmacy,63 Ocean Beach Road,SORRENTO,VIC,3943,"63 Ocean Beach Road, SORRENTO VIC 3943",30/06/2027,Active,Standard registration conditions,Susannah Clavin,30/06/2027,Active,Standard licence condition
vpa_public_register,2026-07-29T13:34:38.613Z,https://pharmacy.vic.gov.au/register-search/,Chemsave Pharmacy Korumburra,"Shop 1 & 2A, 3 South Railway Cres",KORUMBURRA,VIC,3950,"Shop 1 & 2A, 3 South Railway Cres, KORUMBURRA VIC 3950",30/06/2027,Active,Standard registration conditions,MNW Health Pty Ltd,30/06/2027,Active,Standard licence condition
vpa_public_register,2026-07-29T13:34:38.613Z,https://pharmacy.vic.gov.au/register-search/,Terry White Chemmart Korumburra,9/43-49 Commercial Street,Korumburra,VIC,3950,"9/43-49 Commercial Street, Korumburra VIC 3950",30/06/2027,Active,Standard registration conditions,Korumburra Health Pty Ltd,30/06/2027,Active,Standard licence condition
vpa_public_register,2026-07-29T13:34:38.613Z,https://pharmacy.vic.gov.au/register-search/,NAGELS PHARMACY,"10, 12 & 14 Bair Street",Leongatha,VIC,3953,"10, 12 & 14 Bair Street, Leongatha VIC 3953",30/06/2027,Active,Standard registration conditions,KPharma Pty Ltd,30/06/2027,Active,Standard licence condition
vpa_public_register,2026-07-29T13:34:38.613Z,https://pharmacy.vic.gov.au/register-search/,Terry White Chemmart Leongatha,42 Bair Street,Leongatha,VIC,3953,"42 Bair Street, Leongatha VIC 3953",30/06/2027,Active,Standard registration conditions,Leongatha Health Pty Ltd,30/06/2027,Active,Standard licence condition
vpa_public_register,2026-07-29T13:34:38.613Z,https://pharmacy.vic.gov.au/register-search/,Meeniyan Pharmacy,118 Whitelaw Street,Meeniyan,VIC,3956,"118 Whitelaw Street, Meeniyan VIC 3956",30/06/2027,Active,Standard registration conditions,Alaa Eldin Elkilany,30/06/2027,Active,Standard licence condition
vpa_public_register,2026-07-29T13:34:38.613Z,https://pharmacy.vic.gov.au/register-search/,Meeniyan Pharmacy,118 Whitelaw Street,Meeniyan,VIC,3956,"118 Whitelaw Street, Meeniyan VIC 3956",30/06/2027,Active,Standard registration conditions,George Spyropoulos,30/06/2027,Active,Standard licence condition
vpa_public_register,2026-07-29T13:34:38.613Z,https://pharmacy.vic.gov.au/register-search/,Meeniyan Pharmacy,118 Whitelaw Street,Meeniyan,VIC,3956,"118 Whitelaw Street, Meeniyan VIC 3956",30/06/2027,Active,Standard registration conditions,Ossama Shalabi,30/06/2027,Active,Standard licence condition
vpa_public_register,2026-07-29T13:34:38.613Z,https://pharmacy.vic.gov.au/register-search/,Venus Bay Pharmacy,131 Jupiter Boulevard,VENUS BAY,VIC,3956,"131 Jupiter Boulevard, VENUS BAY VIC 3956",30/06/2027,Active,Standard registration conditions,Tarwin River Pharmacy & Post Pty Ltd,30/06/2027,Active,Standard licence condition
vpa_public_register,2026-07-29T13:34:38.613Z,https://pharmacy.vic.gov.au/register-search/,Amcal Fish Creek,Part of 21 Falls Road,FISH CREEK,VIC,3959,"Part of 21 Falls Road, FISH CREEK VIC 3959",30/06/2027,Active,Standard registration conditions,Alaa Eldin Elkilany,30/06/2027,Active,Standard licence condition
vpa_public_register,2026-07-29T13:34:38.613Z,https://pharmacy.vic.gov.au/register-search/,Amcal Fish Creek,Part of 21 Falls Road,FISH CREEK,VIC,3959,"Part of 21 Falls Road, FISH CREEK VIC 3959",30/06/2027,Active,Standard registration conditions,George Spyropoulos,30/06/2027,Active,Standard licence condition
vpa_public_register,2026-07-29T13:34:38.613Z,https://pharmacy.vic.gov.au/register-search/,Amcal Fish Creek,Part of 21 Falls Road,FISH CREEK,VIC,3959,"Part of 21 Falls Road, FISH CREEK VIC 3959",30/06/2027,Active,Standard registration conditions,Ossama Shalabi,30/06/2027,Active,Standard licence condition
vpa_public_register,2026-07-29T13:34:38.613Z,https://pharmacy.vic.gov.au/register-search/,FOSTER PHARMACY,2 Station Street,Foster,VIC,3960,"2 Station Street, Foster VIC 3960",30/06/2027,Active,Standard registration conditions,Chi Keung Chiu,30/06/2027,Active,Standard licence condition
vpa_public_register,2026-07-29T13:34:38.613Z,https://pharmacy.vic.gov.au/register-search/,Toora Pharmacy,36 Stanley Street,Toora,VIC,3962,"36 Stanley Street, Toora VIC 3962",30/06/2027,Active,Standard registration conditions,Toora Community Pharmacy Pty Ltd,30/06/2027,Active,Standard licence condition
vpa_public_register,2026-07-29T13:34:38.613Z,https://pharmacy.vic.gov.au/register-search/,Pharmaone Pharmacy Yarram,247 Commercial Road,Yarram,VIC,3971,"247 Commercial Road, Yarram VIC 3971",30/06/2027,Active,Standard registration conditions,Hai Lun Feng,30/06/2027,Active,Standard licence condition
vpa_public_register,2026-07-29T13:34:38.613Z,https://pharmacy.vic.gov.au/register-search/,Pharmaone Pharmacy Yarram,247 Commercial Road,Yarram,VIC,3971,"247 Commercial Road, Yarram VIC 3971",30/06/2027,Active,Standard registration conditions,Phuong Xuan Tu,30/06/2027,Active,Standard licence condition
vpa_public_register,2026-07-29T13:34:38.613Z,https://pharmacy.vic.gov.au/register-search/,Pharmaone Pharmacy Yarram,247 Commercial Road,Yarram,VIC,3971,"247 Commercial Road, Yarram VIC 3971",30/06/2027,Active,Standard registration conditions,Tam Tu,30/06/2027,Active,Standard licence condition
vpa_public_register,2026-07-29T13:34:38.613Z,https://pharmacy.vic.gov.au/register-search/,YARRAM PHARMACY,199 Commercial Road,Yarram,VIC,3971,"199 Commercial Road, Yarram VIC 3971",30/06/2027,Active,Standard registration conditions,Yarram Community Pharmacy Pty Ltd,30/06/2027,Active,Standard licence condition
vpa_public_register,2026-07-29T13:34:38.613Z,https://pharmacy.vic.gov.au/register-search/,Chemist Discount Centre Lynbrook,"Shop 27, Lynbrook Village S/C, Cnr Lynbrook Blvd & Sth Gippsland Hwy",LYNBROOK,VIC,3975,"Shop 27, Lynbrook Village S/C, Cnr Lynbrook Blvd & Sth Gippsland Hwy, LYNBROOK VIC 3975",30/06/2027,Active,Standard registration conditions,Lynbrook Chemist Pty Ltd,30/06/2027,Active,Standard licence condition
vpa_public_register,2026-07-29T13:34:38.613Z,https://pharmacy.vic.gov.au/register-search/,Pharmacy Select Marriott Waters,"A2 Marriot Waters Shopping Centre, 945 Thompsons Road",Lyndhurst,VIC,3975,"A2 Marriot Waters Shopping Centre, 945 Thompsons Road, Lyndhurst VIC 3975",30/06/2027,Active,Standard registration conditions,Chris Kolonis,30/06/2027,Active,Standard licence condition
vpa_public_register,2026-07-29T13:34:38.613Z,https://pharmacy.vic.gov.au/register-search/,CHEMIST WAREHOUSE HAMPTON PARK,"Shop 1-4, 400 Pound Road",Hampton Park,VIC,3976,"Shop 1-4, 400 Pound Road, Hampton Park VIC 3976",30/06/2027,Active,Standard registration conditions,Danielle Di Pilla,30/06/2027,Active,Standard licence condition
vpa_public_register,2026-07-29T13:34:38.613Z,https://pharmacy.vic.gov.au/register-search/,CHEMIST WAREHOUSE HAMPTON PARK,"Shop 1-4, 400 Pound Road",Hampton Park,VIC,3976,"Shop 1-4, 400 Pound Road, Hampton Park VIC 3976",30/06/2027,Active,Standard registration conditions,Seti Gergis,30/06/2027,Active,Standard licence condition
vpa_public_register,2026-07-29T13:34:38.613Z,https://pharmacy.vic.gov.au/register-search/,Direct Chemist Outlet - Hampton Park Medical,Cnr Fordholm Road & Stuart Avenue,Hampton Park,VIC,3976,"Cnr Fordholm Road & Stuart Avenue, Hampton Park VIC 3976",30/06/2027,Active,Standard registration conditions,Catherine Kamel,30/06/2027,Active,Standard licence condition
vpa_public_register,2026-07-29T13:34:38.613Z,https://pharmacy.vic.gov.au/register-search/,Direct Chemist Outlet - Hampton Park Medical,Cnr Fordholm Road & Stuart Avenue,Hampton Park,VIC,3976,"Cnr Fordholm Road & Stuart Avenue, Hampton Park VIC 3976",30/06/2027,Active,Standard registration conditions,Mina Shahat,30/06/2027,Active,Standard licence condition
vpa_public_register,2026-07-29T13:34:38.613Z,https://pharmacy.vic.gov.au/register-search/,Direct Chemist Outlet - Hampton Park Medical,Cnr Fordholm Road & Stuart Avenue,Hampton Park,VIC,3976,"Cnr Fordholm Road & Stuart Avenue, Hampton Park VIC 3976",30/06/2027,Active,Standard registration conditions,Rany Morcos,30/06/2027,Active,Standard licence condition
vpa_public_register,2026-07-29T13:34:38.613Z,https://pharmacy.vic.gov.au/register-search/,Direct Chemist Outlet - Hampton Park Medical,Cnr Fordholm Road & Stuart Avenue,Hampton Park,VIC,3976,"Cnr Fordholm Road & Stuart Avenue, Hampton Park VIC 3976",30/06/2027,Active,Standard registration conditions,Youssef Demian,30/06/2027,Active,Standard licence condition
vpa_public_register,2026-07-29T13:34:38.613Z,https://pharmacy.vic.gov.au/register-search/,Direct Chemist Outlet Hampton Park Central,"Shop 48/49, Hampton Park Shopping Square, Somerville Road",Hampton Park,VIC,3976,"Shop 48/49, Hampton Park Shopping Square, Somerville Road, Hampton Park VIC 3976",30/06/2027,Active,Standard registration conditions,Catherine Kamel,30/06/2027,Active,Standard licence condition
vpa_public_register,2026-07-29T13:34:38.613Z,https://pharmacy.vic.gov.au/register-search/,Direct Chemist Outlet Hampton Park Central,"Shop 48/49, Hampton Park Shopping Square, Somerville Road",Hampton Park,VIC,3976,"Shop 48/49, Hampton Park Shopping Square, Somerville Road, Hampton Park VIC 3976",30/06/2027,Active,Standard registration conditions,Mina Boutros,30/06/2027,Active,Standard licence condition
vpa_public_register,2026-07-29T13:34:38.613Z,https://pharmacy.vic.gov.au/register-search/,Direct Chemist Outlet Hampton Park Central,"Shop 48/49, Hampton Park Shopping Square, Somerville Road",Hampton Park,VIC,3976,"Shop 48/49, Hampton Park Shopping Square, Somerville Road, Hampton Park VIC 3976",30/06/2027,Active,Standard registration conditions,Mina Shahat,30/06/2027,Active,Standard licence condition
vpa_public_register,2026-07-29T13:34:38.613Z,https://pharmacy.vic.gov.au/register-search/,Direct Chemist Outlet Hampton Park Central,"Shop 48/49, Hampton Park Shopping Square, Somerville Road",Hampton Park,VIC,3976,"Shop 48/49, Hampton Park Shopping Square, Somerville Road, Hampton Park VIC 3976",30/06/2027,Active,Standard registration conditions,Youssef Demian,30/06/2027,Active,Standard licence condition
vpa_public_register,2026-07-29T13:34:38.613Z,https://pharmacy.vic.gov.au/register-search/,Blooms The Chemist Cranbourne,"Shop SP123, Cranbourne Park Shopping Centre, High Street",CRANBOURNE,VIC,3977,"Shop SP123, Cranbourne Park Shopping Centre, High Street, CRANBOURNE VIC 3977",30/06/2027,Active,Standard registration conditions,JEG Pharma Holdings Pty Ltd,30/06/2027,Active,Standard licence condition
vpa_public_register,2026-07-29T13:34:38.613Z,https://pharmacy.vic.gov.au/register-search/,Blooms The Chemist Cranbourne,"Shop SP123, Cranbourne Park Shopping Centre, High Street",CRANBOURNE,VIC,3977,"Shop SP123, Cranbourne Park Shopping Centre, High Street, CRANBOURNE VIC 3977",30/06/2027,Active,Standard registration conditions,Sidgreaves Pharmacy (Cranbourne) Pty Ltd,30/06/2027,Active,Standard licence condition
vpa_public_register,2026-07-29T13:34:38.613Z,https://pharmacy.vic.gov.au/register-search/,Chemist Warehouse Cranbourne Home Co,"Shop T13, HomeCo Cranbourne, 398 South Gippsland Highway",Cranbourne,VIC,3977,"Shop T13, HomeCo Cranbourne, 398 South Gippsland Highway, Cranbourne VIC 3977",30/06/2027,Active,Standard registration conditions,Pharmacy O2526 Pty Ltd,30/06/2027,Active,Standard licence condition
vpa_public_register,2026-07-29T13:34:38.613Z,https://pharmacy.vic.gov.au/register-search/,Chemist Warehouse Cranbourne North,180S William Thwaites Boulevard,CRANBOURNE NORTH,VIC,3977,"180S William Thwaites Boulevard, CRANBOURNE NORTH VIC 3977",30/06/2027,Active,Standard registration conditions,Patricia Colasante Pharmacies Pty Ltd,30/06/2027,Active,Standard licence condition
vpa_public_register,2026-07-29T13:34:38.613Z,https://pharmacy.vic.gov.au/register-search/,Chemist Warehouse Cranbourne North,180S William Thwaites Boulevard,CRANBOURNE NORTH,VIC,3977,"180S William Thwaites Boulevard, CRANBOURNE NORTH VIC 3977",30/06/2027,Active,Standard registration conditions,Varun Sarpal,30/06/2027,Active,Standard licence condition
vpa_public_register,2026-07-29T13:34:38.613Z,https://pharmacy.vic.gov.au/register-search/,Chemist Warehouse Cranbourne Park,"Shop SP033, Cranbourne Park, High Street",Cranbourne,VIC,3977,"Shop SP033, Cranbourne Park, High Street, Cranbourne VIC 3977",30/06/2027,Active,Standard registration conditions,Pharmacy O2332 Pty Ltd,30/06/2027,Active,Standard licence condition
vpa_public_register,2026-07-29T13:34:38.613Z,https://pharmacy.vic.gov.au/register-search/,Chemist Warehouse Cranbourne Springhill Shopping Centre,"Shop 12 & 13, Springhill Shopping Centre, Corner Springhill Drive & Thompsons Road",Cranbourne,VIC,3977,"Shop 12 & 13, Springhill Shopping Centre, Corner Springhill Drive & Thompsons Road, Cranbourne VIC 3977",30/06/2027,Active,Standard registration conditions,Emma Nguyen,30/06/2027,Active,Standard licence condition
vpa_public_register,2026-07-29T13:34:38.613Z,https://pharmacy.vic.gov.au/register-search/,Chemist Warehouse Cranbourne Springhill Shopping Centre,"Shop 12 & 13, Springhill Shopping Centre, Corner Springhill Drive & Thompsons Road",Cranbourne,VIC,3977,"Shop 12 & 13, Springhill Shopping Centre, Corner Springhill Drive & Thompsons Road, Cranbourne VIC 3977",30/06/2027,Active,Standard registration conditions,Patricia Colasante Pharmacies Pty Ltd,30/06/2027,Active,Standard licence condition
vpa_public_register,2026-07-29T13:34:38.613Z,https://pharmacy.vic.gov.au/register-search/,Chemist Warehouse Cranbourne Springhill Shopping Centre,"Shop 12 & 13, Springhill Shopping Centre, Corner Springhill Drive & Thompsons Road",Cranbourne,VIC,3977,"Shop 12 & 13, Springhill Shopping Centre, Corner Springhill Drive & Thompsons Road, Cranbourne VIC 3977",30/06/2027,Active,Standard registration conditions,Pola Michail,30/06/2027,Active,Standard licence condition
vpa_public_register,2026-07-29T13:34:38.613Z,https://pharmacy.vic.gov.au/register-search/,Chemist Warehouse Eve Central Shopping Centre,"Shop 11, Eve Central Shopping Centre, 2 - 10 William Thwaites Blvd",Cranbourne North,VIC,3977,"Shop 11, Eve Central Shopping Centre, 2 - 10 William Thwaites Blvd, Cranbourne North VIC 3977",30/06/2027,Active,Standard registration conditions,Fady Sharaby,30/06/2027,Active,Standard licence condition
vpa_public_register,2026-07-29T13:34:38.613Z,https://pharmacy.vic.gov.au/register-search/,Chemist Warehouse Eve Central Shopping Centre,"Shop 11, Eve Central Shopping Centre, 2 - 10 William Thwaites Blvd",Cranbourne North,VIC,3977,"Shop 11, Eve Central Shopping Centre, 2 - 10 William Thwaites Blvd, Cranbourne North VIC 3977",30/06/2027,Active,Standard registration conditions,Sunil Narula,30/06/2027,Active,Standard licence condition
vpa_public_register,2026-07-29T13:34:38.613Z,https://pharmacy.vic.gov.au/register-search/,Cranbourne Community Hospital Pharmacy Department (Monash Health),6 Lehman Lane,Cranbourne East,VIC,3977,"6 Lehman Lane, Cranbourne East VIC 3977",30/06/2027,Active,,MONASH HEALTH,30/06/2027,Active,Standard licence condition
vpa_public_register,2026-07-29T13:34:38.613Z,https://pharmacy.vic.gov.au/register-search/,Cranbourne Community Pharmacy,"Tenancy 1, 32 - 36 Remount Way",CRANBOURNE WEST,VIC,3977,"Tenancy 1, 32 - 36 Remount Way, CRANBOURNE WEST VIC 3977",30/06/2027,Active,Standard registration conditions,Cranbourne Community Pharmacy Pty Ltd,30/06/2027,Active,Standard licence condition
vpa_public_register,2026-07-29T13:34:38.613Z,https://pharmacy.vic.gov.au/register-search/,Cranbourne Pharmacy,197 High Street,Cranbourne,VIC,3977,"197 High Street, Cranbourne VIC 3977",30/06/2027,Active,Standard registration conditions,Casey Cranbourne Pharmacy Pty Ltd,30/06/2027,Active,Standard licence condition
vpa_public_register,2026-07-29T13:34:38.613Z,https://pharmacy.vic.gov.au/register-search/,Direct Chemist Outlet - Clarinda Village,"Tenancy T11, 85 Everlasting Boulevard",CRANBOURNE WEST,VIC,3977,"Tenancy T11, 85 Everlasting Boulevard, CRANBOURNE WEST VIC 3977",30/06/2027,Active,Standard registration conditions,PCY CRAN Pty Ltd,30/06/2027,Active,Standard licence condition
vpa_public_register,2026-07-29T13:34:38.613Z,https://pharmacy.vic.gov.au/register-search/,Direct Chemist Outlet Cranbourne West,"Part of Shop S14, Cranbourne West Shopping Centre, 765S Hall Road",CRANBOURNE WEST,VIC,3977,"Part of Shop S14, Cranbourne West Shopping Centre, 765S Hall Road, CRANBOURNE WEST VIC 3977",30/06/2027,Active,Standard registration conditions,Evans Rd Chemist Pty Ltd,30/06/2027,Active,Standard licence condition
vpa_public_register,2026-07-29T13:34:38.613Z,https://pharmacy.vic.gov.au/register-search/,Gunn & McConville Pharmacy Cranbourne,2 / 106 Camms Road,CRANBOURNE,VIC,3977,"2 / 106 Camms Road, CRANBOURNE VIC 3977",30/06/2027,Active,Standard registration conditions,Gunn & McConville Cranbourne Pty Ltd,30/06/2027,Active,Standard licence condition
vpa_public_register,2026-07-29T13:34:38.613Z,https://pharmacy.vic.gov.au/register-search/,Hunt Club Discount Drug Store,"Shop R17, Hunt Club Village Shopping Centre, 1A Linsell Boulevard",CRANBOURNE EAST,VIC,3977,"Shop R17, Hunt Club Village Shopping Centre, 1A Linsell Boulevard, CRANBOURNE EAST VIC 3977",30/06/2027,Active,Standard registration conditions,Chisnic Investments Pty Ltd,30/06/2027,Active,Standard licence condition
vpa_public_register,2026-07-29T13:34:38.613Z,https://pharmacy.vic.gov.au/register-search/,Hunt Club Discount Drug Store,"Shop R17, Hunt Club Village Shopping Centre, 1A Linsell Boulevard",CRANBOURNE EAST,VIC,3977,"Shop R17, Hunt Club Village Shopping Centre, 1A Linsell Boulevard, CRANBOURNE EAST VIC 3977",30/06/2027,Active,Standard registration conditions,Cranbourne Clark Pharmacy Pty Ltd,30/06/2027,Active,Standard licence condition
vpa_public_register,2026-07-29T13:34:38.613Z,https://pharmacy.vic.gov.au/register-search/,Hunt Club Discount Drug Store,"Shop R17, Hunt Club Village Shopping Centre, 1A Linsell Boulevard",CRANBOURNE EAST,VIC,3977,"Shop R17, Hunt Club Village Shopping Centre, 1A Linsell Boulevard, CRANBOURNE EAST VIC 3977",30/06/2027,Active,Standard registration conditions,KM Pharmaceuticals Pty Ltd,30/06/2027,Active,Standard licence condition
vpa_public_register,2026-07-29T13:34:38.613Z,https://pharmacy.vic.gov.au/register-search/,Lifecare Compounding Pharmacy,8/1-3 Universal Way,CRANBOURNE WEST,VIC,3977,"8/1-3 Universal Way, CRANBOURNE WEST VIC 3977",30/06/2027,Active,Standard registration conditions,Ai Suan Tan,30/06/2027,Active,Standard licence condition
vpa_public_register,2026-07-29T13:34:38.613Z,https://pharmacy.vic.gov.au/register-search/,Lifecare Compounding Pharmacy,8/1-3 Universal Way,CRANBOURNE WEST,VIC,3977,"8/1-3 Universal Way, CRANBOURNE WEST VIC 3977",30/06/2027,Active,Standard registration conditions,Suet Mei Chia,30/06/2027,Active,Standard licence condition
vpa_public_register,2026-07-29T13:34:38.613Z,https://pharmacy.vic.gov.au/register-search/,PARK AVENUE PHARMACY,Part 3 - 7 Kingdom Drive,Cranbourne,VIC,3977,"Part 3 - 7 Kingdom Drive, Cranbourne VIC 3977",30/06/2027,Active,Standard registration conditions,Marisa Global Pty Ltd,30/06/2027,Active,Standard licence condition
vpa_public_register,2026-07-29T13:34:38.613Z,https://pharmacy.vic.gov.au/register-search/,Pharmacy 4 Less Cranbourne Central,71-73 High Street,Cranbourne,VIC,3977,"71-73 High Street, Cranbourne VIC 3977",30/06/2027,Active,Standard registration conditions,Moudy Pty Ltd,30/06/2027,Active,Standard licence condition
vpa_public_register,2026-07-29T13:34:38.613Z,https://pharmacy.vic.gov.au/register-search/,PRICELINE PHARMACY THOMPSON PARKWAY,"Shop 13, Thompson Parkway S/C, Cnr South Gippsland High & Thompson Road",Cranbourne North,VIC,3977,"Shop 13, Thompson Parkway S/C, Cnr South Gippsland High & Thompson Road, Cranbourne North VIC 3977",30/06/2027,Active,Standard registration conditions,PPTP Health Pty Ltd,30/06/2027,Active,Standard licence condition
vpa_public_register,2026-07-29T13:34:38.613Z,https://pharmacy.vic.gov.au/register-search/,Sandhurst Pharmacy,3 Pearl Crt,CRANBOURNE WEST,VIC,3977,"3 Pearl Crt, CRANBOURNE WEST VIC 3977",30/06/2027,Active,Standard registration conditions,Bassem Malak,30/06/2027,Active,Standard licence condition
vpa_public_register,2026-07-29T13:34:38.613Z,https://pharmacy.vic.gov.au/register-search/,Sandhurst Pharmacy,3 Pearl Crt,CRANBOURNE WEST,VIC,3977,"3 Pearl Crt, CRANBOURNE WEST VIC 3977",30/06/2027,Active,Standard registration conditions,Theo Messinis,30/06/2027,Active,Standard licence condition
vpa_public_register,2026-07-29T13:34:38.613Z,https://pharmacy.vic.gov.au/register-search/,TerryWhite Chemmart Cranbourne,"Shop 3, 41 - 45 South Gippsland Highway",Cranbourne,VIC,3977,"Shop 3, 41 - 45 South Gippsland Highway, Cranbourne VIC 3977",30/06/2027,Active,Standard registration conditions,Om Pharmaceuticals Pty Ltd,30/06/2027,Active,Standard licence condition
vpa_public_register,2026-07-29T13:34:38.613Z,https://pharmacy.vic.gov.au/register-search/,Tom Lane Pharmacy Botanic Ridge,"T06, 10 Hummingbird Drive",BOTANIC RIDGE,VIC,3977,"T06, 10 Hummingbird Drive, BOTANIC RIDGE VIC 3977",30/06/2027,Active,Standard registration conditions,Joshua Ling,30/06/2027,Active,Standard licence condition
vpa_public_register,2026-07-29T13:34:38.613Z,https://pharmacy.vic.gov.au/register-search/,Tom Lane Pharmacy Botanic Ridge,"T06, 10 Hummingbird Drive",BOTANIC RIDGE,VIC,3977,"T06, 10 Hummingbird Drive, BOTANIC RIDGE VIC 3977",30/06/2027,Active,Standard registration conditions,Ting Zhang Shi,30/06/2027,Active,Standard licence condition
vpa_public_register,2026-07-29T13:34:38.613Z,https://pharmacy.vic.gov.au/register-search/,Direct Chemist Outlet Ramlegh Springs,Shop 11/50 Ramlegh Boulevard,Clyde North,VIC,3978,"Shop 11/50 Ramlegh Boulevard, Clyde North VIC 3978",30/06/2027,Active,Standard registration conditions,Irene Vergos,30/06/2027,Active,Standard licence condition
vpa_public_register,2026-07-29T13:34:38.613Z,https://pharmacy.vic.gov.au/register-search/,Direct Chemist Outlet Ramlegh Springs,Shop 11/50 Ramlegh Boulevard,Clyde North,VIC,3978,"Shop 11/50 Ramlegh Boulevard, Clyde North VIC 3978",30/06/2027,Active,Standard registration conditions,Zoran Rojkovski,30/06/2027,Active,Standard licence condition
vpa_public_register,2026-07-29T13:34:38.613Z,https://pharmacy.vic.gov.au/register-search/,Pharmacy 4 Less Clyde North,"Shop 6, Selandra Rise Shopping Centre, Corner Linsell & Selandra Blvd",CLYDE NORTH,VIC,3978,"Shop 6, Selandra Rise Shopping Centre, Corner Linsell & Selandra Blvd, CLYDE NORTH VIC 3978",30/06/2027,Active,Standard registration conditions,Chin Lau,30/06/2027,Active,Standard licence condition
vpa_public_register,2026-07-29T13:34:38.613Z,https://pharmacy.vic.gov.au/register-search/,Pharmacy 4 Less Clyde North,"Shop 6, Selandra Rise Shopping Centre, Corner Linsell & Selandra Blvd",CLYDE NORTH,VIC,3978,"Shop 6, Selandra Rise Shopping Centre, Corner Linsell & Selandra Blvd, CLYDE NORTH VIC 3978",30/06/2027,Active,Standard registration conditions,Kar Quek,30/06/2027,Active,Standard licence condition
vpa_public_register,2026-07-29T13:34:38.613Z,https://pharmacy.vic.gov.au/register-search/,Pharmacy 4 Less Clyde North,"Shop 6, Selandra Rise Shopping Centre, Corner Linsell & Selandra Blvd",CLYDE NORTH,VIC,3978,"Shop 6, Selandra Rise Shopping Centre, Corner Linsell & Selandra Blvd, CLYDE NORTH VIC 3978",30/06/2027,Active,Standard registration conditions,Yih Cherng Yap,30/06/2027,Active,Standard licence condition
vpa_public_register,2026-07-29T13:34:38.613Z,https://pharmacy.vic.gov.au/register-search/,Pharmacy on Clyde,"T 12 / Shopping on Clyde, 280 Berwick-Cranbourne Road",CLYDE,VIC,3978,"T 12 / Shopping on Clyde, 280 Berwick-Cranbourne Road, CLYDE VIC 3978",30/06/2027,Active,Standard registration conditions,Anthony Tassone,30/06/2027,Active,Standard licence condition
vpa_public_register,2026-07-29T13:34:38.613Z,https://pharmacy.vic.gov.au/register-search/,Pharmacy on Clyde,"T 12 / Shopping on Clyde, 280 Berwick-Cranbourne Road",CLYDE,VIC,3978,"T 12 / Shopping on Clyde, 280 Berwick-Cranbourne Road, CLYDE VIC 3978",30/06/2027,Active,Standard registration conditions,Carolyn Wynen,30/06/2027,Active,Standard licence condition
vpa_public_register,2026-07-29T13:34:38.613Z,https://pharmacy.vic.gov.au/register-search/,Pharmacy on Clyde,"T 12 / Shopping on Clyde, 280 Berwick-Cranbourne Road",CLYDE,VIC,3978,"T 12 / Shopping on Clyde, 280 Berwick-Cranbourne Road, CLYDE VIC 3978",30/06/2027,Active,Standard registration conditions,Lynette Calabrese,30/06/2027,Active,Standard licence condition
vpa_public_register,2026-07-29T13:34:38.613Z,https://pharmacy.vic.gov.au/register-search/,Pharmacy on Clyde,"T 12 / Shopping on Clyde, 280 Berwick-Cranbourne Road",CLYDE,VIC,3978,"T 12 / Shopping on Clyde, 280 Berwick-Cranbourne Road, CLYDE VIC 3978",30/06/2027,Active,Standard registration conditions,Zoltan Toskov,30/06/2027,Active,Standard licence condition
vpa_public_register,2026-07-29T13:34:38.613Z,https://pharmacy.vic.gov.au/register-search/,Priceline Pharmacy Clyde North,"Tenancy 5, St Germain Central, 21 St Germain Blvd",Clyde North,VIC,3978,"Tenancy 5, St Germain Central, 21 St Germain Blvd, Clyde North VIC 3978",30/06/2027,Active,Standard registration conditions,PCY STG Pty Ltd,30/06/2027,Active,Standard licence condition
vpa_public_register,2026-07-29T13:34:38.613Z,https://pharmacy.vic.gov.au/register-search/,TerryWhite Chemmart Waterside Centre,"Part of Ground Floor, 800 Berwick-Cranbourne Road",Clyde North,VIC,3978,"Part of Ground Floor, 800 Berwick-Cranbourne Road, Clyde North VIC 3978",30/06/2027,Active,Standard registration conditions,Betty Karalis,30/06/2027,Active,Standard licence condition
vpa_public_register,2026-07-29T13:34:38.613Z,https://pharmacy.vic.gov.au/register-search/,TerryWhite Chemmart Waterside Centre,"Part of Ground Floor, 800 Berwick-Cranbourne Road",Clyde North,VIC,3978,"Part of Ground Floor, 800 Berwick-Cranbourne Road, Clyde North VIC 3978",30/06/2027,Active,Standard registration conditions,Bhavita Patel,30/06/2027,Active,Standard licence condition
vpa_public_register,2026-07-29T13:34:38.613Z,https://pharmacy.vic.gov.au/register-search/,TOORADIN PHARMACY,"Shop 3, 106 South Gippsland Highway",Tooradin,VIC,3980,"Shop 3, 106 South Gippsland Highway, Tooradin VIC 3980",30/06/2027,Active,Standard registration conditions,Brendan Green,30/06/2027,Active,Standard licence condition
vpa_public_register,2026-07-29T13:34:38.613Z,https://pharmacy.vic.gov.au/register-search/,TOORADIN PHARMACY,"Shop 3, 106 South Gippsland Highway",Tooradin,VIC,3980,"Shop 3, 106 South Gippsland Highway, Tooradin VIC 3980",30/06/2027,Active,Standard registration conditions,John Traynor,30/06/2027,Active,Standard licence condition
vpa_public_register,2026-07-29T13:34:38.613Z,https://pharmacy.vic.gov.au/register-search/,Direct Chemist Outlet - Koo Wee Rup,"Shop No 1, Station Street Central, Part 29-65 Station Street",KOO WEE RUP,VIC,3981,"Shop No 1, Station Street Central, Part 29-65 Station Street, KOO WEE RUP VIC 3981",30/06/2027,Active,Standard registration conditions,Jowana El-Dalil,30/06/2027,Active,Standard licence condition
vpa_public_register,2026-07-29T13:34:38.613Z,https://pharmacy.vic.gov.au/register-search/,Direct Chemist Outlet - Koo Wee Rup,"Shop No 1, Station Street Central, Part 29-65 Station Street",KOO WEE RUP,VIC,3981,"Shop No 1, Station Street Central, Part 29-65 Station Street, KOO WEE RUP VIC 3981",30/06/2027,Active,Standard registration conditions,KOO WEE RUP PHARMACY PTY LTD,30/06/2027,Active,Standard licence condition
vpa_public_register,2026-07-29T13:34:38.613Z,https://pharmacy.vic.gov.au/register-search/,Direct Chemist Outlet - Koo Wee Rup,"Shop No 1, Station Street Central, Part 29-65 Station Street",KOO WEE RUP,VIC,3981,"Shop No 1, Station Street Central, Part 29-65 Station Street, KOO WEE RUP VIC 3981",30/06/2027,Active,Standard registration conditions,Maro Georges,30/06/2027,Active,Standard licence condition
vpa_public_register,2026-07-29T13:34:38.613Z,https://pharmacy.vic.gov.au/register-search/,Koo Wee Rup Discount Pharmacy,"Shop 10, 14 Station Street",Koo Wee Rup,VIC,3981,"Shop 10, 14 Station Street, Koo Wee Rup VIC 3981",30/06/2027,Active,Standard registration conditions,Umats Enterprises Pty Ltd,30/06/2027,Active,Standard licence condition
vpa_public_register,2026-07-29T13:34:38.613Z,https://pharmacy.vic.gov.au/register-search/,Coronet Bay Pharmacy,1 - 37 Champ Elysees Esplanade,Coronet Bay,VIC,3984,"1 - 37 Champ Elysees Esplanade, Coronet Bay VIC 3984",30/06/2027,Active,Standard registration conditions,Julian Daffy,30/06/2027,Active,Standard licence condition
vpa_public_register,2026-07-29T13:34:38.613Z,https://pharmacy.vic.gov.au/register-search/,Coronet Bay Pharmacy,1 - 37 Champ Elysees Esplanade,Coronet Bay,VIC,3984,"1 - 37 Champ Elysees Esplanade, Coronet Bay VIC 3984",30/06/2027,Active,Standard registration conditions,Paola Travaglini,30/06/2027,Active,Standard licence condition
vpa_public_register,2026-07-29T13:34:38.613Z,https://pharmacy.vic.gov.au/register-search/,Grantville Pharmacy,"Shop 1, 1503 Bass Hwy",Grantville,VIC,3984,"Shop 1, 1503 Bass Hwy, Grantville VIC 3984",30/06/2027,Active,Standard registration conditions,Julian Daffy,30/06/2027,Active,Standard licence condition
vpa_public_register,2026-07-29T13:34:38.613Z,https://pharmacy.vic.gov.au/register-search/,Grantville Pharmacy,"Shop 1, 1503 Bass Hwy",Grantville,VIC,3984,"Shop 1, 1503 Bass Hwy, Grantville VIC 3984",30/06/2027,Active,Standard registration conditions,Paola Travaglini,30/06/2027,Active,Standard licence condition
vpa_public_register,2026-07-29T13:34:38.613Z,https://pharmacy.vic.gov.au/register-search/,LANG LANG PHARMACY,"Shop 3, 14-16 Westernport Road",Lang Lang,VIC,3984,"Shop 3, 14-16 Westernport Road, Lang Lang VIC 3984",30/06/2027,Active,Standard registration conditions,T S Low Pty Ltd,30/06/2027,Active,Standard licence condition
vpa_public_register,2026-07-29T13:34:38.613Z,https://pharmacy.vic.gov.au/register-search/,Nyora Pharmacy,"Shop 1, 42-46 Davis Street",Nyora,VIC,3987,"Shop 1, 42-46 Davis Street, Nyora VIC 3987",30/06/2027,Active,Standard registration conditions,George Spyropoulos,30/06/2027,Active,Standard licence condition
vpa_public_register,2026-07-29T13:34:38.613Z,https://pharmacy.vic.gov.au/register-search/,Nyora Pharmacy,"Shop 1, 42-46 Davis Street",Nyora,VIC,3987,"Shop 1, 42-46 Davis Street, Nyora VIC 3987",30/06/2027,Active,Standard registration conditions,Ossama Shalabi,30/06/2027,Active,Standard licence condition
vpa_public_register,2026-07-29T13:34:38.613Z,https://pharmacy.vic.gov.au/register-search/,Wonthaggi Hospital Pharmacy Department,Graham Street,Wonthaggi,VIC,3995,"Graham Street, Wonthaggi VIC 3995",30/06/2027,Active,,Bayside Health,30/06/2027,Active,Standard licence condition
vpa_public_register,2026-07-29T13:34:38.613Z,https://pharmacy.vic.gov.au/register-search/,WONTHAGGI MINERS' FRIENDLY SOCIETY'S DISP,169 Graham Street,Wonthaggi,VIC,3995,"169 Graham Street, Wonthaggi VIC 3995",30/06/2027,Active,Standard registration conditions,WONTHAGGI MINERS' FRIENDLY SOCIETY'S DISPENSARY LTD,30/06/2027,Active,Standard licence condition
vpa_public_register,2026-07-29T13:34:38.613Z,https://pharmacy.vic.gov.au/register-search/,WONTHAGGI PHARMACY AND HEALTH HUB,"Shop 5 & 6, 158 Graham Street",Wonthaggi,VIC,3995,"Shop 5 & 6, 158 Graham Street, Wonthaggi VIC 3995",30/06/2027,Active,Standard registration conditions,Everett O'Keeffe,30/06/2027,Active,Standard licence condition
vpa_public_register,2026-07-29T13:34:38.613Z,https://pharmacy.vic.gov.au/register-search/,WONTHAGGI PHARMACY AND HEALTH HUB,"Shop 5 & 6, 158 Graham Street",Wonthaggi,VIC,3995,"Shop 5 & 6, 158 Graham Street, Wonthaggi VIC 3995",30/06/2027,Active,Standard registration conditions,Louise O'Keeffe,30/06/2027,Active,Standard licence condition
vpa_public_register,2026-07-29T13:34:38.613Z,https://pharmacy.vic.gov.au/register-search/,Terry White Chemmart Inverloch,Shop 1/12 A'Beckett Street,Inverloch,VIC,3996,"Shop 1/12 A'Beckett Street, Inverloch VIC 3996",30/06/2027,Active,Standard registration conditions,KWL Health Pty Ltd,30/06/2027,Active,Standard licence condition
